200 39260
0 1 45
0 2 45
0 3 135
0 4 45
0 5 135
0 6 135
0 7 45
0 8 135
0 9 135
0 10 135
0 11 135
0 12 135
0 13 45
0 14 135
0 15 45
0 16 45
0 17 135
0 18 45
0 19 135
0 20 135
0 21 135
0 22 135
0 23 45
0 24 45
0 25 45
0 26 45
0 27 135
0 28 135
0 29 45
0 30 135
0 31 45
0 32 135
0 33 45
0 34 135
0 35 45
0 36 135
0 37 45
0 38 45
0 39 45
0 40 135
0 41 135
0 42 45
0 43 135
0 44 135
0 45 45
0 46 135
0 47 45
0 48 135
0 49 135
0 50 135
0 51 135
0 52 45
0 53 45
0 54 135
0 55 135
0 56 135
0 57 135
0 58 45
0 59 135
0 60 135
0 61 45
0 62 135
0 64 135
0 65 135
0 66 45
0 67 45
0 68 135
0 69 45
0 70 135
0 71 135
0 72 135
0 73 45
0 74 135
0 75 135
0 76 45
0 77 135
0 78 45
0 79 135
0 80 135
0 81 45
0 82 135
0 83 45
0 84 135
0 85 45
0 86 45
0 87 45
0 88 45
0 89 45
0 90 45
0 91 135
0 92 135
0 93 135
0 94 45
0 95 135
0 96 45
0 97 135
0 98 135
0 99 135
0 100 45
0 101 135
0 102 45
0 103 45
0 105 135
0 106 135
0 107 45
0 108 135
0 109 45
0 110 45
0 111 45
0 112 135
0 113 45
0 115 45
0 116 135
0 117 135
0 118 135
0 119 45
0 120 135
0 121 135
0 122 135
0 123 135
0 124 45
0 125 135
0 126 135
0 127 45
0 128 135
0 129 45
0 130 135
0 131 135
0 132 135
0 133 45
0 134 135
0 135 45
0 136 135
0 137 45
0 138 45
0 139 135
0 140 45
0 141 135
0 142 135
0 143 45
0 144 45
0 145 135
0 146 135
0 147 135
0 148 45
0 149 135
0 150 45
0 151 135
0 152 45
0 153 45
0 154 45
0 155 135
0 156 135
0 157 45
0 158 45
0 159 135
0 160 135
0 161 135
0 162 45
0 163 45
0 164 45
0 165 45
0 166 45
0 167 135
0 168 45
0 169 45
0 170 45
0 171 135
0 172 135
0 173 45
0 174 45
0 175 45
0 176 45
0 177 45
0 178 135
0 179 135
0 180 135
0 181 135
0 182 45
0 183 45
0 184 135
0 185 45
0 186 135
0 187 45
0 188 45
0 189 135
0 190 135
0 191 135
0 192 135
0 193 45
0 194 135
0 195 45
0 196 45
0 197 135
0 198 135
0 199 45
1 0 135
1 5 135
1 6 135
1 7 135
1 8 45
1 9 45
1 10 45
1 11 45
1 12 45
1 13 45
1 14 45
1 15 45
1 16 135
1 17 45
1 18 135
1 19 135
1 20 135
1 21 45
1 22 45
1 23 135
1 24 135
1 25 45
1 26 45
1 27 45
1 28 45
1 29 135
1 30 45
1 31 135
1 32 45
1 33 45
1 34 45
1 35 45
1 36 135
1 37 135
1 38 45
1 39 135
1 40 135
1 41 135
1 42 135
1 43 45
1 44 45
1 45 135
1 46 135
1 47 45
1 48 135
1 49 45
1 50 135
1 51 135
1 52 45
1 53 135
1 54 135
1 55 45
1 56 45
1 57 45
1 58 135
1 59 135
1 60 135
1 61 135
1 62 45
1 63 135
1 64 135
1 65 135
1 66 45
1 67 135
1 68 45
1 69 135
1 70 45
1 71 135
1 72 135
1 73 45
1 74 135
1 75 135
1 76 135
1 77 135
1 78 135
1 79 45
1 80 45
1 81 135
1 82 45
1 83 45
1 85 45
1 86 135
1 87 135
1 88 135
1 89 45
1 90 45
1 91 135
1 92 135
1 93 45
1 94 45
1 95 45
1 96 45
1 97 135
1 98 135
1 99 135
1 100 135
1 101 45
1 102 45
1 103 45
1 104 45
1 105 45
1 106 135
1 107 135
1 108 45
1 109 45
1 110 45
1 111 45
1 112 135
1 113 135
1 114 135
1 115 135
1 116 135
1 117 135
1 118 135
1 119 135
1 120 135
1 121 45
1 122 45
1 123 135
1 124 135
1 125 45
1 126 45
1 127 45
1 128 135
1 129 45
1 130 135
1 131 45
1 132 135
1 133 135
1 134 45
1 135 45
1 136 45
1 137 135
1 138 135
1 139 135
1 140 135
1 141 135
1 142 135
1 143 45
1 144 45
1 145 135
1 146 135
1 147 135
1 148 45
1 150 45
1 151 135
1 153 135
1 154 45
1 155 135
1 156 135
1 157 135
1 158 45
1 160 45
1 161 135
1 162 135
1 163 45
1 164 135
1 165 135
1 166 45
1 167 135
1 168 45
1 169 135
1 170 135
1 171 45
1 172 45
1 173 135
1 174 135
1 175 135
1 176 135
1 177 45
1 178 135
1 179 45
1 180 45
1 181 45
1 182 45
1 183 45
1 184 45
1 185 135
1 186 135
1 187 45
1 188 135
1 189 45
1 190 135
1 191 135
1 192 135
1 193 45
1 194 45
1 195 45
1 196 135
1 197 45
1 198 135
1 199 45
2 0 135
2 1 135
2 2 135
2 3 45
2 4 135
2 6 45
2 7 45
2 8 135
2 9 45
2 10 135
2 11 135
2 12 45
2 13 135
2 14 45
2 15 45
2 16 45
2 17 135
2 18 135
2 19 45
2 20 45
2 21 135
2 22 45
2 23 45
2 24 45
2 25 135
2 26 45
2 27 135
2 28 45
2 29 45
2 30 45
2 31 45
2 32 45
2 33 45
2 34 135
2 35 135
2 36 135
2 37 135
2 38 135
2 39 45
2 40 45
2 41 45
2 42 135
2 43 45
2 44 45
2 45 135
2 46 135
2 47 45
2 48 135
2 49 135
2 50 45
2 51 135
2 52 135
2 54 135
2 55 45
2 56 135
2 57 45
2 58 135
2 59 45
2 60 135
2 61 45
2 62 45
2 63 135
2 64 45
2 65 45
2 66 135
2 67 135
2 68 135
2 69 135
2 70 135
2 71 45
2 72 45
2 73 45
2 74 135
2 75 135
2 76 135
2 77 135
2 78 135
2 79 135
2 80 135
2 81 45
2 82 135
2 83 135
2 84 135
2 85 135
2 86 45
2 87 135
2 88 135
2 89 135
2 90 45
2 91 45
2 92 45
2 93 135
2 94 135
2 95 45
2 96 135
2 97 45
2 98 135
2 99 45
2 100 45
2 101 45
2 102 135
2 103 45
2 104 135
2 105 45
2 106 45
2 107 135
2 108 45
2 109 135
2 110 45
2 111 135
2 112 45
2 113 135
2 114 135
2 115 135
2 116 135
2 117 45
2 118 135
2 119 45
2 120 45
2 121 135
2 122 45
2 123 45
2 124 45
2 125 45
2 126 45
2 127 135
2 128 45
2 129 45
2 130 45
2 131 45
2 132 45
2 133 45
2 135 135
2 136 45
2 137 45
2 138 135
2 139 45
2 140 135
2 141 45
2 142 135
2 143 135
2 144 45
2 145 45
2 146 135
2 147 135
2 148 135
2 149 45
2 150 45
2 151 135
2 152 45
2 153 45
2 154 45
2 155 135
2 156 45
2 157 135
2 158 135
2 159 45
2 160 135
2 161 135
2 162 135
2 163 45
2 164 45
2 165 135
2 166 45
2 167 45
2 168 45
2 169 45
2 170 135
2 171 45
2 172 45
2 173 45
2 174 45
2 175 135
2 176 135
2 177 45
2 178 135
2 179 135
2 180 135
2 181 135
2 182 45
2 183 135
2 184 135
2 185 45
2 186 45
2 187 135
2 188 45
2 189 45
2 190 135
2 191 45
2 192 45
2 193 135
2 194 45
2 195 45
2 196 45
2 197 45
2 199 45
3 0 135
3 1 135
3 2 135
3 3 45
3 4 135
3 5 135
3 9 135
3 10 45
3 11 45
3 12 135
3 13 45
3 14 135
3 15 135
3 16 45
3 17 135
3 18 135
3 19 135
3 20 45
3 21 135
3 22 135
3 23 45
3 24 45
3 25 135
3 26 135
3 27 135
3 28 45
3 29 45
3 30 135
3 31 45
3 32 135
3 33 135
3 34 135
3 35 45
3 36 135
3 37 45
3 38 135
3 39 135
3 40 45
3 41 135
3 42 45
3 43 45
3 44 135
3 45 135
3 46 135
3 47 135
3 48 45
3 49 45
3 50 45
3 51 45
3 52 45
3 53 45
3 54 45
3 55 135
3 56 45
3 57 45
3 58 135
3 59 45
3 60 135
3 61 135
3 62 45
3 63 135
3 64 45
3 66 135
3 67 135
3 68 45
3 69 135
3 70 135
3 71 135
3 72 45
3 73 45
3 74 135
3 75 45
3 76 45
3 77 45
3 78 135
3 79 45
3 80 45
3 81 135
3 82 135
3 83 45
3 84 135
3 85 45
3 86 45
3 87 45
3 88 135
3 89 135
3 90 135
3 91 135
3 92 45
3 93 135
3 94 45
3 95 45
3 96 135
3 97 135
3 98 45
3 99 135
3 100 135
3 101 135
3 102 45
3 103 45
3 104 135
3 105 135
3 106 45
3 107 45
3 108 135
3 109 45
3 110 45
3 111 45
3 112 135
3 113 45
3 114 45
3 115 45
3 116 135
3 117 135
3 118 135
3 119 135
3 120 45
3 121 45
3 122 45
3 123 45
3 124 45
3 125 45
3 126 45
3 127 135
3 128 135
3 129 135
3 130 45
3 131 135
3 132 45
3 133 45
3 134 135
3 135 45
3 136 45
3 137 45
3 138 135
3 139 135
3 140 135
3 141 45
3 142 135
3 143 135
3 144 45
3 145 135
3 146 135
3 147 135
3 148 45
3 149 45
3 150 45
3 151 45
3 152 45
3 153 135
3 154 135
3 155 135
3 156 45
3 157 135
3 158 135
3 159 135
3 160 135
3 161 135
3 162 45
3 163 45
3 164 45
3 165 45
3 166 45
3 167 45
3 168 135
3 169 135
3 170 45
3 171 45
3 172 45
3 173 135
3 174 45
3 175 45
3 176 45
3 177 135
3 178 135
3 179 135
3 180 45
3 181 45
3 182 135
3 183 45
3 184 135
3 185 135
3 186 45
3 187 135
3 188 45
3 189 45
3 190 135
3 191 45
3 192 45
3 193 135
3 194 45
3 195 45
3 196 135
3 197 45
3 198 45
3 199 45
4 0 45
4 1 135
4 2 135
4 3 135
4 4 45
4 5 45
4 6 135
4 7 135
4 8 45
4 9 135
4 13 135
4 14 45
4 15 45
4 16 45
4 17 45
4 18 135
4 19 45
4 20 45
4 21 45
4 22 135
4 23 135
4 24 45
4 25 45
4 26 45
4 27 45
4 28 45
4 29 135
4 30 45
4 31 135
4 32 45
4 33 45
4 34 135
4 35 45
4 36 45
4 37 135
4 38 135
4 39 45
4 40 135
4 41 135
4 42 45
4 43 135
4 44 45
4 45 135
4 46 45
4 47 135
4 48 135
4 49 135
4 50 135
4 51 45
4 52 45
4 53 45
4 54 135
4 55 45
4 56 135
4 57 135
4 58 45
4 59 135
4 60 45
4 61 135
4 62 45
4 63 135
4 64 135
4 65 135
4 66 45
4 67 135
4 68 135
4 70 135
4 71 135
4 72 135
4 73 45
4 74 135
4 75 135
4 76 45
4 77 45
4 78 45
4 79 45
4 80 135
4 81 45
4 82 135
4 83 135
4 84 45
4 85 45
4 86 135
4 87 45
4 88 135
4 89 45
4 90 45
4 91 45
4 92 45
4 93 45
4 94 135
4 95 45
4 96 45
4 97 45
4 98 45
4 99 45
4 100 135
4 101 45
4 102 135
4 103 45
4 104 45
4 105 135
4 106 135
4 107 135
4 108 135
4 109 135
4 110 45
4 111 45
4 112 135
4 113 135
4 114 45
4 115 45
4 116 135
4 117 135
4 118 45
4 119 135
4 120 45
4 121 135
4 122 45
4 123 45
4 124 135
4 125 45
4 126 45
4 127 135
4 128 135
4 129 45
4 130 45
4 131 135
4 132 45
4 133 45
4 134 135
4 135 135
4 136 135
4 137 45
4 138 45
4 139 45
4 141 135
4 142 45
4 143 135
4 144 45
4 145 135
4 146 45
4 147 135
4 148 135
4 149 45
4 150 135
4 151 135
4 152 135
4 153 135
4 154 135
4 155 45
4 156 135
4 157 135
4 158 135
4 159 135
4 160 45
4 161 45
4 162 45
4 163 135
4 164 135
4 165 45
4 166 45
4 167 135
4 168 45
4 169 135
4 170 135
4 171 135
4 172 45
4 173 45
4 174 45
4 175 45
4 176 45
4 177 45
4 178 45
4 179 45
4 180 45
4 181 45
4 182 135
4 183 45
4 184 45
4 185 45
4 186 45
4 187 135
4 188 45
4 189 135
4 190 135
4 191 45
4 192 135
4 193 135
4 194 135
4 195 135
4 196 135
4 197 135
4 198 135
4 199 45
5 0 45
5 1 135
5 2 45
5 3 135
5 4 45
5 5 135
5 6 45
5 7 135
5 8 135
5 9 135
5 10 45
5 11 45
5 13 45
5 14 45
5 15 135
5 16 45
5 17 135
5 18 135
5 19 135
5 20 45
5 21 45
5 22 135
5 23 45
5 24 45
5 25 45
5 26 135
5 27 45
5 28 45
5 29 135
5 30 45
5 31 45
5 32 135
5 33 45
5 34 135
5 35 135
5 36 45
5 37 45
5 38 135
5 39 135
5 40 135
5 41 45
5 42 135
5 43 45
5 44 135
5 45 45
5 46 135
5 47 45
5 48 45
5 49 45
5 50 45
5 51 45
5 52 135
5 53 135
5 54 45
5 55 135
5 56 135
5 57 45
5 58 45
5 59 45
5 60 45
5 61 45
5 62 135
5 63 45
5 64 45
5 65 45
5 66 45
5 67 45
5 68 135
5 69 135
5 70 45
5 71 135
5 72 45
5 73 135
5 74 135
5 75 45
5 76 135
5 77 45
5 78 135
5 79 135
5 80 45
5 81 135
5 82 135
5 83 135
5 84 135
5 85 135
5 86 135
5 87 135
5 88 135
5 89 135
5 90 135
5 91 135
5 92 45
5 93 45
5 95 135
5 96 135
5 97 45
5 98 135
5 99 45
5 100 135
5 101 135
5 102 45
5 103 45
5 104 45
5 105 45
5 106 135
5 107 45
5 108 45
5 109 45
5 110 135
5 111 45
5 112 135
5 113 135
5 114 135
5 115 135
5 116 135
5 117 135
5 118 45
5 119 45
5 120 135
5 121 45
5 122 135
5 123 135
5 124 45
5 125 45
5 126 135
5 127 45
5 128 45
5 129 45
5 130 135
5 131 135
5 132 135
5 133 45
5 135 135
5 136 135
5 137 135
5 138 45
5 139 135
5 140 135
5 141 135
5 142 135
5 143 135
5 144 45
5 145 135
5 146 135
5 147 135
5 148 45
5 149 135
5 150 135
5 151 45
5 152 135
5 153 135
5 154 135
5 155 45
5 156 45
5 157 45
5 158 45
5 159 45
5 160 45
5 161 45
5 162 135
5 163 135
5 164 45
5 165 135
5 166 45
5 167 135
5 168 45
5 169 45
5 170 135
5 171 45
5 172 135
5 173 45
5 174 135
5 175 45
5 176 135
5 177 135
5 178 135
5 179 45
5 180 45
5 181 45
5 182 45
5 183 135
5 184 45
5 185 135
5 186 135
5 187 45
5 188 135
5 189 135
5 190 45
5 191 45
5 192 45
5 193 45
5 194 135
5 195 135
5 196 45
5 197 45
5 198 135
5 199 45
6 0 45
6 1 135
6 2 135
6 3 45
6 4 135
6 5 135
6 6 135
6 7 135
6 8 135
6 9 45
6 10 135
6 12 135
6 13 135
6 14 45
6 15 45
6 16 45
6 17 135
6 18 135
6 19 45
6 20 135
6 21 45
6 22 45
6 23 135
6 24 135
6 25 45
6 26 135
6 27 135
6 28 135
6 29 135
6 30 45
6 31 45
6 32 45
6 33 135
6 34 135
6 35 45
6 36 135
6 37 135
6 38 45
6 39 135
6 40 135
6 41 45
6 42 135
6 43 135
6 44 45
6 45 135
6 46 45
6 47 135
6 48 45
6 49 135
6 50 135
6 51 135
6 53 135
6 54 45
6 55 135
6 56 45
6 57 135
6 58 135
6 59 135
6 60 135
6 61 135
6 62 135
6 63 135
6 64 135
6 65 45
6 66 45
6 67 135
6 68 45
6 69 45
6 70 135
6 71 135
6 72 135
6 73 135
6 74 45
6 75 45
6 76 45
6 77 135
6 78 135
6 79 135
6 80 45
6 81 135
6 82 45
6 83 45
6 84 45
6 85 45
6 86 135
6 87 45
6 88 45
6 89 45
6 90 45
6 91 135
6 92 135
6 93 45
6 94 135
6 95 45
6 96 45
6 97 135
6 98 135
6 99 135
6 100 135
6 101 45
6 102 135
6 103 45
6 104 135
6 105 45
6 106 45
6 107 135
6 108 135
6 109 45
6 110 135
6 111 135
6 112 135
6 113 135
6 114 135
6 115 135
6 116 45
6 117 45
6 118 45
6 119 135
6 120 45
6 121 135
6 122 45
6 123 135
6 124 135
6 125 135
6 126 45
6 127 135
6 128 45
6 129 135
6 130 45
6 131 45
6 132 135
6 133 45
6 134 135
6 135 45
6 136 135
6 137 45
6 138 135
6 139 45
6 140 135
6 141 135
6 142 135
6 143 135
6 144 45
6 145 135
6 146 135
6 147 45
6 148 45
6 149 135
6 150 45
6 151 45
6 152 45
6 153 45
6 154 45
6 155 135
6 156 135
6 157 45
6 158 135
6 159 135
6 160 45
6 161 45
6 162 135
6 163 45
6 164 135
6 165 45
6 166 45
6 167 45
6 168 135
6 169 45
6 170 135
6 171 45
6 172 135
6 173 45
6 174 135
6 175 45
6 176 135
6 177 45
6 178 135
6 179 135
6 180 135
6 181 135
6 182 45
6 183 135
6 184 135
6 185 135
6 186 45
6 187 135
6 188 45
6 189 45
6 190 45
6 191 135
6 192 135
6 194 135
6 195 135
6 196 45
6 197 135
6 198 45
6 199 45
7 0 135
7 1 45
7 2 45
7 3 45
7 4 135
7 5 45
7 6 135
7 7 45
7 8 45
7 9 135
7 10 135
7 12 135
7 13 135
7 14 45
7 15 45
7 16 45
7 17 135
7 19 45
7 20 45
7 21 135
7 22 45
7 23 135
7 24 45
7 25 45
7 26 135
7 27 45
7 28 45
7 29 135
7 30 135
7 31 45
7 32 135
7 33 135
7 34 45
7 35 45
7 36 135
7 37 135
7 38 45
7 39 135
7 40 45
7 41 135
7 42 135
7 43 135
7 44 45
7 45 135
7 46 135
7 47 135
7 48 45
7 49 135
7 50 45
7 51 45
7 52 45
7 53 45
7 54 45
7 55 135
7 56 45
7 57 45
7 58 135
7 59 135
7 60 45
7 61 45
7 62 45
7 63 135
7 64 45
7 65 45
7 66 45
7 67 135
7 68 135
7 69 45
7 70 135
7 71 45
7 72 135
7 73 135
7 74 45
7 75 135
7 76 45
7 77 45
7 78 135
7 79 135
7 80 135
7 81 135
7 82 45
7 83 45
7 84 135
7 85 45
7 86 45
7 87 45
7 88 45
7 89 135
7 90 45
7 91 45
7 92 135
7 93 45
7 94 135
7 95 135
7 96 135
7 97 45
7 98 45
7 99 135
7 100 135
7 101 135
7 102 45
7 103 45
7 104 135
7 105 45
7 106 135
7 107 45
7 108 45
7 109 135
7 110 135
7 111 45
7 112 45
7 113 135
7 115 135
7 116 45
7 117 135
7 118 45
7 119 45
7 120 135
7 121 135
7 122 135
7 123 45
7 124 135
7 125 135
7 126 135
7 127 45
7 128 135
7 129 45
7 130 135
7 131 45
7 132 135
7 133 45
7 134 45
7 135 45
7 136 45
7 137 45
7 138 135
7 139 135
7 140 45
7 141 45
7 142 45
7 143 135
7 144 135
7 145 45
7 146 45
7 147 45
7 148 135
7 149 135
7 150 135
7 151 45
7 152 135
7 153 135
7 154 45
7 155 135
7 156 135
7 157 45
7 158 135
7 159 45
7 160 45
7 161 135
7 162 45
7 163 135
7 164 135
7 165 45
7 166 135
7 167 45
7 168 135
7 169 45
7 170 135
7 171 135
7 172 45
7 173 45
7 174 45
7 175 135
7 176 45
7 177 135
7 178 135
7 179 135
7 180 45
7 181 45
7 182 135
7 183 45
7 184 135
7 185 135
7 186 45
7 187 45
7 188 45
7 189 45
7 190 135
7 191 135
7 192 45
7 193 45
7 194 135
7 195 135
7 196 45
7 197 135
7 198 135
7 199 135
8 0 45
8 1 135
8 2 45
8 3 135
8 4 45
8 5 45
8 6 135
8 7 135
8 8 45
8 9 135
8 10 45
8 12 135
8 13 135
8 14 135
8 15 45
8 16 135
8 17 135
8 18 45
8 19 135
8 20 45
8 21 45
8 22 45
8 23 135
8 24 45
8 25 45
8 26 135
8 27 135
8 28 45
8 29 135
8 30 135
8 31 135
8 32 45
8 34 135
8 35 135
8 36 45
8 37 135
8 38 135
8 39 45
8 40 45
8 41 135
8 42 135
8 43 45
8 44 45
8 45 45
8 46 45
8 47 135
8 48 45
8 49 45
8 50 45
8 51 45
8 52 135
8 53 135
8 54 45
8 55 45
8 56 135
8 57 135
8 58 45
8 59 45
8 60 45
8 61 135
8 62 45
8 63 135
8 64 135
8 65 45
8 66 45
8 67 135
8 68 45
8 69 45
8 70 45
8 71 135
8 72 45
8 73 45
8 74 135
8 75 135
8 76 45
8 77 135
8 78 135
8 79 135
8 80 135
8 81 45
8 82 135
8 83 45
8 84 45
8 85 135
8 86 45
8 87 45
8 88 135
8 89 45
8 90 45
8 91 135
8 92 45
8 93 45
8 94 45
8 95 45
8 96 135
8 97 45
8 98 135
8 99 45
8 100 135
8 101 135
8 102 45
8 103 135
8 104 135
8 105 45
8 106 135
8 107 45
8 108 45
8 109 135
8 110 135
8 111 135
8 112 135
8 113 135
8 114 45
8 115 135
8 116 45
8 117 45
8 118 45
8 119 45
8 120 45
8 121 45
8 122 45
8 123 135
8 124 45
8 125 135
8 126 45
8 127 135
8 128 135
8 129 45
8 130 135
8 131 45
8 132 45
8 133 135
8 134 135
8 135 135
8 136 135
8 137 135
8 138 135
8 139 135
8 140 45
8 141 45
8 142 135
8 143 135
8 144 45
8 145 135
8 146 45
8 147 135
8 148 135
8 149 45
8 150 45
8 151 135
8 152 135
8 153 45
8 154 135
8 155 135
8 156 135
8 157 135
8 158 135
8 159 135
8 160 135
8 161 45
8 162 135
8 163 135
8 164 135
8 165 45
8 166 135
8 167 135
8 168 45
8 169 135
8 170 45
8 171 45
8 172 45
8 173 135
8 174 135
8 175 45
8 176 135
8 177 45
8 178 45
8 179 135
8 180 135
8 181 135
8 182 45
8 183 135
8 184 135
8 185 135
8 186 135
8 187 135
8 188 45
8 189 45
8 190 135
8 191 45
8 192 135
8 193 45
8 194 135
8 195 45
8 196 135
8 197 135
8 198 135
8 199 135
9 0 135
9 1 135
9 2 45
9 3 135
9 4 45
9 5 45
9 6 135
9 7 135
9 8 135
9 9 135
9 10 45
9 12 135
9 13 45
9 14 45
9 15 45
9 16 45
9 17 45
9 18 45
9 19 45
9 20 135
9 21 45
9 22 45
9 23 45
9 24 45
9 25 135
9 26 135
9 27 135
9 28 135
9 29 135
9 30 135
9 31 45
9 32 135
9 33 45
9 34 135
9 35 135
9 36 45
9 37 45
9 39 45
9 40 135
9 41 135
9 43 45
9 44 45
9 45 45
9 46 135
9 47 45
9 48 45
9 49 45
9 50 135
9 51 135
9 52 135
9 53 135
9 54 45
9 55 135
9 56 135
9 57 135
9 58 45
9 59 135
9 60 45
9 61 45
9 62 135
9 63 135
9 64 135
9 65 135
9 66 45
9 67 45
9 68 45
9 69 45
9 70 45
9 71 45
9 72 45
9 73 45
9 74 45
9 75 45
9 76 135
9 77 45
9 78 45
9 79 135
9 80 45
9 81 45
9 82 45
9 83 45
9 84 45
9 85 135
9 86 45
9 87 135
9 88 45
9 89 135
9 90 45
9 91 135
9 92 135
9 93 135
9 94 135
9 95 45
9 96 135
9 97 135
9 98 135
9 99 45
9 100 135
9 101 135
9 102 45
9 103 135
9 104 135
9 106 135
9 107 135
9 108 135
9 109 135
9 110 45
9 111 45
9 112 135
9 113 135
9 114 135
9 115 135
9 116 135
9 117 45
9 118 135
9 119 135
9 120 135
9 121 45
9 122 135
9 123 45
9 124 135
9 125 45
9 126 45
9 127 135
9 128 45
9 129 135
9 130 45
9 131 135
9 132 45
9 133 45
9 134 45
9 135 45
9 136 135
9 137 45
9 139 45
9 140 135
9 141 135
9 142 45
9 143 135
9 144 45
9 145 135
9 146 45
9 147 135
9 148 135
9 149 135
9 150 135
9 151 45
9 152 45
9 153 45
9 154 45
9 155 45
9 156 45
9 157 135
9 158 45
9 159 135
9 160 45
9 161 45
9 162 45
9 163 45
9 164 135
9 165 45
9 166 135
9 167 135
9 168 45
9 169 135
9 170 135
9 171 45
9 172 135
9 173 45
9 174 135
9 175 135
9 176 45
9 177 45
9 178 45
9 179 45
9 180 135
9 181 45
9 182 135
9 183 135
9 184 135
9 185 45
9 186 45
9 187 45
9 188 45
9 189 45
9 190 45
9 191 135
9 192 45
9 193 135
9 195 45
9 196 45
9 197 45
9 198 135
9 199 45
10 0 135
10 1 45
10 2 45
10 3 45
10 4 45
10 5 135
10 6 45
10 7 45
10 8 135
10 9 135
10 10 45
10 12 45
10 13 45
10 14 45
10 15 45
10 16 45
10 17 135
10 18 135
10 19 45
10 20 135
10 21 135
10 22 45
10 23 135
10 24 45
10 25 135
10 26 45
10 27 135
10 28 135
10 29 135
10 30 45
10 31 135
10 32 135
10 33 45
10 34 135
10 35 45
10 36 135
10 37 135
10 38 45
10 39 45
10 40 135
10 41 45
10 42 135
10 43 135
10 44 135
10 46 135
10 47 45
10 48 45
10 49 45
10 50 135
10 51 45
10 52 45
10 53 135
10 54 135
10 55 135
10 56 135
10 57 45
10 58 135
10 59 135
10 60 135
10 61 135
10 62 135
10 63 135
10 64 135
10 65 45
10 66 45
10 67 45
10 68 45
10 69 135
10 71 45
10 72 45
10 73 45
10 74 135
10 75 135
10 76 135
10 77 45
10 78 45
10 79 135
10 80 135
10 81 45
10 82 45
10 83 45
10 84 135
10 85 135
10 86 45
10 87 135
10 88 135
10 89 45
10 90 135
10 91 135
10 92 135
10 93 135
10 94 135
10 95 135
10 96 45
10 97 45
10 98 45
10 99 45
10 100 45
10 101 135
10 103 45
10 104 45
10 105 135
10 106 45
10 107 45
10 108 135
10 110 135
10 111 135
10 112 45
10 113 45
10 114 135
10 115 135
10 116 45
10 117 135
10 118 135
10 119 135
10 120 45
10 121 135
10 122 135
10 123 135
10 124 135
10 125 135
10 126 135
10 127 135
10 128 45
10 129 135
10 130 45
10 131 135
10 132 135
10 133 135
10 134 135
10 135 135
10 136 135
10 137 135
10 138 45
10 139 135
10 140 45
10 141 135
10 142 45
10 144 45
10 145 45
10 146 135
10 147 135
10 148 45
10 149 45
10 150 45
10 151 45
10 152 135
10 153 45
10 154 135
10 155 135
10 156 45
10 157 45
10 158 135
10 159 135
10 160 135
10 161 45
10 162 135
10 163 135
10 164 45
10 165 45
10 166 45
10 167 45
10 168 45
10 169 135
10 170 45
10 172 135
10 173 45
10 174 45
10 175 135
10 176 135
10 177 45
10 178 45
10 179 45
10 181 45
10 182 45
10 183 135
10 184 45
10 185 135
10 186 45
10 187 45
10 188 45
10 189 45
10 190 135
10 191 45
10 192 135
10 193 45
10 194 135
10 195 45
10 196 45
10 197 45
10 198 135
10 199 135
11 0 45
11 1 135
11 2 45
11 4 135
11 5 45
11 6 135
11 7 45
11 8 45
11 9 135
11 10 45
11 12 135
11 13 135
11 14 45
11 15 45
11 16 45
11 17 135
11 18 45
11 19 45
11 20 45
11 21 45
11 22 45
11 23 135
11 24 135
11 25 45
11 26 135
11 27 135
11 28 45
11 29 45
11 30 45
11 31 135
11 32 45
11 33 135
11 34 45
11 35 45
11 36 135
11 37 45
11 38 135
11 39 135
11 40 135
11 41 135
11 42 135
11 43 135
11 44 135
11 45 135
11 46 135
11 47 135
11 48 135
11 49 45
11 50 45
11 51 135
11 52 135
11 53 45
11 54 135
11 55 45
11 56 45
11 57 135
11 58 135
11 59 45
11 60 45
11 61 45
11 62 45
11 63 135
11 64 135
11 65 135
11 66 135
11 67 45
11 68 45
11 69 135
11 70 45
11 71 135
11 72 135
11 73 135
11 74 135
11 75 45
11 76 135
11 77 135
11 78 45
11 79 135
11 80 135
11 81 45
11 82 135
11 83 45
11 84 45
11 85 45
11 86 135
11 87 135
11 88 135
11 89 135
11 90 45
11 91 135
11 92 45
11 93 135
11 94 135
11 95 135
11 96 45
11 97 45
11 98 45
11 99 45
11 100 45
11 101 135
11 102 45
11 103 45
11 104 45
11 105 45
11 106 135
11 107 45
11 108 135
11 109 135
11 110 45
11 111 135
11 112 135
11 113 45
11 114 45
11 115 45
11 116 45
11 117 45
11 118 135
11 119 45
11 120 135
11 121 135
11 122 135
11 123 135
11 124 135
11 125 45
11 126 45
11 127 45
11 128 135
11 129 135
11 130 45
11 131 45
11 132 45
11 133 45
11 134 45
11 135 45
11 136 45
11 137 135
11 138 45
11 139 45
11 140 135
11 141 135
11 142 135
11 143 45
11 144 45
11 145 135
11 146 135
11 147 45
11 148 45
11 149 45
11 150 135
11 151 135
11 152 45
11 153 135
11 154 45
11 155 135
11 156 45
11 157 135
11 158 135
11 159 135
11 160 135
11 161 45
11 162 135
11 163 45
11 164 45
11 165 45
11 166 135
11 167 45
11 168 135
11 169 135
11 170 135
11 171 45
11 172 45
11 173 45
11 175 135
11 176 45
11 177 135
11 178 45
11 179 135
11 180 45
11 181 45
11 182 135
11 183 135
11 184 45
11 185 45
11 186 45
11 187 135
11 188 45
11 189 45
11 190 45
11 191 135
11 192 135
11 193 135
11 194 45
11 195 135
11 196 45
11 197 45
11 198 135
11 199 135
12 0 45
12 1 45
12 3 135
12 4 135
12 5 45
12 6 45
12 7 135
12 8 45
12 9 135
12 10 135
12 12 45
12 13 45
12 14 135
12 15 45
12 16 45
12 17 135
12 18 45
12 19 135
12 20 135
12 21 45
12 23 135
12 24 135
12 25 45
12 26 135
12 27 135
12 28 45
12 29 135
12 30 135
12 31 45
12 32 135
12 33 45
12 34 45
12 35 45
12 37 135
12 38 135
12 39 45
12 40 135
12 41 45
12 42 45
12 43 135
12 44 135
12 45 45
12 46 45
12 47 45
12 48 135
12 49 45
12 50 45
12 51 45
12 52 45
12 53 135
12 54 45
12 55 135
12 56 135
12 57 135
12 58 135
12 59 45
12 60 45
12 61 45
12 62 135
12 63 45
12 64 45
12 65 135
12 66 135
12 67 135
12 68 45
12 69 135
12 70 45
12 71 135
12 72 45
12 73 135
12 74 45
12 75 45
12 76 135
12 77 135
12 78 45
12 79 45
12 80 45
12 81 45
12 82 135
12 83 135
12 84 45
12 85 45
12 86 45
12 87 135
12 88 135
12 89 45
12 90 45
12 91 45
12 92 45
12 93 135
12 94 45
12 95 45
12 96 45
12 97 135
12 98 45
12 99 45
12 100 45
12 101 45
12 102 135
12 103 135
12 104 135
12 105 45
12 106 45
12 107 45
12 108 45
12 109 135
12 110 135
12 111 135
12 112 135
12 113 135
12 114 135
12 115 135
12 116 135
12 117 135
12 118 135
12 119 135
12 120 45
12 121 45
12 122 135
12 123 45
12 124 135
12 125 45
12 126 135
12 127 135
12 128 45
12 129 135
12 130 135
12 131 45
12 132 45
12 133 45
12 134 135
12 135 135
12 136 45
12 137 45
12 138 45
12 139 135
12 140 45
12 141 45
12 142 135
12 143 135
12 144 135
12 145 45
12 146 135
12 147 135
12 148 45
12 149 45
12 150 45
12 151 135
12 152 135
12 153 135
12 154 45
12 155 45
12 156 45
12 157 135
12 158 45
12 159 45
12 160 135
12 161 45
12 162 45
12 163 45
12 164 45
12 165 45
12 166 135
12 167 45
12 168 45
12 169 135
12 170 135
12 171 135
12 172 45
12 173 135
12 175 135
12 176 135
12 177 45
12 178 135
12 179 135
12 180 45
12 181 135
12 182 135
12 183 45
12 184 135
12 185 45
12 186 135
12 187 45
12 188 45
12 189 45
12 190 45
12 191 135
12 192 135
12 193 45
12 194 135
12 195 45
12 196 135
12 197 45
12 198 135
13 0 45
13 1 135
13 2 135
13 3 135
13 4 135
13 5 45
13 6 135
13 7 135
13 8 45
13 9 45
13 10 45
13 12 135
13 13 45
13 14 45
13 15 135
13 16 135
13 17 45
13 18 45
13 19 135
13 20 45
13 21 135
13 22 45
13 23 135
13 24 45
13 25 45
13 26 135
13 27 45
13 28 45
13 29 45
13 30 45
13 31 45
13 32 135
13 33 45
13 34 45
13 35 45
13 36 45
13 37 45
13 38 45
13 39 45
13 40 135
13 41 45
13 42 135
13 43 45
13 44 135
13 45 45
13 46 135
13 47 45
13 48 135
13 49 45
13 50 135
13 51 135
13 52 45
13 53 135
13 54 45
13 55 45
13 56 45
13 57 135
13 58 45
13 59 45
13 60 45
13 61 45
13 62 45
13 63 135
13 64 45
13 65 135
13 66 135
13 67 135
13 68 135
13 69 135
13 70 45
13 71 135
13 72 45
13 73 135
13 74 135
13 75 45
13 76 45
13 77 135
13 78 135
13 79 45
13 80 45
13 81 135
13 82 135
13 83 135
13 84 45
13 85 45
13 86 45
13 87 45
13 88 45
13 89 45
13 90 45
13 91 45
13 92 45
13 93 45
13 94 45
13 95 45
13 96 135
13 97 135
13 98 45
13 99 135
13 100 135
13 101 135
13 102 45
13 103 45
13 104 135
13 105 135
13 106 45
13 107 135
13 108 45
13 109 135
13 110 135
13 111 135
13 112 135
13 113 135
13 114 45
13 115 45
13 116 45
13 117 45
13 118 135
13 119 45
13 120 45
13 121 135
13 122 135
13 123 135
13 124 45
13 125 135
13 126 135
13 127 45
13 128 135
13 129 135
13 130 135
13 131 45
13 132 135
13 133 135
13 134 135
13 135 135
13 136 135
13 137 135
13 138 135
13 139 135
13 140 135
13 141 45
13 142 135
13 143 45
13 144 45
13 145 135
13 146 135
13 147 135
13 148 45
13 149 135
13 150 135
13 151 135
13 152 45
13 153 135
13 154 45
13 155 45
13 156 135
13 157 45
13 158 135
13 159 45
13 160 135
13 161 45
13 162 135
13 163 45
13 164 45
13 165 135
13 166 135
13 167 135
13 168 135
13 169 135
13 170 45
13 171 45
13 172 45
13 173 45
13 174 45
13 175 45
13 176 135
13 177 135
13 178 135
13 179 135
13 180 135
13 181 45
13 182 45
13 183 135
13 184 135
13 185 135
13 186 135
13 187 135
13 188 45
13 189 45
13 190 135
13 191 45
13 192 135
13 193 135
13 194 135
13 195 135
13 196 135
13 197 135
13 198 135
13 199 45
14 0 135
14 1 135
14 2 45
14 3 135
14 4 135
14 5 135
14 6 135
14 7 45
14 8 45
14 9 45
14 12 135
14 13 135
14 14 135
14 15 135
14 16 45
14 17 45
14 18 135
14 19 45
14 20 45
14 21 45
14 22 135
14 23 45
14 24 135
14 25 135
14 26 45
14 27 135
14 28 135
14 29 135
14 30 45
14 31 135
14 32 135
14 33 45
14 34 135
14 35 45
14 36 45
14 37 45
14 38 45
14 39 135
14 40 135
14 41 135
14 42 45
14 43 45
14 45 45
14 46 45
14 47 45
14 48 135
14 49 135
14 50 135
14 51 135
14 52 45
14 53 135
14 54 45
14 55 135
14 56 45
14 57 135
14 58 135
14 59 45
14 60 45
14 61 135
14 62 135
14 63 45
14 64 135
14 65 135
14 66 135
14 67 45
14 68 45
14 69 135
14 70 45
14 71 135
14 72 135
14 73 135
14 74 45
14 75 45
14 76 135
14 77 135
14 78 45
14 79 135
14 80 45
14 81 135
14 82 135
14 83 45
14 84 45
14 85 45
14 86 45
14 87 45
14 88 135
14 89 135
14 90 135
14 91 135
14 92 45
14 93 45
14 94 45
14 95 45
14 96 45
14 97 135
14 98 135
14 99 135
14 100 45
14 101 45
14 102 45
14 103 45
14 104 135
14 105 45
14 106 45
14 107 135
14 108 45
14 109 135
14 110 45
14 111 135
14 112 45
14 113 45
14 114 135
14 115 45
14 116 45
14 117 45
14 118 45
14 119 135
14 120 135
14 121 135
14 122 135
14 123 45
14 124 135
14 125 135
14 126 45
14 127 135
14 128 135
14 129 135
14 130 45
14 131 45
14 132 135
14 133 135
14 134 45
14 135 45
14 136 135
14 137 135
14 138 135
14 139 135
14 140 45
14 141 45
14 142 45
14 143 45
14 144 45
14 145 45
14 146 45
14 147 135
14 148 45
14 149 135
14 150 45
14 151 135
14 152 135
14 153 135
14 154 135
14 155 135
14 156 45
14 157 135
14 158 135
14 159 45
14 160 135
14 161 45
14 162 45
14 163 135
14 164 45
14 165 45
14 166 45
14 167 135
14 168 135
14 169 135
14 170 135
14 171 135
14 172 135
14 173 45
14 174 135
14 175 45
14 177 45
14 178 135
14 179 135
14 180 45
14 181 135
14 182 135
14 183 45
14 184 45
14 185 135
14 186 45
14 187 45
14 188 45
14 189 45
14 190 135
14 191 135
14 192 135
14 193 45
14 194 45
14 195 135
14 196 45
14 197 45
14 199 45
15 0 45
15 1 135
15 2 45
15 3 135
15 4 135
15 5 135
15 6 135
15 7 135
15 8 135
15 9 135
15 10 45
15 12 45
15 13 135
15 14 45
15 15 45
15 16 135
15 17 135
15 18 45
15 19 135
15 20 135
15 21 135
15 22 135
15 23 135
15 24 135
15 25 135
15 26 135
15 27 135
15 28 135
15 29 45
15 30 135
15 31 135
15 32 45
15 33 135
15 34 135
15 35 135
15 36 135
15 37 45
15 38 135
15 39 45
15 40 135
15 41 135
15 42 135
15 43 135
15 44 135
15 45 135
15 46 45
15 47 135
15 48 45
15 49 45
15 50 135
15 51 135
15 52 45
15 53 135
15 54 45
15 55 45
15 56 135
15 57 135
15 58 135
15 59 135
15 60 135
15 61 45
15 62 135
15 63 45
15 64 135
15 65 135
15 66 45
15 67 45
15 68 135
15 69 135
15 70 45
15 71 135
15 72 45
15 73 45
15 74 45
15 75 135
15 76 45
15 77 135
15 78 45
15 79 135
15 80 45
15 81 45
15 82 135
15 83 135
15 84 135
15 85 135
15 86 135
15 87 135
15 88 135
15 89 45
15 90 45
15 91 135
15 92 45
15 93 45
15 94 45
15 95 45
15 96 135
15 97 135
15 98 135
15 99 135
15 100 45
15 101 45
15 102 135
15 103 45
15 104 135
15 105 45
15 106 45
15 107 135
15 108 45
15 109 45
15 110 45
15 111 45
15 112 45
15 113 45
15 114 45
15 115 45
15 116 135
15 117 135
15 118 135
15 119 135
15 120 45
15 121 45
15 122 135
15 123 45
15 124 45
15 125 135
15 126 135
15 127 135
15 128 45
15 129 135
15 130 135
15 131 135
15 132 135
15 133 135
15 134 45
15 135 45
15 136 135
15 137 45
15 138 135
15 139 135
15 140 135
15 141 45
15 142 45
15 143 135
15 144 135
15 145 45
15 146 45
15 147 45
15 148 135
15 149 45
15 150 45
15 151 45
15 152 135
15 153 135
15 154 45
15 155 135
15 156 135
15 157 135
15 158 135
15 159 45
15 160 135
15 161 45
15 162 135
15 163 45
15 164 45
15 165 135
15 166 135
15 167 135
15 168 135
15 169 135
15 170 135
15 171 135
15 172 135
15 173 45
15 174 45
15 175 135
15 176 45
15 177 45
15 178 135
15 179 135
15 180 135
15 181 45
15 182 45
15 183 135
15 184 135
15 185 45
15 186 135
15 187 45
15 188 45
15 189 135
15 190 45
15 191 135
15 192 135
15 193 45
15 194 45
15 195 135
15 196 135
15 197 135
15 198 45
15 199 45
16 0 45
16 1 135
16 2 135
16 3 45
16 4 45
16 5 135
16 6 135
16 7 45
16 8 45
16 9 135
16 10 135
16 12 135
16 13 135
16 14 45
16 15 45
16 16 45
16 17 135
16 18 135
16 19 135
16 20 135
16 21 45
16 22 45
16 23 135
16 24 45
16 25 45
16 26 135
16 27 135
16 28 135
16 29 45
16 30 45
16 31 45
16 32 45
16 33 135
16 34 45
16 35 135
16 36 45
16 37 135
16 38 135
16 39 45
16 40 135
16 41 45
16 42 135
16 43 45
16 44 45
16 45 45
16 46 135
16 47 135
16 48 45
16 49 135
16 50 45
16 51 135
16 52 135
16 53 135
16 54 135
16 55 135
16 56 135
16 57 135
16 58 45
16 59 45
16 60 45
16 61 45
16 62 45
16 63 135
16 64 45
16 65 45
16 66 135
16 67 135
16 68 135
16 69 135
16 70 45
16 71 135
16 72 135
16 73 135
16 74 135
16 75 45
16 77 135
16 78 135
16 79 45
16 80 45
16 81 135
16 82 45
16 83 135
16 84 45
16 85 135
16 86 45
16 87 135
16 88 45
16 89 45
16 90 45
16 91 135
16 92 45
16 93 45
16 94 135
16 95 135
16 97 45
16 98 45
16 99 135
16 100 135
16 101 135
16 103 135
16 104 135
16 105 45
16 106 45
16 107 45
16 108 45
16 109 45
16 110 45
16 111 45
16 112 135
16 113 45
16 114 135
16 115 45
16 116 45
16 117 135
16 118 45
16 119 135
16 120 135
16 121 135
16 122 135
16 123 45
16 124 135
16 125 135
16 126 45
16 127 135
16 128 135
16 129 135
16 130 45
16 131 135
16 132 135
16 133 135
16 134 135
16 135 45
16 136 45
16 137 45
16 138 45
16 139 45
16 140 135
16 141 45
16 142 135
16 143 135
16 144 45
16 145 135
16 146 135
16 147 45
16 148 135
16 149 135
16 150 135
16 151 135
16 152 135
16 153 135
16 154 45
16 155 135
16 156 45
16 157 45
16 158 135
16 159 45
16 160 45
16 161 135
16 162 45
16 163 135
16 164 135
16 165 135
16 166 135
16 167 45
16 168 45
16 170 135
16 171 45
16 173 135
16 174 45
16 175 45
16 176 45
16 177 135
16 178 135
16 179 135
16 180 45
16 181 45
16 182 45
16 183 45
16 184 135
16 185 45
16 186 135
16 187 135
16 188 45
16 189 45
16 190 135
16 191 135
16 192 45
16 193 45
16 194 135
16 195 135
16 196 45
16 197 135
16 198 45
16 199 135
17 0 135
17 1 45
17 2 135
17 3 135
17 4 45
17 5 45
17 6 45
17 7 45
17 8 45
17 9 45
17 10 45
17 11 135
17 16 135
17 17 135
17 18 135
17 19 45
17 20 45
17 21 45
17 22 135
17 23 45
17 24 45
17 25 135
17 26 135
17 27 45
17 28 45
17 29 135
17 30 135
17 31 45
17 32 45
17 33 45
17 34 45
17 35 135
17 36 135
17 37 45
17 38 135
17 39 45
17 40 45
17 41 135
17 42 45
17 43 45
17 44 135
17 45 135
17 46 135
17 47 135
17 48 135
17 49 135
17 50 45
17 51 45
17 52 135
17 53 45
17 54 135
17 55 45
17 56 45
17 58 135
17 59 135
17 60 45
17 61 135
17 62 135
17 63 45
17 64 135
17 65 45
17 66 45
17 67 45
17 68 45
17 69 135
17 70 135
17 71 135
17 72 135
17 74 135
17 75 135
17 76 45
17 77 45
17 78 135
17 79 45
17 80 135
17 81 45
17 82 45
17 83 45
17 84 45
17 85 135
17 86 135
17 87 135
17 88 135
17 89 45
17 90 135
17 91 135
17 92 45
17 93 135
17 94 135
17 95 135
17 96 45
17 97 135
17 98 45
17 99 135
17 100 45
17 101 135
17 102 45
17 103 45
17 104 135
17 105 135
17 106 45
17 107 45
17 108 45
17 109 45
17 110 45
17 111 135
17 112 135
17 113 45
17 114 135
17 115 45
17 116 135
17 117 135
17 118 135
17 119 45
17 120 45
17 121 135
17 122 135
17 123 45
17 124 45
17 125 135
17 126 45
17 127 45
17 128 135
17 129 135
17 130 135
17 131 45
17 132 45
17 133 135
17 134 45
17 135 135
17 136 135
17 137 135
17 138 45
17 139 45
17 140 135
17 141 45
17 142 45
17 143 135
17 144 45
17 145 45
17 146 45
17 147 45
17 148 135
17 149 45
17 150 135
17 151 135
17 152 45
17 153 45
17 154 135
17 155 135
17 156 135
17 157 45
17 158 45
17 159 45
17 160 45
17 161 45
17 162 45
17 163 135
17 164 135
17 165 135
17 166 135
17 167 135
17 168 45
17 169 45
17 170 135
17 171 45
17 172 135
17 173 135
17 174 45
17 175 135
17 176 45
17 177 135
17 178 45
17 179 45
17 180 45
17 181 135
17 182 135
17 183 135
17 184 45
17 185 135
17 186 135
17 187 45
17 188 135
17 189 45
17 190 135
17 191 45
17 192 135
17 193 135
17 194 45
17 195 45
17 196 135
17 197 135
17 198 135
17 199 135
18 0 135
18 1 135
18 3 135
18 4 135
18 5 45
18 6 45
18 8 135
18 9 135
18 10 45
18 11 135
18 12 45
18 13 135
18 14 135
18 15 45
18 17 135
18 18 135
18 19 135
18 20 45
18 21 45
18 22 135
18 23 135
18 24 135
18 25 45
18 26 45
18 27 45
18 28 45
18 29 135
18 30 45
18 31 135
18 32 45
18 33 45
18 34 45
18 35 45
18 36 45
18 37 45
18 38 135
18 39 135
18 40 45
18 41 45
18 42 45
18 43 45
18 44 45
18 45 45
18 46 135
18 47 135
18 48 135
18 49 45
18 50 45
18 51 45
18 52 45
18 53 135
18 54 45
18 55 45
18 56 135
18 57 45
18 58 45
18 59 45
18 60 135
18 61 135
18 62 45
18 63 135
18 64 135
18 65 135
18 66 45
18 67 45
18 68 45
18 69 135
18 70 45
18 71 135
18 72 45
18 73 45
18 74 135
18 75 135
18 76 45
18 77 45
18 78 45
18 79 45
18 80 45
18 81 45
18 82 135
18 83 135
18 84 135
18 85 135
18 86 45
18 87 135
18 88 135
18 89 135
18 90 45
18 91 45
18 92 45
18 93 45
18 94 45
18 95 45
18 96 135
18 97 45
18 98 135
18 99 45
18 100 135
18 101 135
18 102 45
18 103 135
18 104 135
18 105 135
18 106 45
18 107 135
18 108 135
18 109 135
18 110 135
18 111 45
18 112 45
18 113 45
18 114 45
18 115 45
18 116 45
18 117 135
18 118 45
18 119 45
18 120 45
18 121 135
18 122 135
18 123 135
18 124 135
18 125 45
18 126 135
18 127 45
18 128 135
18 129 45
18 130 135
18 131 135
18 132 45
18 133 135
18 134 135
18 135 45
18 136 135
18 137 45
18 138 45
18 139 135
18 140 45
18 141 135
18 142 135
18 143 135
18 144 135
18 145 135
18 146 135
18 147 45
18 148 135
18 149 135
18 150 45
18 151 45
18 152 135
18 153 135
18 154 45
18 155 135
18 156 45
18 157 135
18 158 45
18 159 135
18 160 45
18 161 45
18 162 45
18 164 45
18 165 45
18 166 45
18 168 135
18 169 45
18 170 45
18 171 45
18 172 135
18 173 135
18 174 135
18 175 135
18 176 135
18 177 135
18 178 135
18 179 135
18 180 45
18 181 45
18 182 45
18 183 135
18 184 135
18 185 135
18 186 135
18 187 135
18 188 135
18 189 135
18 190 45
18 191 135
18 192 45
18 193 45
18 194 45
18 195 135
18 196 45
18 198 135
18 199 135
19 0 45
19 1 45
19 2 45
19 3 45
19 4 45
19 5 135
19 6 135
19 7 135
19 8 45
19 9 135
19 10 135
19 11 45
19 12 135
19 13 135
19 14 135
19 15 135
19 16 135
19 20 135
19 21 135
19 22 45
19 23 135
19 24 45
19 25 135
19 26 45
19 27 135
19 28 45
19 29 135
19 30 135
19 31 45
19 32 135
19 33 45
19 34 45
19 35 135
19 36 45
19 37 45
19 38 135
19 39 45
19 40 45
19 41 45
19 42 45
19 43 135
19 44 45
19 45 135
19 46 135
19 47 135
19 48 45
19 49 45
19 50 135
19 51 45
19 52 45
19 55 45
19 56 135
19 57 45
19 58 45
19 59 45
19 60 45
19 61 135
19 62 45
19 63 45
19 64 45
19 65 135
19 66 135
19 67 45
19 68 45
19 69 135
19 70 45
19 71 45
19 72 45
19 73 45
19 74 135
19 75 45
19 76 135
19 77 45
19 78 45
19 79 135
19 80 135
19 81 45
19 82 45
19 83 135
19 84 135
19 85 45
19 86 45
19 87 45
19 88 45
19 89 45
19 90 135
19 91 45
19 92 135
19 93 135
19 94 45
19 95 135
19 96 45
19 97 135
19 98 45
19 99 135
19 100 135
19 101 45
19 102 135
19 103 45
19 104 135
19 105 45
19 106 45
19 107 45
19 108 45
19 109 45
19 110 135
19 111 45
19 112 135
19 113 45
19 114 45
19 115 45
19 116 45
19 117 45
19 118 135
19 119 45
19 120 135
19 121 45
19 122 45
19 123 45
19 124 135
19 125 135
19 126 45
19 127 135
19 128 45
19 129 135
19 130 45
19 131 45
19 132 45
19 133 135
19 134 45
19 135 135
19 136 45
19 137 45
19 138 135
19 139 45
19 140 135
19 141 45
19 142 135
19 143 135
19 144 45
19 145 135
19 146 135
19 147 135
19 148 45
19 149 45
19 150 45
19 151 45
19 152 45
19 153 135
19 154 45
19 155 135
19 156 45
19 157 135
19 158 45
19 159 135
19 160 45
19 162 45
19 163 135
19 164 45
19 165 45
19 166 45
19 167 45
19 168 135
19 169 135
19 170 135
19 171 45
19 172 45
19 173 45
19 174 45
19 175 45
19 176 45
19 177 45
19 178 135
19 179 45
19 180 135
19 181 135
19 182 135
19 183 135
19 184 135
19 185 135
19 186 45
19 187 135
19 188 135
19 189 135
19 190 135
19 191 135
19 192 45
19 193 45
19 194 45
19 195 45
19 196 135
19 197 135
19 198 45
19 199 45
20 0 45
20 1 135
20 2 135
20 3 45
20 4 135
20 5 45
20 6 45
20 7 135
20 8 45
20 9 45
20 10 45
20 11 135
20 12 45
20 13 45
20 14 135
20 15 45
20 16 135
20 18 45
20 19 45
20 21 45
20 22 45
20 23 45
20 24 135
20 25 45
20 26 45
20 27 135
20 28 135
20 29 135
20 30 45
20 31 45
20 32 135
20 33 45
20 34 135
20 35 135
20 36 135
20 37 45
20 38 135
20 39 45
20 40 135
20 41 45
20 42 45
20 43 45
20 44 45
20 45 135
20 46 45
20 47 45
20 48 45
20 49 135
20 50 45
20 51 135
20 52 45
20 53 135
20 54 135
20 55 135
20 56 135
20 57 135
20 58 135
20 59 45
20 60 45
20 61 135
20 62 135
20 63 45
20 64 45
20 65 135
20 66 135
20 67 135
20 68 135
20 69 45
20 70 45
20 71 135
20 72 135
20 73 135
20 74 135
20 75 135
20 76 135
20 77 135
20 78 45
20 79 135
20 80 45
20 81 135
20 82 45
20 83 135
20 84 135
20 85 45
20 86 45
20 87 135
20 88 135
20 89 45
20 90 45
20 91 45
20 92 45
20 93 45
20 94 135
20 95 45
20 96 135
20 97 45
20 98 45
20 99 135
20 100 45
20 101 135
20 102 135
20 103 45
20 104 45
20 105 135
20 106 45
20 107 135
20 108 135
20 109 45
20 110 135
20 111 135
20 112 45
20 113 135
20 114 135
20 115 45
20 116 45
20 117 135
20 118 45
20 119 135
20 120 135
20 121 135
20 122 135
20 123 45
20 124 45
20 125 135
20 126 45
20 127 135
20 128 45
20 129 45
20 130 135
20 131 45
20 132 135
20 133 135
20 134 45
20 135 45
20 136 135
20 137 45
20 138 135
20 139 45
20 140 135
20 141 45
20 142 45
20 143 135
20 144 45
20 145 45
20 146 45
20 147 135
20 148 45
20 149 135
20 150 135
20 151 135
20 152 135
20 153 45
20 154 135
20 155 45
20 156 135
20 157 45
20 158 45
20 159 45
20 160 45
20 161 45
20 162 45
20 163 45
20 164 135
20 165 45
20 166 45
20 167 45
20 168 45
20 169 45
20 170 135
20 171 135
20 172 45
20 173 135
20 174 135
20 175 45
20 176 135
20 177 135
20 178 45
20 179 45
20 180 45
20 181 45
20 182 135
20 183 135
20 184 45
20 185 135
20 186 45
20 187 45
20 188 135
20 189 45
20 190 135
20 191 45
20 192 45
20 193 45
20 194 135
20 195 135
20 196 135
20 198 135
20 199 45
21 0 45
21 1 135
21 2 45
21 3 135
21 4 135
21 5 45
21 6 135
21 7 45
21 8 135
21 9 45
21 10 45
21 11 135
21 12 45
21 13 45
21 14 45
21 15 45
21 16 45
21 17 45
21 18 135
21 19 45
21 21 45
21 22 135
21 23 45
21 24 135
21 25 135
21 26 135
21 27 135
21 28 45
21 29 135
21 30 45
21 31 45
21 32 135
21 33 45
21 34 45
21 35 45
21 36 135
21 37 135
21 38 45
21 39 135
21 40 45
21 41 45
21 42 135
21 43 135
21 44 45
21 45 135
21 46 135
21 47 45
21 48 135
21 49 45
21 50 45
21 51 45
21 52 45
21 53 135
21 54 45
21 55 45
21 56 135
21 57 45
21 58 135
21 59 135
21 60 135
21 61 45
21 62 135
21 63 45
21 64 45
21 65 135
21 66 45
21 67 135
21 68 135
21 69 45
21 70 45
21 71 135
21 72 45
21 73 135
21 74 45
21 75 45
21 76 45
21 77 135
21 78 45
21 79 135
21 80 45
21 81 135
21 82 45
21 83 45
21 84 135
21 85 45
21 86 135
21 87 45
21 88 135
21 89 45
21 90 45
21 91 45
21 92 135
21 93 135
21 94 45
21 95 45
21 96 45
21 97 135
21 98 135
21 99 135
21 100 45
21 101 135
21 102 45
21 103 45
21 104 45
21 105 45
21 106 45
21 107 45
21 108 135
21 109 135
21 110 45
21 111 135
21 112 45
21 113 135
21 114 135
21 115 45
21 116 135
21 117 45
21 118 135
21 119 135
21 120 45
21 121 135
21 122 135
21 123 45
21 124 45
21 125 135
21 126 135
21 127 135
21 128 45
21 129 45
21 130 45
21 131 45
21 132 45
21 133 45
21 134 45
21 135 135
21 136 45
21 137 135
21 138 45
21 139 135
21 140 135
21 141 45
21 142 45
21 143 135
21 144 45
21 145 45
21 146 45
21 147 135
21 148 135
21 149 135
21 150 135
21 151 45
21 152 135
21 153 45
21 154 45
21 155 45
21 156 45
21 157 45
21 158 135
21 159 135
21 160 45
21 161 135
21 162 135
21 163 135
21 164 135
21 165 45
21 166 45
21 167 45
21 168 45
21 169 135
21 170 135
21 171 135
21 172 45
21 173 135
21 174 45
21 175 45
21 176 45
21 177 135
21 178 135
21 179 135
21 180 45
21 181 135
21 182 45
21 183 45
21 184 135
21 185 135
21 186 45
21 187 135
21 188 135
21 189 45
21 190 45
21 191 135
21 192 135
21 193 45
21 194 45
21 195 135
21 196 135
21 197 45
21 198 45
21 199 45
22 0 45
22 1 45
22 2 45
22 3 45
22 4 45
22 5 135
22 6 135
22 7 135
22 8 45
22 9 45
22 10 135
22 11 135
22 12 135
22 13 135
22 14 135
22 15 45
22 16 135
22 17 45
22 18 45
22 19 135
22 20 135
22 22 135
22 24 45
22 25 135
22 26 135
22 27 135
22 28 135
22 29 135
22 30 135
22 31 135
22 32 135
22 33 45
22 34 45
22 35 135
22 36 135
22 37 135
22 38 135
22 39 45
22 40 45
22 41 45
22 42 135
22 43 135
22 44 135
22 45 135
22 46 45
22 47 45
22 48 45
22 49 45
22 50 45
22 51 45
22 52 135
22 53 45
22 55 135
22 56 135
22 57 45
22 58 135
22 59 135
22 60 135
22 61 135
22 62 45
22 63 45
22 64 45
22 65 45
22 66 45
22 67 135
22 68 135
22 69 135
22 70 45
22 71 45
22 72 135
22 73 45
22 74 135
22 75 45
22 76 135
22 77 135
22 78 45
22 79 45
22 80 135
22 81 135
22 82 45
22 83 135
22 84 135
22 85 45
22 86 45
22 87 135
22 88 45
22 89 135
22 90 45
22 91 45
22 92 45
22 93 135
22 94 135
22 95 135
22 96 135
22 97 135
22 98 135
22 99 135
22 100 45
22 101 45
22 102 135
22 103 135
22 104 45
22 105 135
22 106 135
22 107 135
22 108 135
22 109 135
22 110 135
22 111 45
22 112 45
22 113 135
22 114 135
22 116 135
22 117 135
22 118 45
22 119 135
22 120 45
22 121 45
22 122 135
22 123 45
22 124 45
22 125 135
22 126 135
22 127 135
22 128 135
22 129 45
22 130 45
22 131 135
22 132 45
22 133 45
22 134 135
22 135 135
22 136 45
22 137 135
22 138 45
22 139 45
22 140 45
22 141 135
22 142 135
22 143 45
22 144 45
22 145 135
22 146 135
22 147 135
22 148 45
22 149 45
22 150 45
22 151 45
22 152 135
22 153 135
22 154 45
22 155 45
22 156 45
22 157 135
22 158 45
22 159 135
22 160 45
22 161 135
22 162 135
22 163 135
22 164 45
22 165 45
22 166 135
22 167 135
22 168 135
22 169 135
22 170 135
22 171 45
22 172 135
22 173 45
22 174 135
22 175 135
22 176 135
22 177 45
22 178 135
22 179 45
22 180 45
22 181 45
22 182 45
22 183 45
22 184 135
22 185 45
22 186 135
22 187 135
22 188 45
22 189 135
22 190 45
22 191 45
22 192 45
22 193 45
22 194 45
22 195 45
22 196 135
22 197 45
22 198 135
22 199 135
23 0 135
23 1 135
23 2 45
23 3 45
23 4 45
23 5 45
23 6 45
23 7 135
23 8 45
23 9 135
23 10 135
23 11 45
23 12 45
23 13 45
23 14 135
23 15 135
23 16 45
23 17 45
23 18 45
23 19 135
23 20 135
23 21 135
23 23 135
23 24 45
23 25 45
23 26 135
23 27 135
23 28 135
23 29 45
23 30 45
23 31 45
23 32 135
23 33 135
23 34 135
23 35 45
23 36 135
23 37 45
23 38 45
23 39 135
23 40 135
23 41 135
23 42 135
23 43 135
23 44 45
23 45 135
23 46 135
23 47 45
23 48 135
23 49 135
23 51 135
23 52 135
23 53 135
23 54 135
23 55 45
23 56 45
23 57 135
23 58 135
23 60 135
23 61 135
23 62 45
23 63 45
23 64 135
23 65 45
23 66 45
23 67 135
23 68 45
23 69 45
23 70 45
23 71 45
23 72 135
23 73 135
23 74 135
23 75 135
23 76 45
23 77 45
23 78 135
23 79 45
23 80 45
23 81 135
23 82 45
23 83 45
23 84 45
23 85 135
23 86 135
23 87 45
23 88 45
23 89 45
23 90 135
23 91 135
23 92 135
23 93 45
23 94 135
23 95 45
23 96 135
23 97 135
23 98 135
23 99 45
23 100 45
23 101 135
23 102 45
23 103 135
23 104 45
23 105 135
23 106 135
23 107 135
23 108 45
23 109 45
23 110 45
23 111 45
23 112 135
23 113 135
23 114 45
23 115 45
23 116 135
23 117 135
23 118 135
23 119 45
23 120 45
23 121 45
23 122 45
23 124 135
23 125 135
23 126 135
23 127 45
23 128 45
23 129 45
23 130 135
23 131 45
23 132 45
23 133 45
23 134 135
23 135 45
23 136 45
23 137 135
23 138 45
23 139 45
23 140 45
23 141 45
23 142 135
23 143 45
23 144 45
23 145 135
23 146 135
23 147 45
23 148 135
23 149 45
23 150 45
23 151 135
23 152 135
23 153 45
23 154 45
23 155 135
23 156 135
23 157 45
23 158 45
23 159 45
23 160 135
23 161 45
23 162 135
23 163 135
23 164 135
23 165 135
23 166 135
23 167 135
23 168 135
23 169 135
23 170 45
23 171 135
23 172 45
23 173 45
23 174 45
23 175 135
23 176 45
23 177 135
23 178 45
23 179 45
23 180 135
23 181 135
23 182 45
23 183 135
23 185 135
23 186 45
23 187 45
23 188 135
23 189 135
23 190 45
23 191 45
23 192 45
23 193 135
23 194 135
23 195 45
23 196 135
23 197 45
23 198 135
23 199 135
24 0 135
24 1 45
24 2 45
24 3 135
24 4 45
24 5 45
24 6 45
24 7 135
24 9 135
24 10 135
24 11 135
24 12 135
24 13 45
24 14 45
24 15 135
24 16 45
24 17 135
24 18 45
24 19 45
24 20 45
24 21 135
24 23 45
24 24 135
24 26 45
24 27 135
24 28 45
24 29 135
24 30 135
24 31 45
24 32 45
24 33 135
24 34 45
24 35 45
24 36 45
24 37 45
24 38 45
24 39 45
24 40 45
24 41 45
24 42 45
24 43 45
24 44 135
24 45 135
24 46 135
24 47 135
24 48 135
24 49 135
24 50 45
24 51 45
24 52 135
24 53 135
24 54 45
24 55 45
24 56 135
24 57 135
24 58 45
24 59 45
24 60 45
24 61 135
24 62 135
24 63 135
24 64 45
24 65 45
24 66 45
24 67 45
24 68 135
24 69 45
24 70 135
24 71 135
24 72 135
24 73 45
24 74 135
24 75 45
24 76 45
24 77 45
24 78 45
24 79 135
24 80 135
24 81 135
24 82 45
24 83 45
24 84 135
24 85 135
24 86 45
24 87 45
24 88 45
24 89 135
24 90 45
24 91 45
24 92 135
24 93 45
24 94 45
24 95 45
24 96 45
24 97 135
24 98 45
24 99 45
24 100 45
24 101 45
24 102 45
24 103 135
24 104 135
24 105 45
24 106 45
24 107 135
24 108 45
24 109 45
24 110 45
24 111 45
24 112 45
24 114 45
24 115 135
24 116 45
24 117 135
24 118 45
24 119 45
24 120 135
24 121 135
24 122 45
24 123 135
24 124 135
24 125 45
24 126 45
24 127 45
24 128 135
24 129 45
24 130 45
24 131 45
24 132 45
24 133 45
24 134 135
24 135 135
24 136 45
24 137 135
24 138 45
24 139 45
24 140 135
24 141 45
24 142 135
24 143 45
24 144 45
24 145 45
24 146 45
24 147 135
24 148 135
24 149 135
24 150 45
24 151 45
24 152 45
24 153 45
24 154 135
24 155 45
24 156 135
24 157 135
24 158 45
24 159 45
24 160 135
24 161 135
24 162 135
24 163 135
24 164 135
24 165 135
24 166 135
24 167 135
24 168 45
24 169 135
24 170 135
24 171 45
24 172 135
24 173 135
24 174 135
24 175 135
24 176 135
24 177 45
24 178 135
24 179 135
24 180 45
24 181 135
24 182 135
24 183 135
24 184 135
24 185 45
24 186 135
24 187 135
24 188 45
24 189 135
24 190 135
24 191 45
24 192 135
24 193 45
24 194 45
24 195 45
24 196 45
24 197 45
24 198 135
24 199 135
25 0 135
25 1 45
25 2 45
25 3 135
25 4 45
25 5 45
25 7 135
25 8 45
25 9 45
25 10 135
25 11 45
25 12 45
25 13 135
25 14 45
25 15 45
25 16 45
25 17 45
25 18 135
25 19 45
25 20 135
25 21 135
25 23 135
25 24 45
25 25 45
25 27 135
25 28 45
25 29 45
25 30 45
25 31 45
25 32 45
25 33 135
25 34 45
25 35 135
25 36 135
25 37 135
25 38 135
25 39 135
25 40 135
25 41 45
25 42 135
25 43 135
25 44 45
25 45 135
25 46 135
25 47 135
25 48 135
25 49 45
25 50 135
25 51 45
25 52 135
25 53 45
25 54 45
25 55 135
25 56 45
25 57 45
25 58 135
25 59 45
25 60 135
25 61 135
25 62 135
25 63 45
25 64 45
25 65 135
25 66 135
25 67 45
25 68 135
25 70 45
25 71 135
25 72 135
25 73 45
25 74 135
25 75 45
25 76 45
25 77 45
25 78 135
25 79 45
25 80 45
25 81 135
25 82 135
25 83 135
25 84 135
25 85 135
25 86 135
25 87 135
25 88 135
25 89 45
25 90 135
25 91 45
25 92 45
25 93 45
25 94 45
25 95 45
25 96 135
25 97 45
25 98 45
25 99 45
25 100 135
25 101 135
25 102 45
25 103 45
25 104 45
25 105 135
25 106 45
25 107 45
25 108 135
25 109 135
25 110 45
25 111 45
25 112 135
25 113 135
25 114 135
25 115 135
25 116 45
25 117 135
25 118 135
25 119 45
25 120 135
25 122 135
25 123 45
25 124 135
25 125 45
25 126 45
25 127 135
25 128 45
25 129 135
25 130 45
25 131 45
25 132 135
25 133 135
25 134 45
25 135 45
25 136 135
25 137 45
25 138 45
25 139 45
25 140 45
25 141 45
25 142 135
25 143 135
25 144 135
25 145 135
25 146 135
25 147 135
25 148 45
25 149 135
25 150 45
25 151 45
25 152 45
25 153 45
25 154 45
25 155 135
25 156 135
25 157 45
25 158 135
25 159 45
25 160 45
25 161 135
25 162 135
25 163 135
25 164 45
25 165 135
25 166 135
25 167 135
25 168 135
25 169 45
25 170 135
25 171 135
25 172 135
25 173 135
25 174 135
25 175 45
25 176 45
25 177 45
25 178 45
25 179 135
25 180 45
25 181 135
25 182 45
25 183 135
25 184 45
25 185 135
25 186 45
25 187 135
25 188 135
25 189 135
25 190 135
25 191 45
25 192 45
25 193 135
25 194 135
25 195 45
25 196 135
25 197 45
25 198 45
25 199 135
26 0 45
26 1 45
26 2 135
26 3 45
26 4 45
26 5 135
26 6 45
26 7 135
26 8 45
26 9 45
26 10 135
26 11 135
26 12 135
26 13 135
26 14 45
26 15 135
26 16 135
26 17 135
26 18 45
26 19 135
26 20 45
26 21 135
26 22 135
26 31 135
26 32 135
26 33 135
26 34 135
26 35 45
26 36 135
26 37 135
26 38 45
26 39 135
26 40 45
26 41 135
26 42 45
26 43 135
26 44 135
26 45 135
26 46 135
26 47 135
26 48 45
26 49 45
26 50 45
26 51 45
26 52 135
26 53 45
26 54 135
26 55 45
26 56 135
26 57 135
26 58 135
26 59 135
26 60 135
26 61 45
26 62 45
26 63 135
26 64 45
26 65 135
26 66 135
26 67 45
26 68 45
26 69 135
26 70 135
26 71 45
26 72 135
26 73 135
26 74 45
26 75 45
26 76 135
26 77 45
26 78 45
26 79 45
26 80 45
26 81 135
26 82 135
26 83 135
26 84 45
26 85 135
26 86 135
26 87 135
26 88 45
26 89 135
26 90 135
26 91 45
26 92 45
26 93 45
26 94 135
26 95 135
26 96 135
26 97 45
26 98 45
26 99 45
26 100 45
26 101 135
26 102 45
26 103 45
26 104 45
26 105 45
26 106 135
26 107 45
26 108 45
26 109 45
26 110 135
26 111 45
26 112 135
26 113 135
26 114 45
26 115 45
26 116 45
26 117 135
26 118 135
26 119 45
26 120 45
26 121 135
26 122 135
26 123 135
26 124 45
26 125 135
26 126 135
26 127 45
26 128 45
26 129 45
26 130 135
26 131 135
26 132 135
26 133 135
26 134 45
26 135 135
26 136 45
26 137 45
26 138 135
26 139 45
26 140 135
26 141 45
26 142 135
26 143 45
26 144 135
26 145 135
26 146 45
26 147 135
26 148 45
26 149 45
26 150 45
26 151 45
26 152 135
26 153 135
26 154 135
26 155 135
26 156 45
26 157 135
26 158 45
26 159 45
26 160 135
26 161 135
26 162 45
26 163 135
26 164 45
26 165 45
26 166 45
26 167 135
26 168 45
26 169 135
26 170 135
26 171 45
26 172 135
26 173 45
26 174 45
26 175 45
26 176 45
26 177 135
26 178 45
26 179 135
26 180 135
26 181 45
26 182 135
26 183 135
26 184 45
26 185 135
26 186 45
26 187 135
26 188 45
26 189 135
26 190 45
26 191 45
26 192 45
26 193 135
26 194 135
26 195 135
26 196 135
26 197 135
26 198 45
26 199 135
27 0 135
27 1 135
27 2 45
27 3 135
27 4 45
27 5 45
27 6 135
27 7 135
27 8 135
27 10 45
27 11 135
27 12 135
27 13 135
27 14 45
27 15 45
27 16 135
27 17 135
27 18 45
27 19 135
27 20 45
27 21 135
27 22 45
27 23 135
27 24 135
27 25 45
27 26 45
27 27 135
27 28 135
27 29 45
27 30 45
27 32 45
27 33 45
27 34 135
27 35 135
27 36 135
27 37 135
27 38 135
27 39 45
27 40 135
27 41 45
27 42 45
27 43 135
27 44 45
27 45 135
27 46 45
27 47 135
27 48 45
27 49 135
27 50 135
27 51 135
27 52 135
27 53 135
27 54 45
27 55 135
27 56 135
27 58 135
27 59 45
27 60 45
27 61 45
27 62 135
27 63 45
27 64 135
27 65 45
27 66 135
27 67 45
27 68 135
27 69 135
27 70 135
27 71 135
27 72 135
27 74 135
27 75 135
27 76 45
27 77 135
27 78 45
27 79 135
27 80 135
27 81 45
27 82 135
27 83 45
27 84 135
27 85 135
27 86 45
27 87 135
27 88 45
27 89 135
27 90 45
27 91 45
27 92 135
27 93 45
27 94 135
27 95 45
27 96 45
27 97 135
27 98 45
27 99 135
27 100 135
27 101 135
27 102 135
27 103 135
27 104 45
27 105 135
27 106 45
27 107 135
27 108 135
27 109 45
27 110 135
27 111 45
27 112 135
27 113 45
27 114 135
27 115 135
27 116 45
27 117 135
27 118 45
27 119 135
27 120 45
27 121 135
27 122 45
27 124 45
27 125 45
27 126 45
27 127 135
27 128 135
27 129 45
27 130 45
27 131 45
27 132 45
27 133 135
27 134 135
27 135 45
27 136 135
27 137 135
27 138 45
27 139 45
27 140 135
27 141 45
27 142 45
27 143 45
27 144 135
27 145 45
27 146 135
27 147 45
27 148 45
27 149 45
27 150 135
27 151 45
27 152 45
27 153 135
27 154 135
27 155 135
27 156 45
27 157 45
27 158 135
27 159 45
27 160 135
27 161 135
27 162 135
27 163 45
27 164 135
27 165 135
27 166 45
27 167 45
27 168 45
27 169 135
27 170 45
27 171 45
27 172 135
27 173 45
27 174 45
27 175 45
27 176 45
27 177 135
27 178 135
27 179 135
27 180 135
27 181 135
27 182 45
27 183 135
27 184 45
27 185 45
27 186 135
27 187 45
27 188 135
27 189 135
27 190 135
27 191 135
27 192 45
27 193 135
27 194 45
27 195 135
27 196 45
27 197 135
27 198 135
27 199 45
28 0 135
28 1 45
28 2 135
28 3 135
28 4 135
28 5 45
28 6 135
28 7 45
28 8 45
28 9 135
28 10 45
28 11 45
28 12 45
28 13 135
28 14 45
28 15 135
28 16 135
28 17 135
28 18 45
28 19 45
28 20 45
28 21 45
28 22 135
28 23 135
28 24 45
28 25 135
28 26 45
28 27 45
28 28 135
28 29 135
28 30 45
28 32 135
28 33 135
28 34 135
28 35 45
28 36 45
28 37 135
28 38 135
28 39 135
28 40 45
28 41 135
28 42 45
28 43 135
28 44 45
28 45 135
28 46 45
28 47 45
28 48 45
28 49 135
28 50 45
28 51 135
28 52 45
28 53 135
28 54 45
28 55 45
28 56 135
28 57 135
28 58 45
28 59 45
28 60 135
28 61 135
28 62 45
28 63 45
28 64 45
28 65 135
28 66 45
28 67 135
28 68 45
28 69 135
28 70 135
28 71 45
28 72 45
28 73 135
28 74 45
28 75 45
28 76 45
28 77 135
28 78 135
28 79 45
28 80 135
28 81 135
28 82 135
28 83 45
28 84 135
28 85 45
28 86 45
28 87 45
28 88 135
28 89 45
28 90 45
28 91 45
28 92 135
28 93 135
28 94 135
28 95 45
28 96 45
28 97 135
28 98 45
28 99 45
28 100 135
28 101 45
28 102 135
28 103 45
28 104 135
28 105 45
28 106 135
28 107 45
28 108 45
28 109 45
28 110 45
28 111 135
28 112 45
28 113 135
28 114 135
28 115 45
28 116 135
28 117 135
28 118 45
28 119 45
28 120 45
28 121 45
28 122 135
28 123 135
28 124 45
28 125 135
28 126 135
28 127 45
28 128 135
28 129 45
28 130 45
28 131 135
28 132 45
28 133 45
28 134 135
28 135 45
28 136 45
28 137 45
28 138 135
28 139 45
28 140 135
28 141 45
28 142 135
28 143 135
28 144 45
28 145 45
28 146 45
28 147 45
28 148 45
28 149 45
28 150 45
28 151 135
28 152 135
28 153 135
28 154 135
28 155 135
28 156 135
28 157 135
28 158 135
28 159 135
28 160 135
28 161 135
28 162 135
28 163 135
28 164 135
28 165 45
28 166 45
28 167 45
28 168 45
28 169 45
28 170 135
28 171 45
28 172 135
28 173 45
28 174 45
28 175 45
28 176 135
28 177 135
28 178 45
28 179 45
28 180 45
28 181 135
28 182 135
28 183 135
28 184 45
28 185 135
28 186 135
28 187 135
28 188 45
28 189 135
28 190 45
28 191 45
28 192 45
28 193 135
28 194 45
28 195 135
28 196 135
28 197 135
28 198 45
28 199 135
29 0 135
29 1 45
29 2 135
29 3 45
29 4 45
29 5 135
29 6 135
29 7 135
29 8 135
29 9 135
29 10 135
29 11 45
29 12 135
29 13 135
29 14 135
29 15 45
29 16 135
29 17 45
29 18 135
29 19 45
29 20 135
29 21 135
29 22 45
29 23 135
29 24 45
29 25 135
29 26 135
29 27 45
29 28 135
29 29 45
29 30 45
29 32 45
29 33 45
29 34 45
29 35 45
29 36 45
29 37 135
29 38 135
29 39 45
29 40 135
29 41 45
29 42 135
29 43 135
29 44 45
29 45 135
29 46 45
29 47 45
29 48 45
29 49 135
29 50 135
29 51 45
29 52 45
29 53 135
29 54 45
29 55 45
29 56 135
29 57 135
29 58 135
29 59 135
29 60 135
29 61 45
29 62 45
29 63 135
29 64 135
29 65 135
29 66 45
29 67 135
29 68 45
29 69 135
29 70 135
29 71 135
29 72 45
29 73 45
29 74 135
29 75 135
29 76 135
29 77 45
29 78 135
29 79 135
29 80 45
29 81 45
29 82 135
29 83 45
29 84 135
29 85 45
29 86 45
29 87 135
29 88 135
29 89 135
29 90 135
29 91 45
29 92 135
29 93 45
29 94 135
29 95 135
29 96 135
29 97 45
29 98 45
29 99 135
29 100 135
29 101 45
29 102 135
29 103 135
29 104 135
29 105 135
29 106 45
29 107 45
29 108 135
29 109 45
29 110 45
29 111 135
29 112 135
29 113 135
29 114 45
29 115 135
29 116 135
29 117 45
29 118 45
29 119 135
29 120 135
29 121 135
29 122 135
29 123 45
29 124 45
29 125 45
29 126 135
29 127 45
29 128 135
29 129 135
29 130 45
29 131 135
29 132 135
29 133 135
29 134 45
29 135 45
29 136 45
29 137 45
29 138 135
29 139 45
29 140 135
29 141 135
29 142 45
29 143 135
29 144 45
29 145 135
29 146 45
29 147 135
29 148 45
29 149 135
29 150 135
29 151 45
29 152 135
29 153 135
29 154 45
29 155 45
29 156 135
29 157 45
29 158 45
29 159 45
29 160 135
29 161 45
29 162 135
29 163 45
29 164 45
29 165 45
29 166 45
29 167 135
29 168 135
29 169 135
29 170 45
29 171 135
29 173 45
29 174 135
29 175 45
29 176 135
29 177 45
29 178 135
29 180 135
29 181 135
29 182 45
29 183 45
29 184 45
29 185 135
29 186 135
29 187 45
29 188 45
29 189 135
29 190 45
29 191 135
29 192 135
29 193 45
29 194 45
29 195 135
29 196 135
29 197 45
29 198 135
29 199 135
30 0 45
30 1 135
30 2 45
30 3 45
30 4 135
30 5 45
30 6 45
30 7 135
30 8 135
30 9 135
30 10 45
30 11 45
30 12 45
30 13 135
30 14 45
30 15 135
30 16 135
30 17 45
30 18 135
30 19 45
30 20 45
30 21 135
30 22 45
30 23 45
30 24 135
30 25 45
30 26 135
30 27 135
30 28 135
30 29 45
30 30 45
30 32 135
30 33 135
30 34 135
30 35 45
30 36 45
30 37 135
30 38 135
30 39 135
30 40 45
30 41 135
30 42 45
30 43 135
30 44 135
30 45 45
30 46 135
30 47 135
30 48 45
30 49 135
30 50 135
30 51 135
30 52 135
30 53 135
30 54 45
30 55 135
30 56 135
30 57 45
30 58 45
30 59 45
30 60 135
30 61 135
30 62 45
30 63 135
30 64 135
30 65 45
30 66 135
30 68 45
30 69 135
30 70 45
30 71 135
30 72 135
30 73 135
30 74 135
30 75 45
30 76 135
30 77 135
30 78 45
30 79 45
30 80 45
30 81 135
30 82 45
30 83 45
30 84 45
30 85 45
30 86 135
30 87 45
30 88 45
30 89 135
30 90 45
30 91 45
30 92 45
30 93 45
30 94 45
30 95 135
30 96 135
30 97 45
30 98 135
30 99 45
30 100 45
30 101 135
30 102 135
30 103 135
30 104 45
30 105 45
30 106 45
30 107 135
30 108 135
30 109 45
30 110 135
30 111 45
30 112 135
30 113 45
30 114 135
30 115 135
30 116 135
30 117 45
30 118 135
30 119 135
30 120 45
30 121 45
30 122 45
30 123 135
30 124 135
30 125 135
30 126 45
30 127 45
30 128 135
30 129 135
30 130 45
30 131 45
30 132 45
30 133 45
30 134 45
30 135 45
30 136 45
30 137 135
30 138 45
30 139 135
30 140 135
30 141 135
30 142 135
30 143 45
30 144 135
30 145 45
30 146 135
30 147 135
30 148 45
30 149 135
30 150 45
30 151 45
30 152 45
30 153 45
30 154 135
30 155 45
30 156 45
30 157 45
30 158 45
30 159 45
30 160 135
30 161 135
30 162 45
30 163 135
30 164 135
30 165 45
30 166 135
30 167 45
30 168 45
30 169 135
30 170 45
30 171 135
30 172 135
30 173 45
30 174 45
30 175 45
30 176 45
30 177 45
30 178 45
30 179 135
30 180 135
30 181 135
30 182 45
30 183 135
30 184 45
30 185 135
30 186 45
30 187 45
30 188 45
30 189 135
30 190 45
30 191 135
30 192 135
30 193 45
30 194 45
30 195 135
30 196 135
30 197 135
30 198 135
30 199 135
31 0 135
31 1 45
31 2 135
31 3 135
31 4 45
31 5 135
31 6 45
31 7 45
31 8 45
31 9 45
31 10 135
31 11 45
31 12 45
31 13 45
31 14 45
31 15 45
31 16 135
31 17 45
31 18 45
31 19 135
31 20 135
31 21 135
31 22 135
31 24 45
31 25 45
31 26 135
31 27 135
31 28 135
31 29 45
31 30 45
31 43 135
31 44 45
31 45 45
31 46 135
31 47 45
31 48 135
31 49 135
31 50 45
31 51 45
31 52 135
31 53 45
31 54 135
31 55 135
31 56 45
31 57 45
31 58 135
31 59 45
31 60 135
31 61 135
31 62 45
31 63 135
31 64 135
31 65 45
31 66 45
31 67 135
31 68 135
31 69 45
31 70 135
31 71 45
31 72 45
31 73 45
31 74 45
31 75 45
31 76 45
31 77 135
31 78 135
31 79 45
31 80 45
31 81 135
31 82 45
31 83 135
31 84 45
31 85 45
31 86 45
31 87 45
31 88 45
31 89 45
31 90 135
31 91 45
31 92 135
31 93 45
31 94 45
31 95 135
31 96 135
31 97 45
31 98 135
31 99 45
31 100 135
31 101 45
31 102 45
31 103 45
31 104 135
31 105 135
31 106 45
31 107 45
31 108 45
31 109 135
31 110 135
31 111 135
31 112 45
31 113 135
31 114 45
31 115 135
31 116 45
31 117 45
31 118 45
31 119 135
31 120 135
31 121 135
31 122 45
31 123 135
31 124 135
31 125 135
31 126 45
31 127 135
31 128 135
31 129 135
31 130 45
31 131 45
31 132 45
31 133 45
31 134 45
31 135 45
31 136 135
31 138 45
31 139 45
31 140 135
31 141 45
31 142 135
31 143 135
31 144 45
31 145 45
31 146 135
31 147 135
31 148 45
31 149 45
31 150 135
31 151 135
31 152 45
31 153 45
31 154 45
31 155 135
31 156 135
31 157 135
31 158 45
31 159 135
31 160 45
31 161 45
31 162 135
31 163 45
31 164 45
31 165 135
31 166 45
31 167 45
31 168 135
31 169 45
31 170 45
31 171 135
31 172 135
31 173 45
31 174 135
31 175 135
31 176 45
31 177 45
31 178 135
31 179 135
31 180 135
31 181 135
31 182 135
31 183 45
31 184 135
31 185 135
31 186 45
31 187 135
31 188 135
31 189 135
31 190 45
31 191 135
31 192 135
31 193 45
31 194 45
31 195 135
31 196 45
31 197 135
31 198 135
31 199 45
32 0 45
32 1 45
32 2 135
32 3 135
32 4 135
32 5 135
32 6 135
32 7 45
32 8 45
32 9 135
32 10 135
32 11 45
32 12 45
32 13 45
32 14 45
32 15 135
32 16 45
32 17 45
32 18 45
32 19 45
32 20 135
32 21 45
32 22 135
32 23 45
32 24 45
32 25 45
32 26 45
32 27 45
32 28 45
32 29 135
32 30 135
32 31 135
32 32 45
32 33 45
32 34 135
32 35 45
32 36 45
32 37 45
32 38 135
32 39 45
32 40 135
32 41 135
32 42 45
32 44 135
32 45 135
32 46 45
32 47 45
32 48 135
32 49 135
32 50 45
32 51 45
32 52 135
32 53 135
32 54 45
32 55 45
32 56 45
32 57 135
32 58 135
32 59 135
32 60 135
32 61 45
32 62 135
32 63 135
32 64 135
32 65 135
32 66 45
32 67 45
32 68 45
32 69 135
32 70 135
32 71 135
32 72 135
32 73 45
32 74 135
32 75 135
32 76 45
32 77 135
32 78 135
32 79 45
32 80 135
32 81 135
32 82 135
32 83 135
32 84 45
32 85 45
32 86 45
32 87 45
32 88 45
32 89 45
32 90 135
32 91 135
32 92 45
32 93 135
32 94 45
32 95 45
32 96 45
32 97 135
32 98 45
32 99 45
32 100 135
32 101 135
32 102 135
32 103 135
32 104 135
32 105 45
32 106 45
32 107 45
32 108 45
32 109 45
32 110 45
32 111 135
32 112 135
32 113 45
32 114 45
32 115 45
32 116 45
32 117 45
32 118 135
32 119 45
32 120 45
32 121 135
32 122 135
32 123 45
32 124 135
32 125 45
32 126 45
32 127 135
32 128 45
32 129 135
32 130 45
32 131 135
32 132 45
32 133 45
32 134 135
32 135 45
32 136 45
32 137 135
32 138 45
32 139 45
32 140 135
32 141 45
32 142 135
32 143 135
32 144 135
32 145 135
32 146 135
32 147 45
32 148 135
32 149 45
32 150 45
32 151 135
32 152 135
32 153 45
32 154 45
32 155 135
32 156 45
32 157 45
32 158 135
32 159 135
32 160 135
32 161 45
32 162 45
32 163 45
32 164 135
32 165 45
32 166 135
32 167 135
32 168 45
32 169 45
32 170 135
32 171 135
32 172 45
32 173 45
32 174 45
32 175 45
32 176 45
32 177 45
32 178 45
32 179 45
32 180 45
32 181 135
32 182 45
32 183 45
32 184 135
32 185 45
32 186 135
32 187 135
32 188 135
32 189 45
32 190 45
32 191 45
32 192 45
32 193 135
32 194 45
32 195 135
32 196 135
32 197 135
32 198 45
32 199 45
33 0 45
33 1 135
33 2 135
33 3 45
33 4 135
33 5 135
33 6 135
33 7 135
33 8 45
33 9 135
33 10 135
33 11 135
33 12 135
33 13 45
33 14 45
33 15 135
33 16 45
33 17 45
33 18 135
33 19 45
33 21 45
33 22 45
33 23 45
33 24 135
33 25 135
33 26 135
33 27 45
33 28 135
33 29 135
33 30 45
33 31 135
33 32 45
33 33 135
33 34 45
33 35 45
33 36 135
33 37 135
33 38 45
33 39 135
33 40 45
33 41 45
33 42 135
33 44 135
33 45 45
33 46 45
33 47 45
33 48 135
33 49 135
33 50 135
33 51 135
33 52 45
33 53 45
33 54 135
33 55 45
33 56 45
33 57 45
33 58 45
33 59 45
33 60 45
33 61 45
33 62 45
33 63 135
33 64 135
33 65 45
33 66 45
33 67 135
33 68 45
33 69 135
33 70 135
33 71 45
33 72 45
33 73 135
33 74 45
33 75 135
33 76 135
33 77 135
33 78 135
33 79 135
33 80 135
33 81 45
33 82 135
33 83 45
33 84 45
33 85 45
33 86 45
33 87 45
33 88 135
33 89 45
33 90 135
33 91 135
33 92 45
33 93 135
33 94 135
33 95 45
33 96 45
33 97 135
33 98 135
33 99 135
33 100 45
33 101 135
33 102 135
33 103 45
33 104 45
33 105 135
33 106 135
33 107 135
33 108 135
33 109 135
33 110 45
33 111 135
33 112 135
33 113 45
33 114 135
33 115 45
33 116 135
33 117 135
33 118 135
33 119 45
33 120 135
33 121 45
33 122 45
33 123 45
33 124 45
33 125 45
33 126 45
33 127 135
33 128 135
33 129 135
33 130 45
33 131 45
33 132 45
33 133 45
33 134 45
33 135 45
33 136 135
33 137 45
33 138 135
33 139 45
33 140 45
33 141 135
33 142 45
33 143 135
33 144 45
33 145 45
33 146 135
33 147 45
33 148 135
33 149 135
33 150 45
33 151 135
33 152 135
33 153 45
33 154 45
33 155 135
33 156 45
33 157 135
33 158 45
33 159 135
33 160 135
33 161 45
33 162 45
33 163 45
33 164 135
33 165 45
33 166 135
33 167 45
33 168 135
33 169 45
33 170 135
33 171 135
33 172 135
33 173 135
33 174 45
33 175 45
33 176 135
33 177 135
33 178 45
33 179 45
33 180 45
33 181 45
33 182 135
33 183 135
33 184 135
33 185 45
33 186 135
33 187 135
33 188 135
33 189 135
33 190 135
33 191 45
33 192 135
33 193 135
33 194 135
33 195 135
33 196 135
33 197 45
33 198 135
33 199 45
34 0 135
34 1 45
34 2 45
34 3 45
34 4 135
34 5 135
34 6 45
34 7 135
34 8 45
34 9 45
34 10 135
34 11 135
34 12 45
34 13 135
34 14 45
34 15 45
34 16 45
34 17 45
34 18 45
34 19 135
34 20 135
34 22 135
34 23 135
34 24 135
34 25 135
34 26 45
34 27 135
34 28 45
34 29 45
34 30 45
34 31 45
34 32 45
34 33 45
34 34 45
34 35 45
34 36 135
34 37 45
34 38 45
34 39 135
34 40 45
34 41 45
34 42 45
34 43 45
34 44 135
34 45 45
34 46 45
34 47 135
34 48 135
34 49 45
34 50 135
34 51 135
34 52 45
34 53 45
34 54 45
34 55 45
34 56 135
34 57 135
34 58 45
34 59 45
34 60 45
34 61 135
34 62 45
34 63 45
34 65 135
34 66 45
34 67 45
34 68 45
34 69 45
34 70 135
34 71 45
34 72 135
34 73 45
34 74 135
34 75 135
34 76 135
34 77 135
34 78 45
34 79 135
34 80 45
34 81 135
34 82 135
34 83 45
34 84 135
34 85 45
34 86 135
34 87 135
34 88 135
34 89 45
34 90 135
34 91 45
34 92 45
34 93 135
34 94 135
34 95 135
34 96 135
34 97 135
34 98 135
34 99 135
34 100 45
34 101 45
34 102 45
34 103 135
34 104 45
34 105 45
34 106 45
34 107 45
34 108 135
34 109 45
34 110 135
34 111 135
34 112 135
34 113 45
34 114 45
34 115 45
34 116 135
34 117 45
34 118 45
34 119 135
34 120 135
34 121 45
34 122 135
34 123 135
34 124 135
34 125 45
34 126 45
34 127 45
34 128 45
34 129 45
34 130 45
34 131 45
34 132 135
34 133 135
34 134 135
34 135 45
34 136 135
34 137 135
34 138 45
34 139 135
34 140 135
34 141 45
34 142 45
34 143 135
34 144 45
34 145 45
34 146 45
34 147 135
34 148 135
34 149 135
34 150 135
34 151 45
34 152 45
34 153 135
34 154 45
34 155 135
34 156 135
34 157 135
34 158 135
34 159 45
34 160 135
34 161 135
34 162 45
34 163 45
34 164 135
34 165 135
34 166 45
34 167 135
34 168 135
34 169 45
34 170 135
34 171 135
34 172 135
34 173 45
34 174 135
34 175 45
34 176 45
34 177 45
34 178 135
34 179 45
34 180 135
34 181 135
34 182 45
34 183 135
34 184 45
34 185 45
34 186 135
34 187 45
34 188 45
34 189 135
34 190 45
34 191 135
34 192 45
34 193 135
34 194 45
34 195 45
34 196 45
34 197 135
34 198 45
34 199 45
35 0 135
35 1 135
35 2 135
35 3 135
35 4 45
35 5 45
35 6 45
35 7 135
35 8 135
35 9 135
35 10 45
35 11 135
35 12 45
35 13 45
35 14 45
35 15 135
35 16 45
35 17 45
35 18 135
35 19 45
35 20 135
35 21 135
35 22 45
35 23 45
35 24 135
35 25 45
35 26 45
35 27 45
35 28 135
35 29 135
35 30 45
35 31 45
35 32 45
35 33 135
35 34 45
35 35 135
35 36 135
35 37 45
35 38 135
35 39 45
35 40 45
35 41 135
35 43 135
35 44 135
35 45 135
35 46 45
35 47 45
35 48 135
35 49 135
35 50 135
35 51 45
35 52 135
35 53 45
35 54 135
35 55 135
35 56 135
35 57 45
35 58 45
35 59 135
35 60 135
35 61 45
35 62 135
35 63 135
35 64 45
35 65 45
35 66 135
35 67 135
35 68 135
35 69 135
35 70 135
35 71 135
35 72 135
35 73 45
35 74 135
35 75 135
35 76 45
35 77 135
35 78 45
35 79 45
35 80 45
35 81 135
35 82 135
35 83 135
35 84 135
35 85 45
35 86 135
35 87 45
35 88 45
35 89 135
35 90 135
35 91 45
35 92 135
35 93 45
35 94 135
35 95 45
35 96 45
35 97 135
35 98 45
35 99 45
35 100 45
35 101 45
35 102 45
35 103 45
35 104 135
35 105 135
35 106 45
35 107 135
35 108 135
35 109 135
35 110 135
35 111 135
35 112 45
35 113 45
35 114 45
35 115 135
35 116 135
35 117 135
35 118 135
35 119 45
35 120 135
35 121 135
35 122 135
35 123 135
35 124 135
35 125 135
35 126 45
35 127 135
35 128 135
35 129 135
35 130 135
35 131 135
35 132 135
35 133 135
35 134 135
35 135 45
35 136 45
35 137 45
35 138 45
35 139 45
35 140 135
35 141 135
35 142 135
35 143 135
35 144 135
35 145 45
35 147 45
35 148 45
35 149 135
35 150 45
35 151 135
35 152 45
35 153 135
35 154 45
35 155 45
35 156 45
35 157 135
35 158 135
35 159 135
35 160 45
35 161 45
35 162 135
35 163 45
35 164 135
35 165 45
35 166 45
35 167 135
35 168 45
35 169 45
35 170 135
35 171 135
35 172 45
35 173 45
35 174 135
35 175 135
35 176 45
35 177 45
35 178 135
35 179 135
35 180 45
35 181 135
35 182 45
35 183 45
35 184 45
35 185 135
35 186 135
35 187 135
35 188 45
35 189 45
35 190 45
35 191 135
35 192 135
35 193 45
35 194 135
35 195 135
35 196 45
35 197 45
35 198 45
35 199 135
36 0 135
36 1 45
36 2 135
36 3 135
36 4 45
36 5 45
36 6 135
36 7 45
36 8 45
36 9 135
36 10 135
36 11 135
36 12 45
36 13 45
36 14 45
36 15 135
36 16 45
36 17 135
36 18 135
36 19 45
36 20 135
36 21 135
36 22 135
36 23 135
36 24 45
36 25 45
36 26 135
36 27 135
36 28 45
36 29 135
36 30 45
36 31 135
36 32 45
36 33 45
36 34 45
36 35 45
36 36 135
36 37 45
36 38 45
36 39 45
36 40 45
36 41 45
36 43 45
36 44 135
36 45 135
36 46 135
36 47 135
36 48 45
36 49 135
36 50 45
36 51 45
36 52 135
36 53 45
36 54 135
36 55 45
36 56 45
36 57 135
36 58 135
36 59 135
36 60 45
36 61 135
36 62 45
36 63 135
36 64 45
36 65 135
36 66 45
36 67 135
36 68 135
36 69 45
36 70 135
36 71 45
36 72 135
36 73 45
36 74 45
36 75 45
36 76 135
36 77 135
36 78 45
36 79 45
36 80 135
36 81 45
36 82 135
36 83 45
36 84 45
36 85 135
36 86 135
36 87 135
36 88 135
36 89 45
36 90 135
36 91 135
36 92 135
36 93 45
36 94 45
36 95 135
36 96 45
36 97 45
36 98 135
36 99 45
36 100 135
36 101 135
36 102 45
36 103 45
36 104 45
36 105 135
36 106 45
36 107 135
36 108 45
36 109 45
36 110 45
36 111 135
36 112 45
36 113 135
36 114 135
36 115 135
36 116 45
36 117 45
36 118 45
36 119 45
36 120 135
36 121 135
36 122 135
36 123 135
36 124 45
36 125 135
36 126 135
36 127 135
36 128 135
36 129 45
36 130 45
36 131 135
36 132 45
36 133 135
36 134 135
36 135 45
36 136 45
36 137 45
36 138 45
36 139 135
36 140 45
36 141 45
36 142 45
36 143 135
36 144 135
36 145 45
36 146 135
36 147 45
36 148 135
36 149 45
36 150 45
36 151 135
36 152 135
36 153 135
36 154 135
36 155 135
36 156 135
36 157 45
36 158 45
36 159 45
36 160 135
36 161 45
36 162 135
36 163 45
36 164 135
36 165 45
36 166 45
36 167 135
36 168 135
36 169 45
36 170 45
36 171 45
36 172 45
36 173 135
36 174 45
36 175 135
36 176 45
36 177 45
36 178 45
36 179 135
36 180 45
36 181 135
36 182 135
36 183 45
36 184 135
36 185 45
36 186 135
36 187 135
36 188 45
36 189 135
36 190 135
36 191 135
36 192 135
36 193 45
36 194 45
36 195 45
36 196 135
36 197 135
36 198 135
36 199 45
37 0 135
37 1 45
37 2 135
37 3 135
37 4 135
37 5 45
37 6 135
37 7 135
37 8 135
37 9 45
37 10 45
37 11 135
37 12 135
37 13 135
37 14 135
37 16 45
37 17 45
37 18 135
37 19 45
37 20 45
37 21 135
37 22 45
37 23 45
37 24 135
37 25 45
37 26 135
37 27 135
37 28 135
37 29 135
37 30 135
37 31 135
37 32 45
37 33 45
37 34 135
37 35 135
37 36 45
37 37 135
37 38 135
37 39 135
37 40 45
37 41 135
37 43 135
37 44 45
37 45 45
37 46 135
37 47 45
37 48 45
37 49 135
37 50 45
37 51 135
37 52 45
37 53 135
37 54 135
37 55 135
37 56 135
37 57 45
37 58 135
37 59 45
37 60 45
37 61 135
37 62 45
37 63 45
37 64 45
37 65 135
37 66 45
37 67 135
37 68 45
37 69 45
37 70 45
37 71 135
37 72 45
37 73 135
37 74 135
37 75 45
37 76 45
37 77 135
37 78 135
37 79 45
37 80 135
37 81 45
37 82 135
37 83 45
37 84 45
37 85 135
37 86 45
37 87 135
37 88 45
37 89 45
37 90 45
37 91 45
37 92 135
37 93 135
37 94 135
37 95 45
37 96 45
37 97 45
37 98 45
37 99 135
37 100 45
37 101 135
37 102 135
37 103 45
37 104 135
37 105 45
37 106 135
37 107 45
37 108 45
37 109 135
37 110 135
37 111 135
37 112 135
37 113 135
37 114 45
37 115 135
37 116 135
37 117 135
37 118 135
37 119 135
37 120 135
37 121 45
37 122 45
37 123 135
37 124 135
37 125 45
37 126 135
37 127 135
37 128 135
37 129 45
37 130 45
37 131 45
37 132 135
37 133 135
37 134 45
37 135 45
37 136 135
37 137 45
37 138 45
37 139 45
37 140 135
37 141 135
37 142 45
37 143 135
37 144 45
37 145 45
37 146 45
37 147 45
37 148 45
37 149 45
37 150 135
37 151 45
37 152 45
37 153 45
37 154 135
37 155 135
37 156 135
37 157 135
37 158 135
37 159 135
37 160 135
37 161 135
37 162 45
37 163 135
37 164 135
37 165 45
37 166 135
37 167 135
37 168 135
37 169 45
37 170 135
37 171 45
37 172 135
37 173 45
37 174 45
37 175 135
37 176 135
37 177 45
37 178 45
37 179 45
37 180 45
37 181 45
37 182 45
37 183 135
37 184 45
37 185 135
37 186 135
37 187 45
37 188 135
37 189 135
37 190 135
37 191 45
37 192 45
37 193 135
37 194 45
37 195 135
37 196 135
37 197 45
37 198 45
37 199 45
38 0 135
38 1 45
38 2 45
38 3 135
38 4 135
38 5 135
38 6 45
38 8 135
38 9 135
38 10 45
38 11 45
38 12 45
38 13 45
38 14 135
38 15 135
38 16 135
38 17 45
38 18 135
38 19 45
38 21 45
38 22 45
38 23 45
38 24 45
38 25 135
38 26 45
38 27 45
38 28 45
38 29 45
38 30 135
38 31 135
38 32 135
38 33 45
38 34 135
38 35 135
38 36 135
38 37 45
38 38 45
38 39 45
38 40 135
38 41 45
38 43 45
38 44 45
38 45 135
38 46 135
38 47 45
38 48 45
38 49 45
38 50 45
38 51 45
38 52 135
38 53 45
38 54 135
38 55 45
38 56 135
38 57 135
38 58 135
38 59 45
38 60 45
38 61 45
38 62 45
38 63 135
38 64 45
38 65 135
38 66 135
38 67 135
38 68 135
38 69 45
38 70 135
38 71 135
38 72 135
38 73 45
38 74 45
38 75 135
38 76 45
38 77 135
38 79 45
38 80 45
38 81 45
38 82 45
38 83 135
38 84 135
38 85 135
38 86 135
38 87 135
38 88 135
38 89 135
38 90 135
38 91 135
38 92 45
38 93 45
38 94 135
38 95 45
38 96 45
38 97 45
38 98 135
38 99 45
38 100 135
38 101 45
38 102 45
38 103 135
38 104 135
38 105 45
38 106 135
38 107 45
38 108 135
38 109 135
38 110 135
38 111 45
38 112 135
38 113 45
38 114 45
38 115 135
38 116 45
38 117 135
38 118 135
38 119 45
38 120 45
38 121 45
38 122 45
38 123 45
38 124 135
38 125 45
38 126 45
38 127 135
38 128 45
38 129 45
38 130 45
38 131 135
38 132 45
38 133 135
38 134 135
38 135 135
38 136 45
38 137 45
38 138 45
38 139 135
38 140 135
38 141 45
38 142 45
38 143 45
38 144 45
38 145 45
38 146 135
38 147 45
38 148 45
38 149 135
38 150 45
38 151 45
38 152 45
38 153 135
38 154 45
38 155 135
38 156 135
38 157 45
38 158 45
38 159 45
38 160 135
38 161 135
38 162 45
38 163 135
38 164 135
38 165 135
38 166 45
38 167 45
38 168 135
38 169 135
38 170 45
38 171 45
38 172 135
38 173 45
38 174 135
38 175 135
38 176 45
38 177 135
38 178 135
38 179 135
38 180 135
38 181 135
38 182 45
38 183 45
38 184 45
38 185 45
38 186 45
38 187 45
38 188 135
38 189 135
38 190 45
38 191 45
38 192 45
38 193 135
38 194 135
38 195 45
38 196 135
38 197 45
38 198 135
38 199 45
39 0 45
39 1 135
39 2 45
39 3 45
39 4 135
39 5 45
39 6 45
39 7 135
39 8 135
39 9 45
39 10 45
39 11 45
39 12 45
39 13 135
39 14 135
39 15 135
39 16 45
39 17 135
39 18 45
39 19 135
39 20 135
39 21 45
39 22 45
39 23 45
39 25 135
39 26 135
39 27 135
39 28 135
39 29 45
39 30 135
39 31 45
39 32 45
39 33 45
39 34 45
39 35 135
39 36 45
39 37 135
39 38 135
39 39 135
39 40 45
39 41 135
39 42 135
39 45 135
39 46 45
39 47 45
39 48 45
39 49 45
39 50 45
39 51 135
39 52 45
39 53 135
39 54 45
39 55 135
39 56 45
39 57 45
39 58 45
39 59 135
39 60 135
39 61 135
39 62 135
39 63 135
39 64 135
39 65 135
39 66 45
39 67 45
39 68 135
39 69 45
39 70 45
39 71 45
39 72 135
39 73 45
39 74 45
39 75 45
39 76 45
39 77 135
39 78 45
39 80 135
39 81 45
39 82 135
39 83 135
39 84 135
39 85 135
39 86 45
39 87 135
39 88 45
39 89 135
39 90 45
39 91 45
39 92 45
39 93 135
39 94 45
39 95 45
39 96 135
39 97 135
39 98 135
39 99 45
39 100 135
39 101 135
39 102 45
39 103 45
39 104 45
39 105 45
39 106 135
39 107 45
39 108 135
39 109 45
39 110 135
39 111 45
39 112 45
39 113 135
39 114 45
39 115 45
39 116 45
39 117 45
39 118 135
39 119 135
39 120 135
39 121 45
39 122 45
39 123 45
39 124 45
39 125 135
39 126 135
39 127 135
39 128 135
39 130 45
39 131 135
39 132 135
39 133 45
39 134 135
39 135 45
39 136 45
39 137 45
39 138 135
39 139 45
39 140 45
39 141 45
39 142 135
39 143 135
39 144 135
39 145 135
39 146 45
39 147 45
39 148 135
39 149 45
39 150 135
39 151 45
39 152 45
39 153 135
39 154 45
39 155 135
39 156 135
39 157 135
39 158 45
39 159 135
39 160 135
39 161 45
39 162 45
39 163 135
39 164 135
39 165 135
39 166 135
39 167 45
39 168 45
39 169 45
39 170 135
39 171 45
39 172 45
39 173 135
39 174 45
39 175 135
39 176 45
39 177 45
39 178 135
39 179 135
39 180 45
39 181 135
39 182 45
39 183 135
39 184 45
39 185 135
39 186 45
39 187 45
39 188 45
39 189 45
39 190 45
39 191 45
39 192 45
39 193 45
39 194 45
39 195 135
39 196 135
39 197 135
39 198 135
39 199 135
40 0 45
40 1 45
40 2 45
40 3 135
40 4 135
40 6 135
40 7 135
40 8 45
40 9 135
40 10 45
40 11 45
40 12 135
40 13 135
40 14 45
40 15 45
40 16 135
40 17 45
40 18 135
40 19 45
40 20 135
40 21 45
40 22 135
40 23 45
40 24 135
40 25 135
40 26 45
40 27 45
40 28 135
40 29 135
40 30 135
40 31 135
40 32 135
40 33 135
40 34 135
40 35 135
40 36 135
40 37 45
40 38 135
40 39 45
40 40 45
40 41 45
40 42 135
40 43 135
40 44 135
40 46 45
40 47 45
40 48 45
40 49 45
40 50 45
40 51 45
40 52 45
40 53 45
40 54 45
40 55 135
40 56 135
40 57 45
40 58 45
40 59 135
40 60 45
40 61 135
40 62 45
40 63 45
40 64 135
40 65 45
40 66 135
40 67 135
40 68 45
40 69 135
40 70 45
40 71 45
40 72 135
40 73 45
40 74 135
40 75 135
40 76 45
40 77 45
40 78 135
40 79 45
40 80 45
40 81 45
40 82 45
40 83 45
40 84 45
40 85 45
40 86 45
40 87 135
40 88 45
40 89 45
40 90 45
40 91 45
40 92 135
40 93 135
40 94 45
40 95 45
40 96 45
40 97 45
40 98 45
40 99 45
40 100 135
40 101 45
40 102 45
40 103 135
40 104 45
40 105 45
40 106 45
40 107 45
40 108 45
40 109 135
40 110 45
40 111 135
40 112 135
40 113 135
40 114 45
40 115 135
40 116 45
40 117 135
40 118 45
40 119 135
40 120 45
40 121 45
40 122 135
40 123 45
40 124 45
40 125 45
40 126 135
40 127 45
40 128 135
40 129 135
40 130 45
40 131 45
40 132 45
40 133 135
40 134 135
40 135 45
40 136 135
40 137 45
40 138 135
40 139 135
40 140 45
40 141 45
40 142 45
40 143 45
40 144 45
40 145 135
40 146 45
40 147 135
40 148 45
40 149 135
40 150 135
40 151 135
40 152 135
40 153 45
40 154 135
40 155 135
40 156 45
40 157 135
40 158 135
40 159 135
40 160 45
40 161 135
40 162 45
40 163 135
40 164 135
40 165 45
40 166 135
40 167 45
40 168 45
40 169 135
40 170 45
40 171 135
40 172 135
40 173 45
40 174 135
40 175 135
40 176 45
40 177 45
40 178 135
40 179 135
40 180 45
40 181 135
40 182 45
40 183 45
40 184 45
40 185 45
40 186 45
40 187 45
40 188 135
40 189 135
40 190 45
40 191 45
40 192 45
40 193 135
40 194 135
40 195 45
40 196 135
40 197 45
40 198 135
40 199 45
41 0 45
41 1 45
41 2 45
41 3 135
41 4 45
41 5 45
41 6 45
41 7 135
41 8 135
41 9 135
41 10 45
41 11 135
41 12 135
41 13 135
41 14 45
41 15 135
41 16 45
41 17 135
41 18 45
41 19 135
41 20 135
41 21 135
41 22 45
41 23 45
41 24 135
41 25 135
41 26 45
41 27 45
41 28 45
41 29 45
41 30 135
41 31 135
41 32 135
41 33 45
41 34 135
41 35 45
41 36 45
41 37 135
41 38 45
41 39 45
41 40 45
41 41 45
41 42 135
41 43 45
41 44 45
41 46 45
41 47 135
41 48 135
41 49 135
41 50 45
41 51 135
41 52 45
41 53 45
41 54 135
41 55 135
41 56 135
41 57 135
41 58 135
41 59 135
41 60 135
41 61 135
41 62 45
41 64 45
41 65 135
41 66 45
41 67 45
41 68 135
41 69 135
41 70 45
41 71 45
41 72 135
41 73 45
41 74 45
41 75 45
41 76 135
41 77 45
41 78 45
41 79 135
41 80 135
41 81 45
41 82 135
41 83 135
41 84 45
41 85 45
41 86 135
41 87 45
41 88 45
41 89 135
41 90 135
41 91 45
41 92 135
41 93 45
41 94 135
41 95 135
41 96 135
41 97 135
41 98 45
41 99 135
41 100 45
41 101 45
41 102 135
41 103 135
41 104 135
41 105 45
41 106 135
41 107 45
41 108 135
41 109 45
41 110 45
41 111 45
41 112 45
41 113 135
41 114 45
41 115 135
41 116 45
41 117 45
41 118 45
41 119 45
41 120 135
41 121 45
41 122 135
41 123 45
41 124 45
41 125 135
41 126 45
41 127 135
41 128 135
41 129 45
41 130 45
41 131 135
41 132 45
41 133 45
41 134 135
41 135 135
41 136 45
41 137 45
41 138 135
41 139 135
41 140 135
41 141 45
41 142 45
41 143 45
41 144 45
41 145 45
41 146 45
41 147 45
41 148 45
41 149 135
41 150 135
41 151 45
41 152 135
41 153 135
41 154 135
41 155 45
41 156 45
41 157 135
41 158 135
41 159 45
41 160 135
41 161 135
41 162 135
41 163 45
41 164 45
41 165 135
41 166 135
41 167 45
41 168 45
41 169 135
41 170 45
41 171 135
41 172 135
41 173 45
41 174 135
41 175 45
41 176 45
41 177 135
41 178 135
41 179 135
41 180 135
41 181 45
41 182 135
41 183 135
41 184 135
41 185 45
41 186 45
41 187 45
41 188 45
41 189 45
41 190 135
41 191 135
41 192 45
41 193 135
41 194 45
41 195 135
41 196 45
41 197 45
41 198 45
41 199 45
42 0 45
42 1 45
42 2 135
42 3 135
42 4 135
42 5 135
42 6 135
42 7 135
42 8 45
42 9 135
42 10 45
42 11 45
42 12 45
42 13 135
42 14 45
42 15 135
42 16 45
42 17 135
42 18 45
42 19 135
42 20 45
42 21 45
42 22 45
42 23 45
42 24 135
42 25 135
42 26 135
42 27 135
42 28 135
42 29 45
42 30 45
42 31 45
42 32 45
42 33 135
42 34 135
42 35 135
42 36 135
42 37 45
42 38 45
42 39 45
42 40 45
42 41 45
42 42 135
42 43 135
42 44 45
42 46 135
42 47 45
42 48 135
42 49 45
42 50 135
42 51 135
42 52 45
42 53 45
42 54 45
42 55 135
42 58 135
42 59 135
42 60 45
42 61 135
42 62 45
42 63 135
42 64 45
42 65 135
42 66 45
42 67 135
42 68 135
42 69 45
42 70 135
42 71 45
42 72 135
42 73 135
42 74 45
42 75 45
42 76 135
42 77 135
42 78 45
42 79 135
42 80 135
42 81 45
42 82 135
42 83 135
42 84 135
42 85 135
42 86 45
42 87 135
42 88 45
42 89 135
42 90 45
42 91 45
42 92 135
42 94 45
42 95 45
42 98 45
42 99 45
42 100 135
42 101 135
42 102 45
42 103 135
42 104 135
42 105 135
42 106 45
42 107 45
42 108 45
42 109 45
42 110 135
42 111 135
42 112 135
42 113 135
42 114 45
42 115 45
42 116 45
42 117 45
42 118 135
42 119 135
42 120 45
42 121 45
42 122 45
42 123 135
42 124 45
42 125 45
42 126 135
42 127 45
42 128 135
42 129 45
42 130 45
42 131 135
42 132 45
42 133 135
42 134 135
42 135 45
42 136 45
42 137 135
42 138 135
42 139 45
42 140 135
42 141 135
42 142 135
42 143 135
42 144 135
42 145 45
42 146 45
42 147 135
42 148 135
42 149 135
42 150 135
42 151 135
42 152 135
42 153 135
42 154 135
42 155 45
42 156 135
42 157 45
42 158 135
42 159 135
42 160 135
42 161 135
42 162 135
42 163 135
42 164 45
42 165 135
42 166 135
42 167 45
42 168 135
42 169 45
42 170 45
42 171 45
42 172 45
42 173 135
42 174 135
42 175 135
42 176 135
42 177 45
42 178 135
42 179 135
42 180 45
42 181 135
42 182 135
42 183 45
42 184 135
42 185 45
42 186 135
42 187 135
42 188 135
42 189 135
42 190 45
42 191 135
42 192 135
42 193 135
42 194 45
42 195 135
42 196 45
42 197 135
42 198 135
42 199 45
43 0 135
43 1 135
43 2 135
43 3 135
43 4 45
43 5 135
43 6 45
43 7 45
43 8 135
43 9 135
43 10 45
43 11 135
43 12 135
43 13 45
43 14 135
43 15 45
43 16 135
43 17 135
43 18 135
43 19 135
43 20 45
43 21 45
43 22 135
43 23 135
43 24 45
43 25 135
43 26 135
43 27 135
43 28 45
43 29 45
43 30 135
43 31 135
43 32 45
43 33 45
43 34 45
43 35 45
43 36 135
43 37 45
43 38 45
43 39 45
43 40 45
43 41 45
43 42 135
43 43 135
43 44 135
43 46 45
43 47 45
43 48 135
43 49 45
43 50 135
43 52 135
43 53 45
43 54 45
43 55 135
43 56 45
43 57 45
43 58 135
43 59 45
43 60 45
43 61 135
43 62 45
43 63 135
43 64 135
43 65 45
43 66 45
43 67 135
43 68 135
43 69 135
43 70 135
43 71 135
43 72 135
43 73 135
43 74 135
43 75 135
43 76 45
43 77 135
43 78 135
43 79 45
43 80 45
43 81 135
43 82 45
43 83 45
43 84 45
43 85 135
43 86 135
43 87 135
43 88 135
43 89 45
43 90 135
43 91 45
43 92 135
43 93 45
43 94 135
43 96 135
43 97 135
43 98 45
43 99 45
43 100 45
43 101 135
43 102 45
43 103 45
43 104 135
43 105 135
43 106 135
43 107 135
43 108 45
43 109 135
43 110 45
43 111 45
43 112 45
43 113 45
43 114 45
43 115 45
43 116 135
43 117 45
43 118 45
43 119 45
43 120 135
43 121 45
43 122 45
43 123 135
43 124 45
43 125 135
43 126 45
43 127 135
43 128 135
43 129 45
43 130 45
43 131 45
43 132 45
43 133 135
43 134 45
43 135 135
43 136 135
43 137 135
43 138 45
43 139 135
43 140 135
43 141 45
43 142 135
43 143 135
43 144 135
43 145 135
43 146 45
43 147 45
43 148 45
43 149 135
43 150 45
43 151 45
43 152 45
43 153 135
43 154 135
43 155 135
43 156 45
43 157 45
43 158 135
43 159 45
43 160 135
43 161 45
43 162 135
43 163 45
43 164 45
43 165 45
43 166 45
43 167 135
43 168 45
43 169 135
43 170 45
43 171 135
43 172 45
43 173 135
43 174 135
43 175 45
43 176 45
43 177 135
43 178 135
43 179 45
43 180 135
43 181 45
43 182 135
43 183 135
43 184 135
43 185 45
43 186 135
43 187 45
43 188 45
43 189 135
43 190 135
43 191 45
43 192 135
43 193 45
43 194 135
43 195 135
43 196 45
43 197 135
43 198 135
43 199 45
44 0 45
44 1 45
44 2 135
44 3 45
44 4 45
44 5 135
44 6 135
44 7 45
44 8 45
44 9 135
44 10 45
44 11 45
44 12 135
44 13 45
44 14 135
44 15 45
44 16 45
44 17 135
44 18 45
44 19 45
44 20 135
44 21 45
44 22 45
44 23 45
44 24 45
44 25 135
44 26 135
44 27 135
44 28 45
44 29 135
44 30 45
44 31 135
44 32 45
44 33 135
44 34 45
44 35 45
44 36 45
44 37 45
44 38 135
44 39 135
44 40 45
44 41 135
44 42 45
44 43 135
44 44 135
44 46 135
44 47 135
44 48 135
44 49 45
44 50 135
44 51 45
44 52 45
44 53 135
44 54 45
44 55 45
44 56 135
44 57 45
44 58 45
44 59 45
44 60 135
44 61 135
44 62 135
44 63 135
44 64 135
44 65 45
44 66 45
44 67 45
44 68 135
44 69 45
44 70 45
44 71 135
44 72 45
44 73 45
44 74 135
44 75 45
44 76 45
44 77 135
44 78 45
44 79 135
44 80 45
44 81 135
44 82 135
44 83 135
44 84 45
44 85 135
44 86 135
44 87 45
44 88 135
44 89 45
44 90 135
44 91 135
44 92 45
44 93 135
44 94 45
44 95 45
44 96 45
44 97 135
44 98 135
44 99 135
44 100 135
44 101 45
44 102 135
44 103 135
44 104 135
44 105 135
44 106 135
44 107 135
44 108 135
44 109 45
44 110 45
44 111 135
44 112 135
44 113 135
44 114 45
44 115 135
44 116 45
44 117 45
44 118 45
44 119 135
44 120 135
44 121 135
44 122 135
44 123 45
44 124 135
44 125 135
44 126 45
44 127 135
44 128 135
44 129 135
44 130 45
44 131 135
44 132 135
44 133 135
44 134 45
44 135 135
44 136 45
44 137 45
44 138 135
44 139 45
44 140 135
44 141 45
44 142 135
44 143 45
44 144 45
44 145 135
44 146 45
44 147 45
44 148 135
44 149 135
44 150 45
44 151 135
44 152 45
44 153 45
44 154 135
44 155 45
44 156 45
44 157 135
44 158 45
44 159 45
44 160 45
44 161 135
44 162 135
44 163 135
44 164 135
44 165 135
44 166 135
44 167 45
44 168 45
44 169 135
44 170 45
44 171 135
44 172 45
44 173 45
44 174 135
44 175 135
44 176 135
44 177 45
44 178 135
44 179 45
44 180 135
44 181 135
44 182 45
44 183 135
44 184 45
44 185 135
44 186 135
44 187 45
44 188 135
44 189 135
44 190 135
44 191 135
44 192 135
44 193 135
44 194 135
44 195 45
44 196 135
44 197 45
44 198 135
44 199 135
45 0 45
45 1 45
45 2 45
45 3 135
45 4 135
45 5 135
45 6 45
45 8 135
45 9 45
45 10 135
45 11 135
45 12 45
45 13 45
45 14 135
45 15 45
45 16 135
45 17 135
45 18 135
45 19 135
45 20 45
45 21 135
45 22 45
45 23 135
45 24 135
45 25 135
45 26 45
45 27 45
45 28 135
45 29 45
45 30 135
45 31 45
45 32 135
45 33 135
45 34 45
45 35 135
45 36 45
45 37 135
45 38 135
45 39 45
45 40 135
45 41 45
45 42 135
45 43 45
45 44 135
45 45 135
45 48 135
45 49 45
45 50 45
45 51 45
45 52 45
45 53 135
45 54 135
45 55 45
45 56 45
45 57 45
45 58 45
45 59 135
45 60 45
45 61 45
45 62 45
45 63 45
45 64 135
45 65 45
45 66 45
45 67 135
45 68 135
45 69 45
45 70 135
45 71 45
45 72 45
45 73 45
45 74 45
45 75 45
45 77 45
45 78 135
45 79 135
45 80 45
45 81 45
45 82 45
45 83 45
45 84 135
45 85 45
45 86 135
45 87 135
45 88 45
45 89 135
45 90 45
45 91 45
45 92 45
45 93 135
45 94 135
45 95 135
45 96 45
45 97 135
45 98 45
45 99 45
45 100 45
45 101 45
45 102 135
45 103 45
45 104 45
45 105 45
45 106 45
45 107 135
45 108 135
45 109 45
45 110 135
45 111 45
45 112 45
45 113 45
45 114 135
45 115 45
45 116 135
45 117 135
45 118 135
45 119 45
45 121 135
45 122 135
45 123 135
45 124 45
45 125 45
45 126 135
45 127 45
45 128 45
45 129 135
45 130 45
45 131 135
45 132 45
45 133 135
45 134 45
45 135 135
45 136 45
45 137 135
45 138 45
45 139 135
45 140 135
45 141 135
45 142 135
45 143 135
45 144 135
45 145 135
45 146 45
45 147 45
45 148 135
45 149 45
45 150 45
45 151 135
45 152 45
45 153 135
45 154 135
45 155 45
45 156 45
45 157 135
45 158 45
45 159 45
45 160 135
45 161 135
45 162 45
45 163 135
45 164 45
45 165 135
45 166 135
45 167 45
45 168 135
45 169 45
45 170 45
45 171 135
45 172 135
45 174 135
45 175 135
45 176 45
45 177 45
45 178 135
45 179 45
45 180 45
45 181 135
45 182 135
45 183 135
45 184 45
45 185 45
45 186 45
45 187 45
45 188 45
45 189 135
45 190 45
45 191 135
45 192 135
45 193 135
45 194 135
45 195 45
45 196 45
45 197 135
45 198 45
45 199 45
46 0 45
46 1 135
46 2 45
46 3 135
46 4 135
46 5 45
46 6 45
46 7 45
46 8 135
46 9 45
46 10 45
46 11 135
46 12 135
46 13 45
46 14 135
46 15 45
46 16 135
46 17 45
46 18 45
46 19 135
46 20 45
46 21 45
46 22 45
46 23 135
46 24 135
46 25 135
46 26 45
46 27 45
46 28 135
46 29 135
46 30 135
46 31 45
46 32 45
46 33 45
46 34 135
46 35 45
46 36 45
46 37 45
46 38 45
46 39 45
46 40 135
46 41 45
46 42 45
46 43 45
46 44 45
46 45 45
46 46 135
46 47 135
46 49 45
46 50 135
46 51 45
46 52 135
46 53 135
46 54 135
46 55 45
46 56 45
46 57 45
46 58 135
46 59 135
46 60 45
46 61 135
46 62 45
46 63 135
46 64 135
46 65 45
46 66 135
46 67 45
46 68 45
46 69 135
46 70 45
46 71 45
46 73 45
46 74 135
46 75 135
46 76 135
46 77 135
46 79 135
46 80 45
46 81 135
46 82 45
46 83 45
46 84 135
46 85 45
46 86 135
46 87 45
46 88 135
46 89 45
46 90 135
46 91 135
46 92 135
46 93 45
46 94 135
46 95 45
46 96 45
46 97 135
46 98 45
46 99 45
46 100 45
46 101 45
46 103 135
46 104 135
46 105 135
46 106 45
46 107 135
46 108 135
46 110 45
46 111 135
46 112 45
46 113 45
46 114 45
46 115 135
46 116 45
46 117 135
46 118 135
46 119 45
46 120 45
46 121 135
46 122 45
46 123 135
46 124 45
46 125 45
46 126 45
46 127 45
46 128 45
46 129 45
46 130 135
46 131 135
46 132 135
46 133 45
46 134 45
46 135 45
46 136 45
46 137 45
46 138 45
46 139 45
46 140 45
46 141 45
46 143 45
46 144 45
46 145 45
46 146 135
46 147 45
46 148 45
46 149 45
46 150 45
46 151 135
46 152 45
46 153 45
46 154 45
46 155 45
46 156 135
46 157 45
46 158 45
46 159 135
46 160 45
46 161 135
46 162 135
46 163 135
46 164 45
46 165 45
46 166 135
46 167 45
46 168 45
46 169 45
46 170 135
46 171 135
46 172 135
46 173 45
46 174 45
46 175 45
46 176 45
46 177 45
46 178 45
46 179 45
46 180 135
46 181 45
46 182 135
46 183 135
46 184 45
46 185 45
46 186 45
46 187 135
46 188 135
46 189 45
46 190 45
46 191 45
46 192 135
46 193 135
46 194 45
46 195 135
46 196 45
46 197 135
46 198 135
46 199 45
47 0 135
47 1 135
47 2 45
47 3 135
47 4 45
47 5 45
47 6 135
47 7 135
47 8 45
47 9 45
47 10 135
47 11 45
47 12 135
47 13 135
47 14 135
47 15 135
47 16 135
47 17 135
47 18 135
47 19 45
47 20 45
47 21 45
47 22 45
47 23 135
47 24 135
47 25 45
47 26 45
47 27 135
47 28 135
47 29 45
47 30 45
47 31 135
47 32 135
47 33 135
47 34 135
47 35 135
47 36 45
47 37 45
47 38 135
47 39 135
47 40 45
47 42 135
47 43 45
47 44 45
47 45 45
47 46 135
47 47 135
47 49 135
47 50 45
47 51 135
47 52 135
47 53 135
47 54 45
47 55 45
47 56 45
47 57 45
47 58 135
47 59 45
47 60 45
47 61 135
47 62 45
47 63 135
47 64 45
47 65 135
47 66 45
47 67 45
47 68 135
47 69 135
47 70 45
47 71 45
47 72 45
47 73 135
47 74 135
47 75 45
47 76 135
47 77 45
47 78 135
47 79 135
47 80 45
47 81 135
47 82 45
47 83 135
47 84 45
47 85 45
47 86 45
47 87 45
47 88 45
47 89 45
47 90 135
47 91 45
47 92 45
47 93 45
47 94 45
47 95 45
47 96 45
47 97 45
47 98 45
47 99 45
47 100 45
47 101 45
47 102 45
47 103 135
47 104 135
47 105 45
47 106 135
47 107 135
47 108 45
47 109 45
47 110 135
47 111 135
47 112 45
47 113 135
47 114 45
47 115 45
47 116 135
47 117 45
47 118 45
47 119 45
47 120 45
47 121 45
47 122 135
47 123 135
47 124 135
47 125 45
47 126 45
47 127 135
47 128 135
47 129 45
47 130 135
47 131 135
47 132 135
47 133 135
47 134 45
47 135 135
47 136 45
47 137 135
47 138 45
47 139 135
47 140 135
47 141 45
47 142 45
47 143 135
47 144 45
47 145 135
47 146 135
47 147 135
47 148 45
47 149 135
47 150 135
47 151 135
47 152 135
47 153 135
47 154 45
47 155 45
47 156 135
47 157 135
47 158 45
47 159 45
47 160 45
47 161 45
47 162 135
47 163 45
47 164 135
47 165 135
47 166 135
47 167 135
47 168 45
47 169 45
47 170 45
47 171 45
47 172 45
47 173 45
47 174 135
47 175 45
47 176 45
47 177 135
47 178 135
47 179 135
47 180 135
47 181 45
47 182 135
47 183 45
47 184 135
47 185 135
47 186 135
47 187 45
47 188 45
47 189 45
47 190 135
47 192 45
47 193 45
47 194 135
47 195 45
47 196 45
47 197 45
47 198 135
47 199 45
48 0 45
48 1 135
48 2 45
48 3 45
48 4 45
48 5 45
48 6 135
48 7 135
48 8 45
48 9 135
48 10 45
48 11 45
48 12 45
48 13 45
48 14 135
48 15 135
48 16 45
48 17 45
48 18 135
48 19 45
48 20 135
48 21 45
48 22 45
48 23 135
48 24 45
48 25 135
48 26 135
48 27 45
48 28 135
48 29 135
48 30 135
48 31 135
48 32 135
48 33 45
48 34 135
48 35 45
48 36 135
48 37 45
48 38 135
48 39 135
48 40 45
48 41 45
48 42 45
48 43 135
48 44 135
48 45 45
48 46 135
48 47 135
48 48 135
48 49 135
48 50 45
48 51 135
48 52 45
48 53 45
48 54 45
48 55 135
48 56 45
48 57 45
48 59 45
48 60 135
48 61 45
48 62 135
48 63 135
48 64 45
48 65 45
48 66 45
48 67 45
48 68 45
48 69 135
48 70 45
48 71 135
48 72 135
48 73 135
48 74 135
48 75 45
48 76 135
48 77 45
48 78 45
48 79 135
48 80 45
48 82 45
48 83 135
48 84 45
48 85 45
48 86 45
48 87 135
48 88 45
48 89 135
48 90 45
48 91 45
48 92 45
48 93 135
48 94 45
48 95 135
48 96 45
48 97 45
48 98 135
48 99 135
48 100 135
48 101 135
48 102 45
48 103 45
48 104 45
48 105 45
48 106 135
48 107 135
48 108 135
48 109 135
48 110 135
48 111 45
48 112 135
48 113 135
48 114 45
48 115 135
48 116 45
48 117 45
48 118 135
48 119 135
48 120 135
48 121 135
48 122 45
48 123 135
48 124 45
48 125 135
48 126 135
48 127 45
48 128 45
48 129 45
48 130 45
48 131 45
48 132 135
48 133 45
48 134 135
48 135 45
48 136 45
48 137 45
48 138 135
48 139 45
48 140 45
48 141 45
48 142 45
48 143 135
48 144 45
48 145 45
48 146 45
48 147 135
48 148 135
48 149 45
48 150 135
48 151 135
48 152 45
48 153 45
48 154 135
48 155 45
48 156 135
48 157 135
48 158 135
48 159 45
48 160 45
48 161 135
48 162 45
48 163 135
48 164 135
48 165 135
48 166 45
48 167 45
48 168 45
48 169 135
48 170 135
48 171 45
48 172 135
48 173 45
48 174 45
48 175 45
48 176 45
48 177 135
48 178 45
48 179 135
48 180 135
48 181 135
48 182 45
48 183 135
48 184 135
48 185 135
48 186 45
48 187 45
48 188 135
48 189 45
48 190 45
48 191 135
48 192 135
48 193 45
48 194 45
48 195 45
48 196 135
48 197 135
48 198 45
48 199 135
49 0 45
49 1 45
49 2 45
49 3 45
49 4 45
49 5 135
49 6 45
49 7 45
49 8 135
49 9 135
49 10 45
49 11 45
49 12 45
49 14 45
49 15 45
49 16 45
49 17 135
49 18 135
49 19 45
49 20 45
49 21 45
49 22 135
49 23 135
49 24 135
49 25 45
49 26 135
49 27 135
49 28 135
49 29 45
49 30 45
49 31 45
49 32 135
49 33 135
49 34 45
49 35 135
49 36 135
49 37 135
49 38 135
49 39 135
49 40 45
49 41 135
49 42 135
49 43 45
49 44 135
49 45 135
49 46 45
49 47 135
49 48 135
49 50 45
49 51 45
49 52 45
49 53 135
49 54 135
49 55 45
49 56 135
49 57 45
49 58 45
49 59 135
49 60 135
49 61 45
49 62 135
49 63 135
49 64 135
49 65 135
49 66 45
49 67 135
49 68 135
49 69 45
49 70 45
49 71 45
49 72 135
49 75 45
49 76 135
49 77 135
49 78 45
49 79 45
49 80 45
49 81 45
49 82 135
49 83 135
49 84 45
49 85 45
49 86 45
49 87 45
49 88 135
49 89 45
49 90 135
49 91 45
49 92 135
49 93 135
49 94 135
49 95 45
49 96 135
49 97 45
49 98 135
49 100 45
49 101 135
49 102 135
49 103 45
49 104 45
49 105 135
49 106 45
49 107 135
49 108 45
49 109 135
49 110 135
49 111 135
49 112 135
49 113 45
49 114 45
49 115 135
49 116 135
49 117 135
49 118 45
49 119 135
49 120 135
49 121 135
49 122 135
49 123 45
49 124 45
49 125 45
49 126 135
49 127 45
49 128 45
49 129 135
49 130 135
49 131 135
49 132 45
49 133 45
49 134 45
49 135 135
49 136 135
49 137 135
49 138 135
49 139 45
49 140 45
49 141 135
49 142 45
49 143 45
49 144 45
49 145 135
49 146 135
49 147 135
49 148 135
49 149 45
49 150 135
49 151 45
49 152 135
49 153 135
49 154 45
49 155 45
49 156 45
49 157 135
49 158 135
49 159 45
49 160 135
49 161 135
49 162 135
49 163 135
49 164 135
49 165 45
49 166 45
49 167 135
49 168 135
49 169 135
49 170 45
49 171 135
49 172 135
49 173 45
49 174 45
49 175 45
49 176 45
49 177 135
49 178 135
49 179 135
49 180 45
49 181 45
49 182 135
49 183 45
49 184 135
49 185 135
49 186 45
49 187 135
49 188 135
49 189 45
49 190 45
49 191 135
49 192 135
49 193 135
49 194 135
49 195 135
49 196 45
49 197 135
49 198 135
49 199 45
50 0 135
50 1 135
50 2 135
50 3 135
50 4 135
50 6 135
50 7 45
50 8 135
50 9 135
50 10 45
50 11 45
50 12 135
50 13 135
50 14 45
50 15 135
50 16 45
50 17 45
50 18 45
50 19 45
50 20 45
50 21 45
50 22 45
50 23 135
50 24 135
50 25 45
50 26 45
50 27 135
50 28 45
50 29 45
50 30 135
50 31 45
50 32 45
50 33 45
50 34 135
50 35 45
50 36 45
50 37 45
50 38 45
50 39 135
50 40 45
50 41 45
50 42 135
50 43 135
50 44 45
50 45 45
50 46 45
50 47 45
50 48 45
50 50 45
50 51 135
50 52 135
50 53 135
50 54 45
50 55 45
50 56 135
50 57 45
50 58 135
50 59 45
50 60 45
50 61 135
50 62 135
50 63 45
50 64 45
50 65 45
50 66 135
50 67 135
50 68 135
50 69 135
50 70 45
50 71 135
50 72 135
50 73 45
50 74 45
50 75 45
50 76 45
50 78 135
50 79 45
50 80 45
50 81 45
50 82 45
50 83 45
50 84 45
50 85 135
50 86 135
50 87 135
50 88 45
50 89 45
50 90 45
50 91 135
50 92 135
50 93 135
50 94 45
50 95 135
50 96 45
50 97 45
50 98 135
50 99 45
50 100 135
50 101 135
50 102 45
50 103 45
50 104 135
50 105 135
50 106 45
50 107 135
50 108 135
50 110 135
50 111 135
50 112 135
50 113 135
50 114 45
50 115 135
50 116 45
50 117 135
50 118 45
50 119 135
50 120 135
50 121 135
50 122 135
50 123 45
50 124 135
50 125 45
50 126 45
50 127 45
50 128 45
50 129 45
50 130 135
50 131 45
50 132 45
50 133 135
50 134 45
50 135 135
50 136 135
50 137 135
50 138 135
50 139 45
50 140 45
50 141 45
50 142 135
50 143 45
50 144 45
50 145 45
50 146 45
50 147 135
50 148 135
50 149 135
50 150 135
50 151 45
50 152 45
50 153 45
50 154 45
50 155 45
50 156 135
50 157 135
50 158 45
50 159 135
50 160 135
50 161 135
50 162 135
50 163 45
50 164 45
50 165 135
50 166 135
50 167 135
50 168 45
50 169 135
50 170 135
50 171 45
50 172 135
50 173 135
50 174 135
50 175 135
50 176 135
50 177 135
50 178 45
50 179 135
50 180 45
50 181 45
50 182 45
50 183 135
50 184 135
50 185 135
50 186 135
50 187 135
50 188 135
50 189 135
50 190 135
50 191 45
50 192 45
50 193 45
50 194 45
50 195 45
50 196 45
50 197 45
50 198 45
50 199 135
51 0 45
51 1 135
51 2 45
51 3 135
51 4 135
51 5 135
51 6 45
51 7 45
51 8 135
51 9 45
51 10 45
51 11 45
51 12 45
51 13 45
51 14 45
51 15 45
51 16 135
51 17 45
51 18 135
51 19 45
51 20 135
51 21 45
51 22 135
51 23 45
51 24 45
51 25 45
51 26 135
51 27 45
51 28 135
51 29 135
51 31 45
51 32 45
51 33 45
51 34 45
51 35 135
51 36 45
51 37 45
51 38 45
51 39 45
51 40 135
51 41 135
51 42 135
51 43 135
51 44 135
51 45 45
51 46 45
51 47 45
51 48 135
51 49 135
51 61 135
51 62 135
51 63 135
51 64 135
51 65 45
51 66 45
51 67 45
51 68 135
51 69 45
51 70 135
51 71 135
51 72 135
51 73 45
51 74 135
51 75 135
51 76 45
51 77 45
51 78 45
51 79 135
51 80 45
51 81 45
51 82 45
51 83 45
51 84 135
51 85 45
51 86 135
51 87 135
51 88 135
51 89 135
51 90 45
51 91 135
51 92 45
51 93 45
51 94 45
51 95 135
51 96 45
51 97 45
51 98 135
51 99 45
51 100 135
51 101 45
51 102 45
51 103 45
51 104 45
51 105 135
51 106 45
51 107 135
51 108 45
51 109 45
51 110 135
51 111 135
51 112 135
51 113 45
51 114 45
51 115 135
51 116 135
51 117 135
51 118 135
51 119 135
51 120 45
51 121 45
51 122 135
51 123 45
51 124 135
51 125 135
51 126 45
51 127 135
51 128 45
51 129 45
51 130 45
51 131 135
51 132 135
51 133 45
51 134 45
51 135 135
51 136 135
51 137 45
51 138 45
51 139 45
51 140 135
51 141 135
51 142 45
51 144 135
51 145 135
51 146 45
51 147 135
51 148 45
51 149 45
51 150 45
51 151 45
51 152 135
51 153 135
51 154 45
51 155 135
51 156 45
51 157 135
51 158 135
51 159 45
51 160 45
51 161 135
51 162 45
51 163 135
51 164 45
51 165 45
51 166 45
51 167 45
51 168 45
51 169 45
51 170 135
51 171 135
51 172 45
51 173 45
51 174 45
51 175 135
51 176 45
51 177 135
51 178 135
51 179 135
51 180 45
51 181 45
51 182 135
51 183 45
51 184 135
51 185 45
51 186 45
51 188 45
51 189 45
51 190 135
51 191 45
51 192 45
51 193 45
51 194 135
51 195 45
51 196 45
51 197 45
51 198 135
51 199 135
52 0 135
52 1 135
52 2 135
52 3 45
52 4 135
52 5 45
52 6 45
52 7 135
52 8 45
52 9 135
52 10 135
52 11 45
52 12 45
52 13 135
52 14 45
52 15 45
52 16 135
52 17 45
52 18 135
52 19 135
52 20 135
52 21 135
52 22 45
52 23 135
52 24 45
52 25 135
52 26 45
52 27 135
52 28 45
52 29 45
52 30 135
52 31 135
52 32 135
52 33 45
52 34 135
52 35 135
52 36 45
52 37 135
52 38 45
52 39 135
52 40 135
52 41 45
52 42 45
52 43 45
52 44 45
52 45 135
52 46 135
52 47 45
52 48 45
52 49 45
52 50 135
52 51 135
52 52 135
52 53 135
52 54 45
52 55 135
52 56 135
52 57 45
52 58 135
52 59 135
52 60 135
52 62 45
52 63 135
52 64 45
52 65 45
52 66 45
52 67 45
52 68 45
52 69 45
52 70 135
52 71 45
52 72 135
52 73 135
52 74 135
52 75 135
52 76 135
52 77 45
52 78 135
52 79 135
52 80 45
52 81 135
52 82 45
52 83 135
52 84 135
52 85 45
52 86 45
52 87 45
52 88 45
52 89 135
52 90 45
52 91 45
52 92 45
52 93 135
52 94 45
52 95 45
52 96 45
52 97 45
52 98 135
52 99 45
52 100 135
52 101 45
52 102 45
52 103 135
52 104 45
52 105 45
52 106 45
52 107 45
52 108 45
52 109 135
52 110 45
52 111 45
52 112 135
52 113 45
52 114 45
52 115 135
52 116 135
52 117 45
52 118 45
52 119 45
52 120 135
52 121 45
52 122 135
52 123 135
52 124 45
52 125 135
52 126 45
52 127 45
52 128 45
52 129 135
52 130 135
52 131 135
52 132 135
52 133 135
52 134 135
52 135 45
52 136 45
52 137 135
52 138 45
52 139 45
52 140 45
52 141 45
52 142 45
52 143 45
52 144 45
52 145 135
52 146 135
52 147 135
52 148 45
52 149 135
52 150 45
52 151 45
52 152 45
52 153 135
52 154 135
52 155 45
52 156 45
52 157 135
52 158 45
52 159 45
52 160 45
52 161 135
52 162 135
52 163 135
52 164 45
52 165 45
52 166 45
52 167 45
52 168 45
52 169 45
52 170 45
52 171 135
52 172 45
52 173 135
52 174 45
52 175 135
52 176 135
52 177 45
52 178 45
52 179 45
52 180 45
52 181 45
52 182 45
52 183 45
52 184 45
52 185 45
52 186 45
52 187 135
52 188 135
52 189 45
52 190 135
52 191 135
52 192 135
52 193 45
52 194 45
52 195 45
52 196 135
52 197 135
52 198 135
52 199 135
53 0 135
53 1 45
53 2 135
53 3 45
53 4 135
53 5 45
53 6 135
53 7 135
53 8 45
53 9 135
53 10 135
53 11 135
53 12 135
53 13 135
53 14 135
53 15 135
53 16 135
53 17 45
53 18 135
53 19 45
53 20 135
53 21 45
53 22 135
53 23 45
53 24 45
53 25 45
53 26 45
53 27 135
53 28 135
53 29 45
53 30 135
53 31 45
53 32 45
53 33 135
53 34 135
53 35 135
53 36 135
53 37 135
53 38 135
53 39 135
53 40 45
53 41 135
53 42 45
53 43 45
53 44 135
53 45 135
53 46 135
53 47 45
53 48 135
53 49 135
53 50 45
53 51 135
53 52 45
53 53 45
53 54 45
53 55 45
53 56 45
53 57 135
53 58 45
53 59 45
53 60 135
53 61 135
53 62 135
53 63 135
53 64 135
53 65 45
53 66 135
53 67 135
53 68 45
53 69 45
53 70 45
53 71 135
53 72 45
53 73 135
53 74 135
53 75 135
53 76 45
53 77 45
53 78 135
53 79 135
53 80 45
53 81 45
53 82 135
53 83 135
53 84 45
53 85 45
53 86 135
53 87 135
53 88 135
53 89 135
53 90 45
53 91 45
53 92 45
53 93 45
53 94 135
53 95 135
53 97 135
53 98 45
53 99 45
53 100 45
53 101 45
53 102 135
53 103 135
53 104 45
53 105 135
53 106 135
53 107 135
53 108 135
53 109 135
53 110 135
53 111 45
53 112 45
53 113 45
53 114 135
53 115 135
53 116 135
53 117 45
53 118 45
53 119 135
53 120 45
53 121 135
53 122 135
53 123 45
53 124 135
53 125 135
53 126 135
53 127 45
53 129 135
53 130 135
53 131 45
53 132 45
53 133 135
53 134 45
53 135 135
53 136 45
53 137 45
53 138 45
53 139 135
53 140 45
53 141 45
53 142 45
53 143 45
53 144 45
53 145 135
53 146 135
53 147 135
53 148 135
53 149 135
53 150 45
53 151 45
53 152 135
53 153 45
53 154 45
53 155 135
53 156 135
53 157 135
53 158 135
53 159 45
53 160 45
53 161 135
53 162 135
53 163 135
53 164 135
53 165 135
53 166 45
53 167 45
53 168 135
53 169 45
53 170 45
53 171 45
53 172 45
53 173 45
53 174 45
53 175 45
53 176 45
53 177 45
53 178 45
53 179 45
53 180 135
53 181 45
53 182 45
53 183 45
53 184 135
53 185 135
53 186 135
53 187 45
53 188 45
53 189 135
53 190 45
53 191 135
53 192 135
53 194 135
53 195 45
53 196 45
53 197 135
53 198 135
53 199 135
54 0 135
54 1 45
54 2 45
54 3 135
54 4 45
54 5 45
54 6 135
54 7 45
54 8 135
54 9 135
54 10 45
54 11 135
54 12 135
54 13 135
54 14 135
54 15 135
54 16 135
54 17 135
54 18 45
54 19 135
54 20 45
54 21 135
54 22 135
54 23 135
54 24 45
54 25 45
54 26 45
54 27 135
54 28 45
54 29 135
54 30 135
54 31 45
54 32 135
54 33 45
54 34 45
54 35 45
54 36 135
54 37 45
54 38 135
54 39 45
54 40 45
54 41 135
54 42 45
54 43 45
54 44 135
54 45 45
54 46 45
54 47 135
54 48 135
54 49 45
54 50 135
54 51 45
54 52 135
54 53 45
54 54 45
54 56 45
54 57 45
54 58 135
54 59 135
54 60 135
54 61 135
54 62 135
54 66 135
54 67 45
54 68 135
54 69 135
54 70 45
54 71 45
54 72 45
54 73 45
54 74 45
54 75 135
54 76 135
54 77 135
54 78 135
54 79 45
54 80 45
54 81 135
54 82 135
54 83 45
54 84 135
54 85 135
54 86 45
54 87 45
54 88 135
54 89 135
54 90 45
54 91 45
54 92 135
54 93 135
54 94 135
54 95 135
54 96 45
54 97 45
54 98 45
54 99 45
54 100 45
54 101 45
54 102 45
54 103 45
54 104 45
54 105 45
54 106 135
54 107 45
54 108 135
54 109 45
54 110 45
54 111 45
54 112 45
54 113 45
54 114 135
54 115 45
54 116 45
54 117 45
54 118 45
54 119 45
54 120 135
54 121 45
54 122 45
54 123 135
54 124 135
54 125 135
54 126 135
54 127 135
54 128 135
54 129 45
54 130 45
54 131 45
54 132 135
54 133 135
54 134 135
54 135 135
54 136 135
54 137 45
54 138 135
54 139 45
54 140 135
54 141 45
54 142 135
54 143 45
54 144 135
54 145 135
54 146 135
54 147 45
54 148 135
54 149 135
54 150 45
54 151 45
54 152 45
54 153 45
54 154 135
54 155 45
54 156 135
54 157 45
54 158 45
54 159 135
54 160 135
54 161 135
54 162 45
54 163 45
54 164 45
54 165 135
54 166 135
54 167 135
54 168 45
54 169 45
54 170 135
54 171 135
54 172 135
54 173 135
54 174 135
54 175 45
54 176 45
54 178 135
54 179 135
54 180 45
54 181 135
54 182 135
54 183 135
54 184 135
54 185 45
54 186 45
54 187 45
54 188 45
54 189 135
54 190 45
54 191 45
54 192 45
54 193 45
54 194 45
54 195 135
54 196 45
54 197 135
54 198 45
54 199 135
55 0 135
55 1 45
55 2 45
55 3 135
55 4 135
55 5 135
55 6 135
55 7 135
55 8 135
55 9 135
55 10 45
55 11 45
55 12 45
55 13 135
55 14 45
55 15 45
55 16 135
55 17 135
55 18 45
55 19 45
55 20 45
55 21 135
55 22 135
55 23 135
55 24 45
55 25 135
55 26 45
55 27 45
55 28 135
55 29 135
55 30 45
55 31 45
55 32 45
55 33 135
55 34 45
55 35 135
55 36 135
55 37 45
55 38 45
55 39 45
55 40 135
55 41 135
55 42 45
55 43 135
55 44 45
55 45 135
55 46 135
55 47 45
55 48 135
55 49 135
55 50 135
55 51 135
55 52 135
55 53 135
55 54 45
55 55 45
55 56 45
55 57 135
55 58 135
55 59 135
55 60 45
55 61 135
55 62 135
55 63 45
55 64 135
55 65 135
55 67 135
55 68 45
55 69 135
55 70 135
55 71 135
55 72 135
55 73 45
55 74 45
55 75 135
55 76 45
55 77 135
55 78 45
55 79 135
55 80 45
55 81 135
55 82 135
55 83 135
55 84 135
55 85 45
55 86 45
55 87 135
55 88 135
55 89 45
55 90 45
55 91 45
55 92 135
55 93 135
55 94 45
55 95 135
55 96 135
55 97 135
55 98 135
55 99 45
55 100 45
55 101 45
55 102 135
55 103 45
55 104 135
55 105 135
55 106 45
55 107 45
55 108 135
55 109 135
55 110 45
55 111 45
55 112 45
55 113 135
55 114 45
55 115 45
55 116 135
55 117 135
55 118 45
55 119 135
55 120 135
55 121 135
55 122 45
55 123 45
55 124 135
55 125 45
55 126 135
55 127 135
55 128 135
55 129 135
55 130 45
55 131 135
55 132 135
55 133 135
55 134 135
55 135 45
55 136 135
55 137 45
55 138 45
55 139 135
55 140 45
55 141 135
55 142 45
55 143 45
55 144 135
55 145 135
55 146 45
55 147 135
55 148 135
55 149 45
55 150 135
55 152 135
55 153 45
55 154 45
55 155 135
55 156 45
55 157 45
55 158 45
55 159 45
55 160 45
55 161 135
55 162 45
55 163 45
55 164 135
55 165 135
55 166 45
55 167 45
55 168 135
55 169 45
55 170 45
55 171 45
55 172 135
55 173 135
55 174 135
55 175 45
55 176 135
55 177 135
55 178 135
55 179 135
55 180 135
55 181 45
55 182 45
55 183 135
55 184 135
55 185 45
55 186 135
55 187 135
55 188 135
55 189 135
55 190 45
55 191 135
55 192 45
55 193 135
55 194 135
55 195 45
55 196 45
55 197 135
55 198 45
55 199 135
56 0 45
56 1 45
56 2 45
56 3 135
56 4 135
56 5 135
56 6 135
56 7 135
56 8 135
56 9 135
56 10 45
56 11 135
56 12 45
56 13 135
56 14 135
56 15 135
56 16 45
56 17 45
56 18 45
56 19 135
56 20 45
56 21 135
56 22 135
56 23 135
56 24 135
56 25 45
56 26 45
56 27 45
56 28 45
56 29 135
56 30 45
56 31 135
56 32 135
56 33 135
56 34 45
56 35 45
56 36 45
56 37 45
56 38 135
56 39 45
56 40 135
56 41 135
56 42 45
56 43 135
56 44 135
56 45 135
56 46 135
56 47 45
56 48 135
56 49 135
56 50 45
56 51 45
56 52 45
56 53 135
56 54 45
56 55 45
56 56 135
56 57 45
56 58 45
56 59 45
56 60 45
56 61 45
56 62 135
56 63 135
56 64 45
56 65 135
56 67 45
56 68 45
56 69 45
56 70 135
56 71 135
56 72 135
56 73 45
56 74 45
56 75 135
56 76 45
56 77 135
56 78 45
56 79 135
56 80 45
56 81 45
56 82 135
56 83 135
56 84 135
56 85 45
56 86 135
56 87 135
56 88 45
56 89 45
56 90 135
56 91 45
56 93 135
56 94 45
56 95 135
56 96 45
56 97 45
56 98 135
56 99 45
56 100 45
56 101 135
56 102 135
56 103 135
56 104 45
56 105 135
56 106 45
56 108 45
56 109 135
56 110 45
56 111 135
56 112 135
56 113 135
56 114 135
56 115 135
56 116 135
56 117 135
56 118 45
56 119 135
56 120 45
56 121 135
56 122 135
56 124 135
56 125 45
56 126 135
56 127 45
56 128 45
56 129 135
56 130 45
56 131 45
56 132 135
56 133 135
56 134 45
56 135 45
56 136 45
56 137 135
56 138 135
56 139 135
56 140 45
56 141 45
56 142 45
56 143 135
56 144 135
56 145 135
56 146 135
56 147 45
56 148 135
56 149 45
56 150 135
56 151 45
56 152 135
56 153 135
56 154 135
56 155 135
56 156 45
56 157 45
56 158 135
56 159 45
56 160 45
56 161 45
56 162 135
56 163 135
56 164 135
56 165 135
56 166 135
56 167 45
56 168 45
56 169 45
56 170 45
56 171 135
56 172 45
56 173 45
56 174 45
56 176 45
56 177 45
56 178 135
56 179 45
56 180 45
56 181 135
56 182 135
56 183 45
56 184 45
56 185 45
56 186 45
56 187 135
56 188 135
56 189 45
56 190 135
56 191 45
56 192 45
56 193 135
56 194 45
56 195 45
56 196 45
56 197 135
56 198 135
56 199 135
57 0 135
57 1 45
57 2 135
57 3 45
57 4 45
57 5 135
57 6 135
57 7 45
57 8 135
57 9 135
57 10 45
57 11 135
57 12 135
57 13 135
57 14 135
57 15 135
57 16 135
57 17 45
57 18 45
57 19 45
57 20 135
57 21 45
57 22 135
57 23 135
57 24 135
57 25 45
57 26 45
57 27 45
57 28 45
57 29 45
57 30 135
57 31 135
57 32 45
57 33 45
57 34 45
57 35 135
57 36 135
57 37 45
57 38 135
57 39 135
57 40 45
57 41 135
57 42 135
57 43 45
57 44 45
57 45 135
57 46 45
57 47 45
57 48 135
57 49 45
57 50 45
57 51 45
57 52 135
57 53 45
57 54 135
57 55 135
57 56 135
57 57 45
57 58 135
57 59 135
57 60 135
57 61 45
57 62 135
57 63 45
57 64 135
57 65 45
57 67 45
57 68 135
57 69 45
57 70 45
57 71 45
57 72 45
57 73 135
57 74 135
57 75 45
57 77 135
57 78 135
57 79 45
57 80 135
57 81 135
57 82 45
57 83 45
57 84 45
57 85 45
57 86 45
57 87 135
57 88 45
57 90 135
57 91 45
57 92 45
57 93 45
57 94 135
57 95 45
57 96 45
57 97 45
57 98 135
57 99 135
57 100 135
57 101 135
57 102 45
57 103 135
57 104 45
57 105 135
57 106 45
57 107 45
57 108 135
57 109 45
57 110 135
57 111 45
57 112 45
57 113 45
57 114 45
57 115 135
57 116 45
57 117 45
57 118 135
57 119 45
57 120 135
57 121 45
57 122 135
57 123 45
57 124 45
57 125 135
57 126 135
57 127 135
57 128 135
57 129 135
57 130 45
57 131 135
57 132 135
57 133 45
57 134 135
57 135 45
57 136 135
57 137 45
57 138 45
57 139 45
57 140 45
57 141 135
57 142 135
57 143 135
57 144 135
57 145 135
57 146 135
57 147 135
57 148 135
57 149 135
57 150 135
57 151 135
57 152 135
57 153 45
57 154 135
57 155 135
57 156 45
57 157 45
57 158 135
57 159 45
57 160 135
57 161 135
57 162 135
57 163 135
57 164 135
57 165 135
57 166 45
57 167 135
57 168 45
57 169 45
57 170 45
57 171 135
57 172 135
57 173 45
57 174 135
57 175 135
57 176 45
57 177 135
57 178 135
57 179 135
57 180 135
57 181 135
57 182 135
57 183 135
57 184 135
57 185 135
57 186 135
57 187 45
57 188 45
57 189 45
57 190 135
57 191 45
57 192 45
57 193 135
57 194 45
57 195 45
57 196 135
57 197 135
57 198 135
57 199 45
58 0 135
58 1 45
58 2 135
58 3 135
58 4 45
58 5 135
58 6 45
58 7 45
58 8 45
58 9 45
58 10 45
58 11 135
58 12 45
58 13 45
58 14 135
58 15 135
58 16 135
58 17 45
58 18 135
58 19 135
58 20 135
58 21 135
58 22 135
58 23 135
58 24 135
58 25 135
58 26 45
58 27 45
58 28 45
58 29 45
58 30 45
58 31 45
58 32 135
58 33 135
58 34 45
58 35 135
58 36 135
58 37 45
58 38 135
58 39 135
58 40 135
58 41 135
58 42 45
58 43 45
58 44 45
58 45 135
58 46 45
58 47 135
58 48 135
58 49 135
58 50 45
58 51 45
58 52 135
58 53 45
58 54 45
58 55 135
58 56 135
58 57 45
58 58 135
58 59 135
58 60 45
58 61 45
58 62 135
58 63 45
58 64 45
58 65 135
58 67 135
58 68 135
58 69 135
58 70 45
58 71 135
58 72 135
58 73 45
58 74 135
58 75 135
58 76 135
58 77 45
58 78 45
58 79 45
58 80 135
58 81 45
58 82 45
58 83 45
58 84 135
58 85 135
58 86 45
58 87 45
58 88 135
58 89 45
58 90 45
58 91 135
58 92 135
58 93 45
58 94 135
58 95 45
58 96 135
58 97 45
58 98 45
58 99 135
58 100 135
58 101 135
58 102 45
58 103 135
58 104 135
58 105 45
58 106 135
58 107 45
58 108 45
58 109 45
58 110 45
58 111 135
58 112 45
58 113 45
58 114 135
58 115 45
58 116 45
58 117 45
58 118 45
58 119 135
58 120 45
58 121 135
58 122 135
58 123 135
58 124 45
58 125 135
58 126 135
58 127 45
58 128 45
58 129 45
58 130 45
58 131 45
58 132 45
58 133 135
58 134 45
58 135 45
58 136 45
58 137 45
58 138 45
58 139 135
58 140 45
58 141 45
58 142 45
58 143 45
58 144 45
58 145 45
58 146 135
58 147 45
58 148 45
58 149 135
58 150 135
58 151 135
58 152 45
58 153 45
58 154 45
58 155 135
58 156 45
58 157 135
58 158 135
58 159 135
58 160 135
58 161 45
58 162 45
58 163 45
58 164 135
58 165 45
58 166 45
58 167 135
58 168 45
58 169 135
58 170 135
58 171 45
58 172 45
58 173 45
58 174 45
58 175 135
58 176 135
58 177 45
58 178 45
58 179 135
58 180 135
58 181 135
58 182 45
58 183 45
58 184 135
58 185 45
58 186 135
58 187 135
58 188 45
58 189 135
58 190 135
58 191 45
58 192 45
58 193 45
58 194 45
58 195 45
58 196 135
58 197 135
58 198 45
58 199 45
59 0 45
59 1 45
59 2 45
59 3 135
59 4 135
59 5 135
59 6 135
59 7 135
59 8 135
59 9 45
59 10 45
59 11 135
59 12 135
59 13 45
59 14 45
59 15 45
59 16 135
59 17 135
59 18 45
59 19 135
59 20 45
59 21 45
59 22 135
59 23 45
59 24 45
59 25 45
59 26 45
59 27 135
59 28 135
59 29 45
59 30 135
59 31 45
59 32 45
59 33 45
59 34 45
59 35 45
59 36 135
59 37 45
59 38 45
59 39 45
59 40 45
59 41 45
59 42 135
59 43 135
59 44 135
59 45 135
59 46 135
59 47 45
59 48 45
59 49 135
59 50 135
59 51 45
59 52 135
59 53 45
59 54 45
59 55 135
59 56 135
59 57 45
59 58 45
59 59 135
59 60 135
59 61 135
59 62 135
59 63 135
59 64 135
59 65 135
59 67 135
59 68 135
59 69 135
59 70 45
59 71 135
59 72 45
59 73 135
59 74 45
59 75 45
59 76 135
59 77 135
59 78 45
59 79 135
59 80 135
59 81 135
59 82 135
59 83 45
59 84 45
59 85 45
59 86 45
59 87 45
59 88 45
59 89 45
59 90 45
59 91 45
59 92 45
59 93 45
59 94 135
59 95 45
59 96 135
59 97 45
59 98 45
59 99 45
59 100 135
59 101 135
59 102 45
59 103 135
59 104 135
59 105 135
59 106 45
59 107 45
59 108 45
59 109 135
59 110 45
59 111 135
59 112 135
59 113 135
59 114 45
59 115 135
59 116 45
59 117 135
59 118 135
59 119 45
59 120 135
59 121 45
59 122 45
59 123 135
59 124 135
59 125 135
59 126 135
59 127 135
59 128 45
59 129 45
59 130 135
59 131 45
59 132 135
59 133 45
59 134 135
59 135 45
59 136 135
59 137 45
59 138 45
59 139 135
59 140 135
59 141 135
59 142 135
59 143 135
59 144 135
59 145 45
59 146 45
59 147 45
59 148 135
59 149 135
59 150 45
59 151 135
59 152 135
59 153 135
59 154 135
59 155 135
59 156 45
59 157 135
59 158 135
59 159 135
59 160 45
59 161 45
59 163 135
59 164 45
59 165 135
59 166 45
59 167 45
59 168 45
59 169 45
59 170 135
59 171 135
59 172 45
59 173 135
59 174 45
59 175 45
59 176 45
59 177 45
59 178 45
59 179 135
59 180 45
59 181 45
59 182 135
59 183 45
59 184 135
59 185 45
59 186 135
59 187 45
59 188 135
59 190 135
59 191 45
59 192 45
59 193 135
59 194 45
59 195 45
59 196 45
59 197 45
59 198 135
59 199 135
60 0 45
60 1 135
60 2 135
60 3 135
60 4 135
60 5 135
60 6 45
60 7 135
60 8 45
60 9 45
60 10 135
60 11 45
60 12 45
60 13 45
60 14 45
60 15 45
60 16 45
60 17 45
60 18 135
60 19 45
60 20 135
60 21 45
60 22 135
60 23 135
60 24 45
60 25 135
60 26 45
60 27 135
60 28 135
60 30 135
60 31 135
60 32 135
60 33 45
60 34 45
60 35 45
60 36 135
60 37 135
60 38 135
60 39 45
60 40 135
60 41 135
60 42 135
60 43 135
60 44 45
60 45 45
60 47 135
60 48 135
60 49 135
60 50 45
60 51 45
60 52 45
60 53 45
60 54 45
60 55 135
60 56 45
60 57 45
60 58 135
60 59 45
60 60 45
60 61 135
60 62 45
60 63 135
60 64 45
60 65 135
60 66 135
60 71 135
60 72 45
60 73 45
60 74 135
60 75 45
60 76 45
60 77 135
60 78 135
60 79 45
60 80 135
60 81 135
60 82 135
60 83 135
60 84 135
60 85 45
60 86 45
60 87 135
60 88 45
60 89 45
60 90 45
60 91 135
60 92 135
60 93 135
60 94 45
60 95 135
60 96 45
60 97 45
60 98 45
60 99 135
60 101 135
60 102 45
60 103 135
60 104 135
60 105 135
60 106 45
60 107 45
60 108 45
60 109 135
60 110 45
60 111 135
60 112 135
60 113 135
60 114 135
60 115 135
60 116 135
60 117 135
60 118 45
60 119 45
60 120 45
60 121 135
60 122 45
60 123 45
60 124 135
60 125 135
60 126 45
60 127 135
60 128 135
60 129 135
60 130 45
60 131 45
60 132 135
60 133 135
60 134 135
60 135 135
60 136 135
60 137 45
60 138 135
60 139 135
60 140 135
60 141 45
60 142 45
60 143 45
60 144 135
60 145 135
60 146 45
60 147 45
60 148 135
60 149 135
60 150 45
60 151 45
60 152 135
60 153 135
60 154 45
60 155 45
60 156 135
60 157 45
60 158 135
60 159 45
60 160 45
60 161 135
60 162 135
60 163 135
60 164 45
60 165 45
60 166 135
60 167 45
60 168 135
60 169 135
60 170 135
60 172 45
60 173 135
60 174 45
60 175 135
60 176 45
60 177 135
60 178 45
60 179 135
60 180 135
60 181 45
60 182 135
60 183 45
60 184 45
60 185 135
60 186 45
60 187 45
60 188 135
60 189 135
60 190 135
60 191 45
60 192 135
60 193 45
60 194 135
60 195 135
60 196 45
60 197 135
60 198 45
60 199 135
61 0 45
61 1 45
61 2 135
61 3 135
61 4 135
61 5 45
61 6 135
61 7 45
61 8 45
61 9 135
61 10 45
61 11 45
61 12 135
61 13 135
61 14 135
61 15 135
61 16 45
61 17 135
61 18 135
61 19 135
61 20 135
61 21 45
61 22 45
61 23 45
61 24 135
61 25 45
61 26 135
61 27 135
61 28 45
61 29 135
61 30 135
61 31 45
61 32 135
61 33 45
61 34 135
61 35 135
61 36 135
61 37 45
61 38 45
61 39 135
61 40 45
61 41 45
61 42 45
61 43 45
61 44 45
61 45 135
61 46 135
61 47 135
61 48 135
61 49 135
61 50 45
61 52 45
61 53 45
61 54 135
61 55 45
61 56 45
61 57 45
61 58 45
61 59 45
61 60 45
61 61 45
61 62 135
61 63 45
61 64 135
61 65 45
61 66 45
61 67 45
61 68 135
61 69 45
61 70 135
61 72 135
61 73 135
61 74 45
61 75 45
61 76 45
61 77 45
61 78 135
61 79 45
61 80 45
61 81 45
61 82 45
61 83 135
61 84 135
61 85 135
61 86 135
61 87 45
61 88 135
61 89 135
61 90 45
61 91 135
61 92 135
61 93 45
61 95 135
61 96 45
61 97 45
61 98 135
61 99 45
61 100 45
61 101 135
61 102 135
61 103 135
61 104 45
61 105 45
61 106 45
61 107 45
61 108 45
61 109 135
61 110 135
61 111 45
61 112 135
61 113 135
61 114 135
61 115 45
61 116 45
61 117 45
61 118 135
61 119 45
61 120 135
61 121 135
61 122 45
61 123 45
61 124 135
61 125 45
61 126 45
61 127 45
61 128 45
61 129 45
61 130 45
61 131 135
61 132 45
61 133 45
61 134 45
61 135 45
61 136 135
61 137 45
61 138 135
61 139 135
61 140 45
61 141 45
61 142 135
61 143 135
61 144 45
61 145 45
61 146 135
61 147 135
61 148 135
61 149 45
61 150 45
61 151 135
61 152 135
61 153 135
61 154 45
61 155 45
61 156 135
61 157 45
61 158 45
61 159 45
61 160 45
61 161 45
61 162 135
61 163 45
61 164 135
61 165 45
61 166 45
61 167 135
61 168 135
61 169 135
61 170 45
61 171 135
61 172 135
61 173 135
61 174 135
61 175 45
61 176 45
61 177 135
61 178 135
61 179 45
61 180 45
61 181 135
61 182 135
61 183 45
61 184 135
61 185 135
61 186 135
61 187 135
61 188 135
61 189 135
61 190 45
61 191 135
61 192 45
61 193 45
61 194 45
61 195 45
61 196 135
61 197 135
61 198 135
61 199 135
62 0 135
62 1 135
62 2 45
62 3 45
62 4 135
62 5 45
62 6 135
62 7 135
62 8 45
62 9 45
62 10 45
62 11 135
62 12 45
62 13 45
62 14 45
62 15 45
62 16 45
62 17 135
62 18 45
62 19 135
62 20 135
62 21 135
62 22 135
62 23 45
62 24 45
62 25 45
62 26 135
62 27 135
62 28 45
62 29 135
62 30 45
62 31 135
62 32 135
62 33 45
62 34 45
62 35 45
62 36 135
62 37 135
62 38 45
62 39 135
62 40 45
62 41 135
62 42 135
62 43 45
62 44 135
62 45 45
62 46 135
62 47 135
62 48 45
62 49 45
62 50 135
62 51 135
62 52 135
62 53 135
62 54 45
62 55 45
62 56 45
62 57 135
62 58 45
62 59 135
62 60 135
62 61 135
62 62 135
62 63 135
62 64 135
62 65 45
62 66 45
62 67 135
62 68 135
62 69 135
62 70 135
62 71 135
62 72 135
62 73 135
62 74 135
62 75 45
62 76 135
62 77 45
62 78 135
62 79 45
62 80 45
62 81 45
62 82 45
62 83 45
62 84 135
62 85 45
62 86 45
62 87 135
62 88 45
62 89 135
62 90 135
62 91 45
62 92 135
62 94 135
62 95 45
62 96 45
62 97 135
62 98 135
62 99 135
62 100 45
62 101 135
62 102 135
62 103 135
62 104 45
62 105 135
62 106 45
62 107 45
62 108 45
62 109 45
62 110 45
62 111 45
62 112 135
62 113 135
62 114 45
62 115 135
62 116 135
62 117 45
62 118 135
62 119 135
62 120 135
62 121 45
62 122 45
62 123 135
62 124 45
62 125 135
62 126 135
62 127 45
62 128 45
62 129 135
62 130 45
62 131 45
62 132 135
62 133 135
62 134 45
62 135 45
62 136 135
62 137 45
62 138 135
62 139 45
62 140 45
62 141 135
62 142 135
62 143 45
62 144 135
62 145 135
62 146 45
62 147 135
62 148 45
62 149 45
62 150 45
62 151 45
62 152 135
62 153 45
62 154 135
62 155 45
62 156 45
62 157 45
62 158 135
62 159 45
62 160 135
62 161 45
62 162 135
62 163 45
62 164 45
62 165 45
62 166 45
62 167 45
62 168 135
62 169 45
62 170 45
62 171 135
62 172 135
62 173 135
62 174 45
62 175 135
62 176 135
62 177 45
62 178 45
62 179 45
62 180 45
62 181 45
62 182 135
62 183 135
62 184 135
62 185 45
62 186 45
62 187 45
62 188 45
62 189 135
62 190 135
62 191 135
62 192 135
62 193 135
62 194 135
62 195 135
62 196 135
62 197 45
62 198 135
62 199 45
63 0 135
63 1 135
63 2 45
63 3 135
63 4 45
63 5 45
63 6 135
63 7 45
63 8 135
63 9 45
63 10 45
63 11 45
63 12 135
63 13 135
63 14 45
63 15 135
63 16 135
63 17 135
63 18 135
63 19 45
63 20 45
63 21 135
63 22 45
63 23 135
63 24 45
63 25 45
63 26 135
63 27 45
63 28 135
63 29 45
63 30 45
63 31 45
63 32 135
63 33 45
63 34 45
63 35 135
63 36 135
63 37 135
63 38 135
63 39 45
63 40 45
63 41 135
63 42 45
63 43 45
63 44 135
63 45 45
63 46 45
63 47 45
63 48 135
63 49 45
63 50 45
63 51 45
63 52 45
63 53 45
63 54 135
63 55 45
63 56 45
63 57 45
63 58 45
63 59 45
63 60 45
63 61 135
63 62 45
63 63 45
63 64 45
63 65 45
63 66 135
63 67 45
63 68 45
63 69 45
63 70 135
63 71 135
63 73 135
63 74 135
63 75 135
63 76 135
63 77 45
63 78 135
63 79 45
63 80 135
63 81 135
63 82 45
63 83 45
63 84 45
63 85 135
63 86 135
63 87 135
63 88 45
63 89 45
63 90 135
63 91 45
63 92 135
63 93 45
63 94 135
63 95 135
63 96 45
63 97 45
63 98 45
63 99 135
63 100 45
63 101 135
63 102 135
63 103 45
63 104 45
63 105 45
63 106 45
63 107 135
63 108 45
63 109 135
63 110 45
63 111 45
63 112 135
63 113 135
63 114 45
63 115 135
63 116 45
63 117 45
63 118 45
63 119 45
63 120 135
63 121 135
63 122 135
63 123 135
63 124 135
63 125 135
63 126 135
63 127 135
63 128 45
63 129 135
63 130 135
63 131 45
63 132 135
63 133 45
63 134 45
63 136 45
63 137 135
63 138 45
63 139 135
63 140 45
63 141 45
63 142 135
63 143 45
63 144 135
63 145 45
63 146 45
63 147 45
63 148 135
63 149 135
63 150 135
63 151 135
63 152 45
63 153 135
63 154 45
63 155 135
63 156 135
63 157 45
63 158 45
63 159 45
63 160 135
63 161 45
63 162 135
63 163 45
63 164 135
63 165 135
63 166 45
63 167 135
63 168 45
63 169 45
63 170 45
63 171 45
63 172 45
63 173 45
63 174 135
63 175 45
63 176 45
63 177 45
63 178 135
63 179 135
63 180 135
63 181 45
63 182 45
63 183 45
63 184 45
63 185 45
63 186 135
63 187 45
63 188 135
63 189 135
63 190 135
63 191 45
63 192 135
63 193 135
63 194 45
63 195 45
63 196 45
63 197 45
63 198 135
63 199 45
64 0 135
64 1 135
64 2 135
64 3 135
64 4 45
64 5 135
64 6 45
64 7 135
64 8 135
64 9 135
64 10 45
64 11 45
64 12 135
64 13 135
64 14 135
64 15 135
64 16 45
64 17 45
64 18 45
64 19 45
64 20 135
64 21 45
64 22 45
64 23 135
64 24 135
64 25 45
64 26 45
64 27 135
64 28 135
64 29 135
64 30 45
64 31 135
64 32 45
64 33 45
64 34 135
64 35 45
64 36 45
64 37 45
64 38 45
64 39 45
64 40 45
64 41 135
64 42 135
64 43 135
64 44 45
64 45 45
64 46 45
64 47 135
64 48 135
64 49 135
64 50 135
64 51 45
64 52 45
64 53 45
64 54 45
64 55 45
64 56 135
64 57 45
64 58 135
64 59 135
64 60 45
64 61 45
64 62 135
64 63 135
64 64 135
64 65 45
64 66 45
64 67 45
64 68 135
64 69 45
64 70 45
64 71 135
64 73 135
64 74 135
64 75 45
64 76 135
64 77 45
64 78 45
64 79 45
64 80 45
64 81 45
64 82 45
64 83 45
64 84 135
64 85 45
64 86 135
64 87 135
64 88 135
64 89 45
64 90 45
64 91 135
64 92 45
64 93 45
64 94 135
64 95 45
64 96 135
64 97 45
64 98 135
64 99 135
64 100 45
64 101 135
64 102 135
64 103 45
64 104 135
64 105 135
64 106 45
64 107 135
64 108 135
64 109 45
64 110 135
64 111 135
64 112 135
64 113 135
64 114 135
64 115 135
64 116 45
64 117 135
64 118 135
64 119 135
64 120 45
64 121 135
64 123 135
64 124 45
64 125 135
64 126 45
64 127 45
64 128 135
64 129 45
64 130 45
64 131 135
64 132 135
64 133 135
64 134 135
64 135 45
64 136 135
64 137 45
64 138 135
64 139 135
64 140 45
64 141 135
64 142 135
64 143 45
64 144 135
64 145 135
64 146 135
64 147 45
64 148 135
64 149 135
64 150 45
64 151 45
64 152 135
64 153 45
64 154 135
64 155 135
64 156 45
64 157 135
64 158 135
64 159 135
64 160 45
64 161 135
64 162 45
64 163 135
64 164 45
64 165 135
64 166 135
64 167 45
64 168 135
64 169 135
64 170 135
64 171 135
64 172 135
64 173 135
64 174 45
64 175 45
64 176 135
64 177 135
64 178 135
64 179 135
64 180 135
64 181 45
64 182 135
64 183 135
64 184 135
64 186 45
64 187 135
64 188 135
64 189 135
64 190 45
64 191 135
64 192 45
64 194 135
64 195 135
64 196 135
64 197 45
64 198 45
64 199 135
65 0 135
65 2 135
65 3 135
65 4 45
65 5 135
65 6 45
65 7 45
65 8 45
65 9 135
65 10 45
65 11 135
65 12 135
65 13 135
65 14 135
65 15 45
65 16 45
65 17 45
65 18 45
65 19 45
65 20 45
65 21 45
65 22 45
65 23 45
65 24 45
65 25 135
65 26 45
65 27 45
65 28 135
65 29 135
65 30 135
65 31 135
65 33 135
65 34 135
65 35 45
65 36 45
65 37 45
65 38 45
65 39 45
65 40 135
65 41 45
65 42 135
65 43 135
65 44 45
65 45 45
65 46 45
65 47 135
65 48 45
65 49 135
65 50 45
65 51 45
65 52 135
65 53 135
65 54 45
65 55 135
65 56 45
65 57 45
65 58 135
65 59 45
65 60 135
65 61 45
65 62 135
65 63 45
65 64 135
65 65 45
65 67 135
65 68 135
65 69 135
65 70 45
65 71 45
65 73 45
65 74 135
65 75 135
65 76 45
65 77 45
65 78 135
65 79 45
65 80 135
65 81 135
65 82 135
65 83 135
65 84 135
65 85 135
65 86 45
65 87 45
65 88 45
65 89 45
65 90 135
65 91 135
65 92 135
65 93 45
65 94 45
65 95 45
65 96 45
65 97 45
65 98 135
65 99 135
65 100 135
65 101 135
65 102 135
65 103 45
65 104 135
65 105 135
65 106 45
65 107 135
65 108 135
65 109 45
65 110 135
65 111 135
65 112 135
65 113 45
65 114 45
65 115 135
65 116 135
65 117 45
65 118 45
65 119 135
65 120 45
65 121 135
65 122 45
65 123 45
65 124 45
65 125 135
65 126 45
65 128 135
65 129 45
65 130 45
65 131 45
65 132 135
65 133 45
65 134 45
65 135 135
65 136 45
65 137 45
65 138 135
65 139 45
65 140 45
65 141 135
65 142 45
65 143 135
65 144 45
65 145 45
65 146 135
65 147 135
65 148 135
65 149 135
65 150 135
65 151 135
65 152 45
65 153 135
65 154 135
65 155 45
65 156 135
65 158 135
65 159 135
65 160 135
65 161 135
65 162 45
65 163 45
65 164 135
65 165 45
65 166 135
65 167 135
65 168 135
65 169 135
65 170 135
65 171 45
65 172 135
65 173 45
65 174 135
65 175 135
65 176 135
65 177 135
65 178 45
65 179 45
65 180 135
65 181 45
65 182 135
65 183 135
65 184 135
65 185 135
65 186 45
65 187 135
65 188 45
65 189 135
65 190 45
65 191 135
65 192 45
65 193 45
65 194 45
65 195 135
65 196 45
65 197 135
65 198 135
65 199 45
66 0 135
66 1 135
66 2 135
66 3 135
66 4 135
66 5 45
66 6 135
66 7 135
66 8 45
66 9 45
66 10 135
66 11 135
66 12 45
66 13 135
66 14 45
66 15 135
66 16 135
66 17 45
66 18 135
66 19 135
66 20 135
66 21 45
66 22 45
66 23 45
66 24 135
66 25 135
66 26 45
66 27 135
66 28 135
66 29 135
66 30 45
66 31 45
66 32 45
66 33 135
66 34 135
66 35 45
66 36 135
66 37 45
66 38 45
66 39 45
66 40 135
66 41 135
66 42 45
66 43 45
66 44 45
66 45 45
66 46 45
66 47 45
66 48 45
66 49 45
66 50 135
66 51 135
66 52 45
66 53 135
66 54 135
66 55 45
66 56 45
66 57 135
66 58 135
66 59 135
66 60 135
66 61 135
66 62 45
66 63 135
66 65 45
66 66 135
66 67 45
66 68 135
66 69 45
66 70 135
66 71 135
66 73 45
66 74 45
66 75 45
66 76 45
66 77 45
66 78 135
66 79 135
66 81 45
66 82 45
66 83 45
66 84 135
66 85 45
66 86 45
66 87 135
66 88 135
66 89 135
66 90 45
66 91 135
66 92 45
66 93 45
66 94 45
66 95 135
66 96 45
66 97 45
66 98 135
66 99 135
66 100 45
66 101 45
66 102 135
66 103 135
66 104 45
66 105 45
66 106 45
66 107 135
66 108 45
66 109 45
66 110 135
66 111 45
66 112 45
66 113 135
66 114 45
66 115 45
66 116 135
66 117 45
66 118 135
66 119 135
66 120 45
66 121 45
66 122 45
66 123 45
66 124 45
66 125 135
66 126 135
66 127 45
66 128 135
66 129 135
66 130 135
66 131 135
66 132 45
66 133 45
66 134 45
66 135 135
66 136 135
66 137 45
66 138 135
66 139 45
66 140 135
66 141 135
66 142 135
66 143 135
66 144 135
66 145 135
66 146 135
66 147 45
66 148 45
66 149 135
66 150 135
66 151 45
66 152 135
66 153 45
66 154 45
66 155 45
66 156 45
66 157 135
66 158 135
66 159 45
66 160 45
66 161 135
66 162 45
66 163 45
66 164 45
66 165 135
66 166 135
66 167 45
66 168 45
66 169 45
66 170 135
66 171 45
66 172 45
66 173 45
66 174 135
66 175 45
66 176 135
66 177 45
66 178 45
66 179 45
66 180 45
66 181 135
66 182 135
66 183 45
66 184 45
66 185 135
66 186 45
66 187 135
66 188 45
66 189 135
66 190 45
66 191 45
66 192 45
66 193 135
66 194 45
66 195 135
66 196 45
66 197 135
66 198 135
66 199 135
67 0 45
67 1 135
67 2 45
67 3 135
67 4 45
67 5 45
67 6 45
67 7 45
67 8 45
67 9 135
67 10 135
67 11 45
67 12 135
67 13 45
67 14 45
67 15 45
67 16 135
67 17 45
67 18 135
67 20 45
67 21 135
67 22 45
67 23 135
67 24 135
67 25 45
67 26 45
67 27 45
67 29 135
67 30 135
67 31 135
67 32 45
67 33 45
67 34 45
67 35 135
67 36 45
67 37 135
67 38 45
67 39 45
67 40 45
67 41 45
67 42 135
67 44 45
67 45 135
67 46 135
67 47 45
67 48 135
67 49 135
67 50 45
67 51 135
67 52 45
67 53 135
67 54 135
67 55 45
67 56 135
67 57 135
67 58 135
67 59 135
67 60 135
67 61 45
67 62 45
67 63 135
67 64 45
67 65 45
67 66 135
67 67 45
67 68 45
67 69 45
67 70 135
67 71 45
67 73 135
67 74 135
67 75 45
67 76 135
67 77 45
67 78 45
67 79 135
67 80 135
67 81 45
67 82 45
67 83 135
67 84 135
67 85 45
67 86 135
67 87 135
67 88 135
67 89 135
67 90 135
67 91 135
67 92 45
67 93 45
67 94 45
67 95 135
67 96 135
67 97 135
67 98 45
67 99 45
67 100 45
67 101 135
67 102 45
67 103 135
67 104 45
67 105 135
67 106 135
67 107 135
67 108 45
67 109 135
67 110 135
67 111 135
67 112 135
67 113 135
67 114 45
67 115 135
67 116 45
67 117 135
67 118 135
67 119 45
67 120 135
67 121 135
67 122 45
67 123 45
67 124 135
67 125 135
67 126 45
67 127 135
67 128 135
67 129 45
67 130 45
67 131 135
67 132 135
67 133 135
67 134 135
67 135 45
67 136 45
67 137 45
67 138 45
67 139 135
67 140 45
67 141 45
67 142 45
67 143 45
67 144 135
67 145 45
67 146 135
67 147 135
67 148 135
67 149 135
67 150 45
67 151 135
67 152 45
67 153 135
67 154 135
67 155 45
67 156 45
67 157 45
67 158 45
67 159 45
67 160 135
67 161 45
67 162 45
67 163 135
67 164 45
67 165 45
67 166 135
67 167 135
67 168 135
67 169 45
67 170 45
67 171 135
67 172 45
67 173 135
67 174 45
67 175 45
67 176 135
67 177 135
67 178 45
67 179 45
67 180 135
67 181 45
67 182 135
67 183 135
67 184 45
67 185 45
67 186 45
67 187 45
67 188 135
67 189 135
67 190 135
67 191 135
67 192 45
67 193 135
67 194 135
67 195 135
67 196 135
67 197 45
67 198 45
67 199 135
68 0 135
68 1 45
68 2 45
68 3 135
68 4 45
68 5 45
68 6 135
68 7 45
68 8 135
68 9 45
68 10 135
68 11 45
68 12 45
68 13 45
68 14 135
68 15 45
68 16 45
68 17 45
68 18 135
68 19 45
68 20 135
68 21 45
68 22 135
68 23 135
68 24 45
68 25 45
68 26 45
68 27 45
68 28 135
68 29 45
68 30 45
68 31 45
68 32 135
68 33 45
68 34 45
68 35 135
68 36 45
68 37 45
68 38 45
68 39 135
68 40 45
68 41 135
68 42 135
68 43 45
68 44 45
68 45 45
68 46 45
68 47 135
68 48 45
68 49 45
68 50 135
68 51 45
68 53 135
68 54 45
68 55 135
68 56 135
68 57 45
68 58 45
68 59 135
68 60 135
68 61 45
68 62 135
68 63 135
68 64 135
68 65 135
68 66 135
68 67 135
68 68 45
68 69 135
68 70 135
68 71 135
68 73 45
68 74 135
68 75 45
68 76 135
68 77 45
68 78 45
68 79 45
68 80 135
68 81 135
68 82 135
68 83 45
68 84 135
68 85 135
68 86 135
68 87 45
68 88 45
68 89 45
68 90 45
68 91 135
68 92 135
68 93 45
68 94 135
68 95 135
68 96 135
68 97 45
68 98 135
68 99 135
68 100 135
68 101 135
68 102 135
68 103 45
68 104 45
68 105 135
68 106 45
68 107 135
68 108 45
68 109 45
68 110 135
68 111 45
68 112 135
68 113 45
68 114 135
68 115 45
68 116 45
68 117 135
68 118 135
68 119 135
68 120 45
68 121 135
68 122 45
68 123 45
68 124 45
68 125 135
68 126 45
68 127 45
68 128 45
68 129 135
68 130 45
68 131 45
68 132 45
68 133 45
68 134 45
68 135 135
68 136 135
68 137 45
68 138 45
68 139 45
68 140 135
68 141 135
68 142 45
68 143 45
68 144 135
68 145 135
68 146 45
68 147 135
68 148 135
68 149 135
68 150 45
68 151 135
68 152 45
68 153 45
68 154 45
68 155 135
68 156 135
68 157 45
68 158 135
68 159 135
68 160 45
68 161 45
68 162 135
68 163 135
68 164 45
68 165 45
68 166 45
68 167 135
68 168 135
68 169 135
68 170 135
68 171 135
68 172 135
68 173 135
68 174 135
68 175 135
68 176 45
68 177 45
68 178 135
68 179 45
68 180 135
68 181 135
68 182 45
68 183 45
68 184 135
68 185 135
68 186 45
68 187 45
68 188 135
68 189 135
68 190 45
68 191 135
68 192 135
68 193 135
68 194 135
68 195 135
68 196 135
68 197 45
68 198 45
68 199 45
69 0 45
69 1 45
69 2 135
69 3 135
69 4 135
69 5 135
69 6 45
69 7 45
69 8 135
69 9 45
69 10 135
69 11 45
69 12 45
69 13 135
69 14 45
69 15 135
69 16 135
69 17 135
69 18 45
69 19 135
69 20 45
69 21 45
69 22 135
69 23 45
69 24 135
69 25 45
69 26 45
69 27 135
69 28 45
69 29 135
69 30 45
69 31 45
69 32 135
69 33 45
69 34 45
69 35 135
69 36 45
69 37 45
69 38 45
69 39 135
69 40 135
69 41 45
69 42 135
69 43 45
69 44 45
69 45 45
69 46 135
69 47 135
69 48 45
69 49 135
69 50 135
69 51 45
69 52 45
69 53 135
69 54 135
69 55 135
69 56 135
69 57 45
69 58 135
69 59 45
69 60 135
69 61 45
69 62 45
69 63 135
69 64 45
69 65 45
69 66 135
69 67 135
69 68 135
69 69 135
69 70 45
69 71 135
69 73 45
69 74 45
69 75 135
69 76 135
69 77 135
69 78 135
69 79 135
69 80 135
69 81 135
69 82 135
69 83 135
69 84 135
69 85 135
69 86 135
69 87 135
69 88 135
69 89 135
69 90 45
69 91 45
69 92 45
69 93 135
69 94 45
69 95 45
69 96 135
69 97 135
69 98 135
69 99 45
69 100 45
69 101 45
69 102 135
69 103 135
69 104 45
69 105 135
69 106 45
69 107 45
69 108 135
69 109 45
69 110 135
69 111 135
69 112 45
69 113 135
69 114 45
69 115 135
69 116 45
69 117 45
69 118 135
69 119 45
69 120 135
69 121 45
69 122 135
69 123 135
69 124 135
69 125 135
69 126 135
69 127 135
69 128 135
69 129 135
69 130 135
69 131 45
69 132 135
69 133 45
69 134 135
69 135 45
69 136 135
69 137 45
69 138 45
69 139 45
69 140 45
69 141 45
69 142 135
69 143 45
69 144 135
69 145 135
69 146 45
69 147 45
69 148 135
69 149 45
69 150 45
69 151 135
69 152 45
69 153 135
69 154 45
69 155 45
69 156 135
69 157 45
69 158 45
69 159 135
69 160 135
69 161 45
69 162 135
69 163 135
69 164 135
69 165 45
69 166 45
69 167 45
69 168 135
69 169 135
69 170 45
69 171 135
69 172 135
69 173 45
69 174 45
69 175 45
69 176 135
69 177 45
69 178 135
69 179 45
69 180 45
69 181 135
69 182 45
69 183 135
69 184 45
69 185 135
69 186 45
69 187 45
69 188 135
69 189 45
69 190 45
69 191 135
69 192 45
69 193 45
69 194 135
69 195 135
69 196 135
69 197 135
69 198 135
69 199 135
70 0 45
70 1 135
70 2 135
70 3 45
70 4 135
70 5 45
70 6 135
70 7 135
70 8 135
70 9 45
70 10 135
70 11 135
70 12 135
70 13 135
70 14 45
70 15 45
70 16 45
70 17 45
70 18 135
70 19 135
70 20 135
70 21 45
70 22 135
70 23 45
70 24 135
70 25 45
70 26 45
70 27 45
70 28 45
70 29 45
70 30 45
70 31 135
70 32 45
70 33 135
70 34 45
70 35 135
70 36 45
70 37 45
70 38 45
70 39 45
70 40 135
70 41 135
70 42 135
70 43 45
70 44 45
70 45 135
70 46 135
70 47 135
70 48 45
70 49 135
70 50 135
70 51 135
70 52 45
70 53 45
70 54 45
70 55 45
70 56 135
70 57 135
70 58 135
70 59 45
70 60 135
70 61 135
70 62 135
70 63 135
70 64 135
70 65 135
70 66 135
70 67 45
70 68 45
70 69 45
70 70 135
70 71 135
70 72 135
70 75 135
70 76 135
70 77 45
70 78 135
70 79 45
70 80 45
70 81 135
70 82 45
70 83 45
70 84 135
70 85 135
70 86 45
70 87 135
70 88 135
70 89 45
70 90 135
70 91 135
70 92 135
70 93 135
70 94 45
70 95 135
70 96 45
70 97 135
70 99 135
70 100 45
70 101 135
70 102 135
70 103 45
70 104 45
70 105 45
70 106 45
70 107 135
70 108 45
70 109 135
70 110 135
70 111 135
70 112 135
70 113 135
70 114 45
70 115 135
70 116 45
70 117 135
70 118 135
70 119 45
70 120 45
70 121 45
70 122 45
70 123 135
70 124 45
70 125 45
70 126 45
70 127 135
70 128 45
70 129 45
70 130 45
70 131 45
70 132 135
70 133 45
70 134 45
70 135 135
70 136 45
70 137 135
70 138 135
70 139 135
70 140 135
70 141 45
70 142 135
70 143 45
70 144 45
70 145 45
70 146 135
70 147 45
70 148 45
70 149 135
70 150 135
70 151 135
70 152 45
70 153 135
70 154 45
70 155 135
70 156 45
70 157 45
70 158 45
70 159 135
70 160 135
70 161 135
70 162 135
70 163 135
70 164 45
70 165 135
70 166 135
70 167 135
70 168 45
70 169 45
70 170 45
70 171 45
70 172 45
70 173 45
70 174 135
70 175 135
70 176 135
70 177 45
70 178 45
70 179 45
70 181 45
70 182 135
70 183 135
70 184 45
70 185 135
70 186 135
70 187 135
70 188 45
70 189 45
70 190 45
70 191 45
70 192 45
70 193 45
70 194 135
70 195 45
70 196 45
70 197 45
70 198 135
70 199 45
71 0 135
71 1 45
71 2 45
71 3 135
71 4 135
71 5 45
71 6 45
71 7 135
71 8 135
71 9 45
71 10 45
71 11 45
71 12 45
71 13 45
71 14 45
71 15 45
71 16 45
71 17 135
71 18 45
71 19 45
71 20 135
71 21 135
71 22 45
71 23 45
71 24 45
71 25 45
71 26 135
71 27 45
71 28 45
71 29 45
71 30 135
71 31 135
71 32 135
71 33 135
71 34 135
71 35 135
71 36 45
71 37 135
71 38 45
71 39 135
71 40 45
71 41 135
71 42 45
71 43 135
71 44 45
71 45 45
71 46 135
71 47 135
71 48 135
71 49 45
71 50 135
71 51 45
71 52 45
71 53 45
71 54 45
71 55 135
71 56 45
71 57 45
71 58 45
71 59 135
71 60 45
71 61 45
71 62 135
71 63 45
71 64 45
71 65 45
71 66 45
71 67 45
71 68 45
71 69 45
71 70 135
71 71 135
71 72 135
71 74 135
71 76 45
71 77 45
71 78 135
71 79 135
71 80 45
71 81 45
71 82 135
71 83 45
71 84 135
71 85 45
71 86 45
71 87 135
71 88 135
71 89 135
71 90 135
71 91 135
71 92 45
71 93 45
71 94 135
71 95 135
71 96 135
71 97 135
71 98 135
71 99 135
71 100 135
71 101 135
71 102 45
71 103 135
71 104 135
71 105 45
71 106 45
71 107 135
71 108 45
71 109 135
71 110 45
71 111 45
71 112 135
71 113 135
71 114 45
71 115 45
71 116 135
71 117 135
71 118 45
71 119 45
71 120 45
71 121 45
71 122 45
71 123 135
71 124 45
71 125 45
71 126 135
71 127 135
71 128 135
71 129 135
71 130 135
71 131 45
71 132 45
71 133 45
71 134 135
71 135 135
71 136 45
71 137 135
71 138 135
71 139 45
71 140 45
71 141 135
71 142 45
71 143 135
71 145 45
71 146 135
71 147 45
71 148 135
71 149 45
71 150 45
71 151 45
71 152 135
71 153 45
71 154 45
71 155 135
71 156 45
71 157 135
71 158 135
71 159 45
71 160 45
71 161 45
71 162 135
71 163 45
71 164 135
71 165 45
71 166 135
71 167 45
71 168 135
71 169 135
71 170 135
71 171 135
71 172 45
71 173 135
71 174 135
71 175 135
71 176 45
71 177 45
71 178 135
71 179 135
71 180 135
71 181 45
71 182 135
71 183 45
71 184 135
71 185 45
71 186 135
71 187 45
71 188 135
71 189 45
71 190 45
71 191 135
71 192 45
71 193 135
71 194 135
71 195 45
71 196 135
71 197 45
71 198 135
71 199 135
72 0 45
72 1 135
72 2 135
72 3 45
72 4 45
72 5 45
72 6 45
72 7 135
72 8 45
72 9 45
72 10 45
72 11 135
72 12 135
72 13 45
72 14 135
72 15 45
72 16 135
72 17 45
72 18 135
72 19 45
72 20 135
72 21 135
72 22 135
72 23 45
72 24 45
72 25 135
72 26 45
72 27 135
72 28 135
72 29 135
72 30 45
72 31 135
72 32 135
72 33 135
72 34 135
72 35 135
72 36 135
72 37 45
72 38 45
72 39 45
72 40 135
72 41 45
72 42 45
72 43 45
72 44 135
72 45 135
72 46 45
72 47 135
72 48 135
72 49 45
72 50 45
72 51 135
72 52 45
72 53 45
72 54 45
72 55 45
72 56 135
72 57 45
72 58 45
72 59 135
72 60 135
72 61 135
72 62 45
72 63 45
72 64 135
72 65 135
72 66 45
72 67 45
72 68 135
72 69 135
72 70 135
72 71 45
72 72 135
72 73 135
72 74 135
72 75 135
72 79 135
72 80 135
72 81 45
72 82 45
72 83 45
72 84 135
72 85 45
72 86 45
72 87 135
72 88 45
72 89 135
72 90 45
72 91 135
72 92 135
72 93 45
72 94 135
72 95 135
72 96 135
72 97 45
72 98 135
72 99 135
72 100 135
72 101 45
72 102 135
72 103 135
72 104 45
72 105 45
72 106 135
72 107 45
72 108 45
72 109 45
72 110 135
72 111 45
72 112 45
72 113 45
72 114 135
72 115 135
72 116 45
72 117 135
72 118 135
72 119 45
72 120 45
72 121 135
72 122 45
72 123 45
72 124 135
72 125 135
72 126 135
72 127 45
72 128 135
72 129 45
72 130 45
72 131 45
72 132 135
72 133 45
72 134 135
72 135 135
72 136 45
72 137 135
72 138 45
72 139 135
72 140 135
72 141 135
72 143 135
72 144 45
72 145 45
72 146 135
72 147 45
72 148 45
72 149 135
72 150 45
72 151 135
72 152 135
72 153 135
72 154 45
72 155 135
72 156 45
72 157 135
72 158 135
72 159 135
72 160 45
72 161 135
72 162 45
72 163 45
72 164 45
72 165 135
72 166 45
72 167 135
72 168 135
72 169 135
72 170 45
72 171 135
72 172 45
72 173 135
72 174 135
72 175 45
72 176 135
72 177 135
72 178 45
72 179 45
72 180 45
72 181 135
72 182 45
72 183 135
72 184 45
72 185 135
72 186 135
72 187 45
72 188 135
72 189 135
72 190 135
72 191 45
72 192 135
72 193 45
72 194 135
72 195 135
72 196 135
72 197 45
72 198 45
72 199 135
73 0 135
73 1 45
73 2 135
73 3 45
73 4 135
73 5 135
73 6 135
73 7 135
73 8 135
73 9 135
73 10 135
73 11 135
73 12 45
73 13 135
73 14 45
73 15 45
73 16 135
73 17 135
73 18 135
73 19 135
73 20 45
73 21 45
73 22 135
73 23 45
73 24 45
73 25 135
73 26 135
73 27 45
73 28 135
73 29 45
73 30 45
73 31 135
73 32 45
73 33 135
73 34 45
73 35 45
73 36 45
73 37 45
73 38 45
73 39 45
73 40 45
73 41 45
73 42 135
73 43 135
73 44 45
73 45 45
73 46 45
73 47 45
73 48 45
73 49 135
73 50 45
73 51 45
73 52 45
73 53 45
73 54 135
73 55 45
73 56 135
73 57 45
73 58 135
73 59 135
73 60 135
73 61 135
73 62 135
73 63 45
73 64 45
73 66 45
73 67 135
73 68 135
73 69 135
73 70 45
73 71 135
73 72 135
73 73 45
73 74 45
73 75 45
73 76 45
73 77 45
73 78 45
73 80 45
73 81 135
73 82 45
73 83 45
73 84 135
73 85 45
73 86 45
73 87 135
73 88 45
73 89 45
73 90 45
73 91 45
73 92 45
73 93 135
73 94 45
73 95 135
73 96 45
73 97 135
73 98 45
73 99 135
73 100 135
73 101 135
73 102 135
73 103 45
73 104 45
73 105 135
73 106 135
73 107 135
73 108 45
73 109 45
73 110 45
73 111 45
73 112 45
73 113 45
73 114 135
73 115 135
73 116 45
73 117 135
73 118 45
73 119 135
73 120 45
73 121 45
73 122 45
73 123 135
73 124 135
73 125 45
73 126 45
73 127 45
73 128 135
73 129 135
73 130 135
73 131 45
73 132 135
73 133 135
73 134 135
73 135 135
73 136 45
73 137 135
73 138 45
73 139 135
73 140 135
73 141 135
73 142 45
73 143 45
73 144 135
73 145 45
73 146 45
73 147 45
73 148 135
73 149 45
73 150 45
73 151 45
73 152 45
73 153 135
73 154 45
73 155 135
73 156 45
73 157 135
73 158 45
73 159 135
73 160 45
73 161 135
73 162 135
73 163 135
73 164 45
73 165 45
73 166 45
73 167 135
73 168 135
73 169 135
73 170 45
73 171 135
73 172 45
73 173 135
73 174 135
73 175 135
73 176 135
73 177 135
73 178 45
73 179 135
73 180 45
73 181 135
73 182 45
73 183 45
73 184 45
73 185 45
73 186 135
73 188 45
73 189 135
73 190 135
73 191 135
73 192 135
73 193 45
73 194 45
73 195 135
73 196 135
73 197 45
73 198 45
73 199 45
74 0 135
74 2 45
74 3 135
74 4 45
74 5 45
74 7 135
74 8 45
74 9 135
74 10 45
74 11 45
74 12 135
74 13 45
74 14 45
74 15 45
74 16 45
74 17 45
74 18 45
74 19 45
74 20 45
74 21 135
74 22 135
74 23 45
74 24 135
74 25 45
74 26 135
74 27 45
74 28 45
74 29 135
74 30 135
74 31 45
74 32 135
74 33 135
74 34 135
74 35 135
74 36 135
74 37 45
74 38 45
74 39 45
74 40 135
74 41 45
74 42 135
74 43 45
74 44 135
74 45 45
74 46 45
74 47 135
74 48 135
74 49 45
74 50 45
74 51 45
74 52 45
74 53 135
74 54 45
74 55 45
74 56 135
74 57 135
74 58 135
74 59 45
74 60 135
74 61 135
74 62 135
74 63 45
74 64 135
74 65 45
74 66 45
74 67 135
74 68 45
74 69 135
74 70 135
74 71 135
74 72 135
74 73 135
74 74 135
74 75 135
74 76 45
74 77 135
74 78 45
74 80 45
74 81 45
74 82 45
74 83 45
74 84 45
74 85 135
74 86 45
74 87 45
74 88 135
74 89 45
74 90 45
74 91 45
74 92 135
74 93 135
74 94 45
74 95 45
74 96 45
74 97 135
74 98 135
74 99 45
74 100 135
74 101 135
74 102 135
74 103 135
74 104 135
74 105 45
74 106 135
74 107 45
74 108 45
74 109 45
74 110 135
74 111 135
74 112 135
74 113 45
74 114 135
74 115 135
74 116 45
74 117 135
74 118 45
74 119 135
74 120 135
74 121 135
74 122 135
74 123 135
74 124 135
74 125 45
74 126 135
74 127 135
74 128 45
74 129 135
74 130 45
74 131 135
74 132 135
74 133 135
74 134 135
74 135 45
74 136 45
74 137 135
74 138 45
74 139 45
74 140 45
74 141 45
74 142 45
74 143 45
74 144 135
74 145 135
74 146 135
74 147 135
74 148 135
74 149 45
74 150 45
74 151 45
74 152 45
74 153 135
74 154 135
74 155 45
74 156 45
74 157 135
74 158 135
74 159 45
74 160 45
74 161 135
74 162 135
74 163 135
74 164 45
74 165 135
74 166 45
74 167 135
74 168 45
74 169 135
74 170 135
74 171 45
74 172 45
74 173 135
74 174 45
74 175 45
74 176 135
74 177 135
74 178 135
74 179 135
74 180 45
74 181 45
74 182 45
74 183 45
74 184 135
74 185 135
74 186 45
74 187 135
74 188 135
74 189 45
74 190 135
74 191 135
74 192 135
74 193 45
74 194 45
74 195 45
74 196 135
74 197 45
74 199 135
75 0 45
75 1 135
75 2 45
75 3 45
75 4 135
75 5 45
75 6 45
75 7 135
75 8 135
75 9 135
75 10 45
75 11 135
75 12 45
75 13 45
75 14 135
75 15 135
75 16 45
75 17 45
75 18 135
75 19 135
75 21 45
75 22 45
75 23 45
75 24 135
75 25 135
75 26 45
75 27 135
75 28 135
75 29 45
75 30 45
75 31 135
75 32 45
75 33 45
75 34 45
75 35 135
75 36 45
75 37 135
75 38 135
75 39 45
75 40 45
75 41 135
75 42 45
75 43 45
75 44 45
75 45 45
75 46 135
75 47 135
75 48 135
75 49 135
75 50 45
75 51 45
75 53 135
75 54 135
75 55 135
75 56 135
75 57 135
75 58 135
75 59 135
75 60 135
75 61 45
75 62 45
75 63 135
75 64 135
75 65 135
75 66 135
75 67 135
75 68 135
75 69 135
75 70 45
75 71 45
75 72 45
75 73 45
75 74 135
75 75 135
75 76 135
75 77 45
75 78 45
75 80 135
75 81 135
75 82 45
75 83 45
75 84 135
75 85 45
75 86 135
75 87 135
75 88 135
75 89 135
75 90 135
75 91 45
75 92 45
75 93 135
75 94 45
75 95 135
75 96 135
75 97 45
75 98 45
75 99 45
75 100 135
75 101 45
75 102 135
75 103 135
75 104 45
75 105 135
75 106 45
75 107 45
75 108 135
75 109 135
75 110 45
75 111 135
75 112 135
75 113 135
75 114 135
75 115 45
75 116 135
75 118 45
75 119 135
75 120 135
75 121 135
75 122 45
75 123 135
75 124 135
75 125 45
75 126 135
75 127 45
75 128 45
75 129 45
75 130 135
75 131 135
75 132 45
75 133 135
75 134 135
75 135 135
75 136 135
75 137 135
75 138 45
75 139 45
75 140 45
75 141 135
75 142 45
75 143 135
75 144 135
75 145 135
75 146 135
75 147 45
75 148 45
75 149 45
75 150 135
75 151 135
75 152 45
75 153 45
75 154 45
75 155 45
75 156 135
75 157 45
75 158 135
75 159 135
75 160 45
75 161 45
75 162 135
75 163 135
75 164 45
75 165 45
75 166 135
75 167 45
75 168 135
75 169 45
75 170 45
75 171 45
75 172 135
75 173 135
75 174 135
75 175 45
75 176 135
75 177 135
75 178 135
75 179 135
75 180 45
75 181 135
75 182 135
75 183 45
75 184 45
75 185 45
75 186 135
75 187 45
75 188 45
75 189 45
75 190 45
75 191 45
75 192 45
75 193 45
75 194 135
75 195 45
75 196 45
75 197 135
75 198 45
75 199 135
76 0 135
76 1 45
76 2 45
76 3 45
76 4 135
76 5 45
76 6 45
76 7 135
76 8 135
76 9 45
76 10 45
76 11 45
76 12 45
76 13 45
76 14 45
76 15 45
76 16 135
76 18 45
76 19 135
76 20 45
76 21 135
76 22 45
76 23 135
76 24 45
76 25 45
76 26 135
76 27 45
76 28 45
76 29 45
76 30 135
76 31 45
76 32 45
76 33 135
76 34 135
76 35 45
76 36 135
76 37 45
76 38 135
76 39 45
76 40 45
76 41 135
76 42 45
76 43 45
76 44 45
76 45 45
76 46 135
76 47 135
76 48 135
76 49 45
76 50 45
76 51 45
76 52 135
76 53 135
76 54 45
76 55 135
76 56 45
76 57 135
76 58 135
76 59 135
76 60 45
76 61 135
76 62 135
76 63 135
76 64 45
76 65 135
76 66 45
76 67 45
76 68 135
76 69 135
76 70 45
76 71 135
76 72 45
76 73 135
76 74 45
76 75 45
76 76 45
76 77 135
76 78 135
76 80 45
76 81 45
76 82 135
76 83 135
76 84 45
76 85 135
76 86 135
76 87 135
76 88 135
76 89 135
76 90 45
76 91 45
76 92 135
76 93 45
76 94 135
76 95 45
76 96 45
76 97 135
76 98 135
76 99 45
76 100 135
76 101 45
76 102 135
76 103 135
76 104 135
76 105 45
76 106 45
76 107 45
76 108 45
76 109 45
76 110 45
76 111 45
76 112 135
76 113 45
76 114 135
76 115 135
76 116 135
76 117 45
76 118 45
76 119 45
76 120 45
76 121 45
76 122 45
76 123 45
76 125 135
76 126 45
76 127 45
76 128 45
76 129 45
76 130 45
76 131 135
76 132 135
76 133 135
76 134 45
76 135 45
76 136 45
76 137 135
76 138 135
76 140 45
76 141 135
76 142 45
76 143 45
76 144 135
76 145 135
76 146 45
76 147 135
76 148 45
76 149 135
76 150 135
76 151 135
76 152 135
76 153 45
76 154 45
76 155 45
76 156 135
76 157 135
76 158 45
76 159 45
76 160 135
76 161 135
76 162 135
76 163 45
76 164 135
76 165 45
76 166 135
76 167 45
76 168 135
76 169 45
76 170 45
76 171 135
76 172 135
76 173 135
76 174 135
76 175 45
76 176 135
76 177 45
76 178 135
76 179 135
76 180 45
76 181 45
76 182 135
76 183 45
76 184 45
76 185 45
76 186 45
76 187 45
76 188 135
76 189 45
76 190 135
76 191 135
76 192 135
76 193 135
76 194 45
76 195 135
76 196 45
76 197 135
76 198 135
76 199 45
77 0 135
77 1 45
77 2 45
77 3 45
77 4 135
77 5 45
77 6 135
77 7 135
77 8 45
77 9 45
77 10 45
77 11 135
77 12 135
77 13 135
77 14 45
77 15 135
77 16 135
77 17 45
77 18 45
77 19 45
77 20 135
77 21 135
77 22 45
77 23 45
77 24 45
77 25 45
77 26 45
77 27 135
77 28 135
77 29 135
77 30 135
77 31 45
77 32 45
77 33 45
77 34 135
77 35 135
77 36 45
77 37 135
77 38 135
77 39 135
77 40 135
77 41 45
77 42 135
77 43 135
77 44 135
77 45 45
77 46 45
77 47 135
77 48 135
77 49 45
77 50 45
77 51 135
77 52 45
77 53 135
77 54 135
77 55 45
77 56 45
77 57 45
77 58 45
77 59 45
77 60 45
77 61 45
77 62 45
77 63 135
77 64 135
77 65 45
77 66 45
77 67 135
77 68 135
77 69 45
77 70 135
77 71 45
77 72 45
77 73 135
77 74 45
77 75 45
77 76 135
77 77 45
77 78 45
77 80 45
77 81 45
77 82 45
77 83 135
77 84 45
77 85 135
77 86 45
77 87 45
77 88 135
77 89 45
77 90 45
77 91 45
77 92 45
77 93 135
77 94 135
77 95 135
77 96 45
77 97 135
77 98 45
77 99 45
77 100 45
77 101 45
77 102 135
77 103 45
77 104 135
77 105 135
77 106 45
77 107 135
77 108 135
77 109 45
77 110 45
77 111 135
77 112 135
77 113 135
77 114 135
77 115 45
77 116 135
77 117 45
77 118 45
77 119 135
77 120 45
77 121 45
77 122 45
77 123 45
77 124 45
77 125 45
77 126 45
77 127 135
77 128 135
77 129 45
77 130 45
77 131 45
77 132 135
77 133 45
77 134 135
77 135 45
77 136 135
77 137 135
77 138 135
77 139 135
77 140 135
77 141 135
77 142 45
77 143 45
77 144 45
77 145 135
77 146 135
77 147 135
77 148 45
77 149 135
77 150 135
77 151 135
77 152 135
77 153 135
77 154 135
77 155 135
77 156 135
77 157 45
77 158 135
77 159 135
77 160 45
77 161 45
77 162 135
77 163 135
77 164 45
77 165 135
77 166 45
77 167 45
77 168 45
77 169 135
77 170 135
77 171 45
77 172 135
77 173 135
77 174 45
77 175 45
77 176 45
77 177 45
77 178 45
77 179 45
77 180 45
77 181 135
77 182 135
77 183 45
77 184 45
77 185 135
77 186 45
77 187 45
77 188 135
77 189 135
77 190 45
77 191 45
77 192 45
77 193 135
77 194 45
77 195 45
77 196 45
77 197 45
77 198 45
77 199 45
78 0 45
78 1 45
78 2 135
78 3 45
78 4 45
78 5 45
78 6 135
78 7 45
78 8 45
78 9 135
78 10 135
78 11 45
78 12 135
78 13 45
78 14 45
78 15 45
78 16 45
78 17 135
78 18 135
78 19 135
78 20 135
78 21 135
78 22 45
78 23 45
78 24 135
78 25 135
78 26 135
78 27 45
78 28 45
78 29 135
78 30 45
78 31 135
78 32 135
78 33 135
78 34 45
78 35 135
78 36 135
78 37 45
78 38 45
78 39 135
78 40 135
78 41 135
78 42 45
78 43 135
78 44 135
78 45 45
78 46 135
78 47 135
78 48 135
78 49 135
78 50 135
78 51 135
78 52 135
78 53 135
78 54 135
78 55 135
78 56 45
78 57 135
78 58 135
78 59 45
78 61 135
78 62 135
78 63 135
78 64 45
78 65 135
78 66 45
78 67 135
78 68 135
78 69 135
78 70 45
78 71 45
78 72 45
78 73 135
78 74 135
78 75 135
78 76 45
78 77 135
78 78 135
78 80 135
78 81 45
78 82 45
78 83 135
78 84 135
78 85 45
78 86 45
78 87 45
78 88 45
78 89 45
78 90 135
78 91 135
78 92 135
78 93 45
78 94 45
78 95 45
78 96 135
78 97 135
78 98 45
78 99 135
78 100 45
78 101 45
78 102 45
78 103 135
78 104 135
78 105 135
78 106 45
78 107 45
78 108 135
78 109 45
78 110 45
78 111 45
78 112 45
78 113 135
78 114 45
78 115 135
78 116 45
78 117 135
78 118 135
78 119 45
78 120 45
78 121 45
78 122 45
78 123 45
78 124 135
78 125 135
78 126 45
78 127 45
78 128 45
78 129 45
78 130 45
78 131 135
78 132 135
78 133 45
78 134 45
78 135 45
78 136 45
78 137 45
78 138 45
78 139 135
78 140 45
78 141 45
78 142 45
78 143 45
78 144 135
78 145 45
78 146 135
78 147 45
78 148 135
78 149 45
78 150 135
78 151 135
78 152 135
78 153 45
78 154 135
78 155 135
78 156 135
78 157 135
78 158 135
78 159 45
78 160 135
78 161 45
78 162 45
78 163 45
78 164 45
78 165 135
78 166 135
78 167 45
78 168 45
78 169 135
78 170 45
78 171 45
78 172 135
78 173 135
78 174 45
78 175 135
78 176 135
78 177 135
78 178 135
78 179 135
78 180 45
78 181 135
78 182 135
78 183 135
78 184 45
78 185 135
78 186 45
78 187 45
78 188 45
78 189 135
78 190 45
78 191 135
78 192 135
78 193 45
78 194 135
78 196 45
78 197 135
78 198 45
78 199 135
79 0 135
79 1 45
79 2 45
79 3 45
79 4 45
79 5 45
79 6 135
79 7 45
79 8 135
79 9 135
79 10 135
79 11 45
79 12 45
79 13 135
79 14 135
79 15 45
79 16 45
79 17 45
79 18 135
79 19 135
79 21 135
79 22 135
79 23 135
79 24 135
79 25 135
79 26 45
79 27 45
79 28 45
79 29 135
79 30 45
79 31 135
79 32 45
79 33 135
79 34 45
79 35 135
79 36 45
79 37 135
79 38 135
79 39 135
79 40 135
79 41 45
79 42 135
79 43 45
79 44 135
79 45 135
79 46 135
79 47 135
79 48 45
79 49 45
79 50 45
79 51 135
79 52 135
79 53 45
79 54 45
79 55 45
79 56 45
79 57 45
79 58 135
79 59 135
79 60 135
79 61 135
79 62 45
79 63 135
79 64 135
79 65 45
79 66 45
79 67 135
79 68 45
79 69 135
79 70 45
79 71 45
79 72 45
79 73 135
79 74 45
79 75 135
79 76 45
79 77 135
79 78 135
79 80 45
79 81 135
79 82 45
79 83 135
79 84 135
79 85 135
79 86 135
79 87 45
79 88 135
79 89 135
79 90 45
79 91 135
79 92 45
79 93 135
79 94 135
79 95 135
79 96 135
79 97 45
79 98 135
79 99 135
79 100 45
79 101 45
79 102 45
79 103 45
79 104 45
79 105 45
79 106 135
79 107 45
79 108 135
79 109 135
79 110 45
79 111 45
79 113 45
79 114 135
79 115 45
79 116 45
79 117 45
79 118 135
79 119 135
79 120 45
79 121 135
79 122 135
79 123 45
79 124 45
79 125 45
79 126 45
79 127 135
79 128 45
79 129 135
79 130 45
79 131 135
79 132 135
79 133 45
79 134 45
79 135 45
79 136 135
79 137 135
79 138 45
79 139 45
79 140 45
79 141 45
79 142 45
79 143 45
79 144 45
79 145 45
79 146 45
79 147 135
79 148 45
79 149 45
79 150 135
79 151 45
79 152 135
79 153 45
79 154 135
79 155 45
79 156 45
79 157 45
79 158 45
79 159 135
79 160 45
79 161 135
79 162 45
79 163 45
79 164 135
79 165 45
79 166 135
79 167 45
79 168 135
79 169 45
79 170 45
79 171 45
79 172 45
79 173 135
79 174 135
79 175 135
79 176 135
79 177 135
79 178 45
79 179 45
79 180 45
79 181 45
79 182 135
79 183 135
79 184 135
79 185 135
79 186 135
79 187 45
79 188 45
79 189 135
79 190 135
79 191 135
79 192 135
79 193 135
79 194 135
79 195 45
79 196 45
79 197 135
79 198 45
79 199 45
80 0 135
80 1 135
80 2 45
80 3 45
80 4 135
80 5 45
80 6 135
80 7 135
80 8 135
80 9 45
80 10 135
80 11 45
80 12 135
80 13 135
80 14 45
80 15 45
80 16 45
80 17 45
80 18 45
80 19 45
80 20 135
80 21 135
80 22 45
80 23 135
80 24 135
80 25 135
80 26 135
80 27 45
80 28 45
80 29 45
80 30 135
80 31 45
80 32 45
80 33 135
80 34 135
80 35 135
80 36 45
80 37 135
80 38 45
80 39 45
80 40 135
80 41 135
80 42 135
80 43 135
80 44 45
80 45 45
80 46 45
80 47 135
80 48 45
80 49 135
80 50 45
80 51 45
80 52 135
80 53 135
80 54 135
80 55 45
80 56 135
80 57 135
80 58 45
80 59 45
80 60 45
80 61 45
80 62 135
80 63 45
80 65 45
80 66 45
80 67 45
80 68 45
80 69 135
80 70 45
80 71 135
80 72 135
80 73 45
80 74 45
80 75 45
80 76 45
80 77 135
80 78 45
80 79 135
80 80 135
80 81 45
80 82 135
80 83 135
80 84 135
80 85 45
80 86 135
80 87 135
80 88 135
80 89 45
80 90 135
80 91 135
80 92 45
80 93 45
80 94 45
80 95 135
80 96 45
80 97 135
80 98 45
80 99 45
80 100 135
80 101 45
80 102 135
80 103 135
80 104 135
80 105 135
80 106 135
80 107 135
80 108 45
80 109 135
80 110 45
80 111 135
80 112 45
80 113 45
80 114 45
80 115 45
80 116 135
80 117 45
80 118 45
80 119 45
80 120 45
80 121 135
80 122 135
80 123 135
80 124 45
80 125 135
80 126 45
80 127 135
80 128 45
80 129 135
80 130 135
80 131 135
80 132 135
80 133 135
80 134 135
80 135 135
80 136 135
80 137 135
80 138 135
80 139 45
80 140 45
80 141 135
80 142 135
80 143 135
80 144 45
80 145 45
80 146 45
80 147 135
80 148 135
80 149 45
80 150 135
80 151 135
80 152 45
80 153 135
80 154 135
80 155 45
80 156 135
80 157 135
80 158 45
80 159 45
80 160 45
80 161 45
80 162 135
80 163 45
80 164 135
80 165 45
80 166 45
80 167 45
80 168 45
80 169 45
80 170 135
80 171 45
80 172 45
80 173 45
80 174 45
80 175 45
80 176 45
80 177 45
80 178 135
80 179 135
80 180 135
80 181 45
80 182 135
80 183 45
80 184 135
80 185 45
80 186 135
80 187 135
80 188 45
80 189 135
80 190 45
80 191 135
80 192 135
80 193 45
80 194 45
80 195 135
80 196 135
80 197 45
80 198 45
80 199 45
81 0 135
81 1 135
81 2 45
81 3 45
81 4 135
81 5 135
81 6 135
81 7 135
81 8 135
81 9 45
81 10 45
81 11 135
81 12 135
81 14 45
81 15 45
81 16 135
81 17 135
81 18 45
81 19 45
81 20 45
81 21 135
81 22 135
81 23 45
81 24 135
81 25 135
81 26 45
81 27 45
81 28 45
81 30 45
81 31 135
81 32 45
81 33 45
81 34 135
81 35 45
81 36 45
81 37 45
81 38 45
81 39 45
81 40 45
81 41 45
81 42 45
81 43 135
81 44 45
81 45 135
81 46 135
81 47 45
81 48 45
81 49 45
81 50 135
81 51 45
81 52 135
81 53 135
81 54 45
81 55 135
81 56 45
81 57 135
81 58 45
81 59 45
81 60 135
81 61 135
81 62 135
81 63 135
81 64 45
81 65 135
81 66 135
81 67 45
81 68 45
81 69 135
81 70 135
81 71 45
81 72 135
81 73 135
81 74 45
81 75 45
81 76 135
81 77 135
81 78 45
81 79 45
81 81 45
81 82 45
81 84 45
81 85 45
81 86 45
81 87 45
81 88 135
81 89 135
81 90 45
81 91 45
81 92 135
81 93 135
81 94 45
81 95 45
81 96 45
81 97 135
81 98 135
81 99 45
81 100 45
81 101 45
81 102 135
81 103 135
81 104 45
81 105 135
81 106 45
81 107 135
81 108 45
81 109 45
81 110 45
81 111 135
81 112 135
81 113 45
81 114 135
81 115 135
81 116 45
81 117 45
81 118 45
81 119 135
81 120 45
81 121 45
81 122 45
81 123 135
81 124 45
81 125 45
81 126 135
81 127 45
81 128 45
81 129 45
81 130 45
81 131 45
81 132 135
81 133 135
81 134 45
81 135 135
81 136 135
81 137 45
81 138 135
81 139 45
81 140 45
81 141 135
81 142 135
81 143 45
81 144 45
81 145 45
81 146 45
81 147 45
81 148 45
81 149 135
81 150 45
81 151 135
81 152 45
81 153 45
81 154 135
81 155 45
81 156 45
81 157 45
81 158 45
81 159 135
81 160 45
81 161 45
81 162 45
81 163 135
81 164 135
81 165 135
81 166 135
81 167 45
81 168 135
81 169 135
81 170 135
81 171 135
81 172 45
81 173 45
81 174 135
81 175 135
81 176 45
81 177 45
81 178 45
81 179 135
81 180 45
81 181 45
81 182 45
81 183 135
81 184 45
81 185 45
81 186 45
81 187 135
81 188 45
81 189 135
81 190 135
81 191 45
81 192 45
81 193 45
81 194 45
81 195 135
81 196 45
81 197 135
81 198 135
81 199 45
82 0 45
82 1 135
82 2 45
82 3 135
82 4 135
82 5 45
82 6 45
82 7 135
82 8 45
82 9 135
82 10 45
82 11 45
82 12 45
82 13 135
82 14 135
82 15 45
82 16 45
82 17 135
82 18 45
82 19 135
82 20 45
82 21 45
82 22 135
82 23 135
82 24 45
82 25 135
82 26 135
82 27 135
82 28 45
82 29 135
82 30 135
82 31 135
82 32 45
82 33 45
82 34 45
82 35 135
82 36 135
82 37 135
82 38 135
82 39 135
82 40 45
82 41 45
82 42 135
82 43 135
82 44 45
82 45 135
82 46 135
82 47 135
82 48 135
82 49 135
82 50 135
82 51 45
82 52 135
82 53 135
82 54 135
82 55 135
82 56 45
82 57 135
82 58 45
82 59 45
82 60 45
82 61 45
82 62 135
82 63 135
82 64 135
82 65 45
82 66 135
82 67 45
82 68 135
82 69 45
82 70 45
82 71 135
82 72 45
82 73 45
82 74 45
82 75 135
82 76 135
82 77 45
82 78 135
82 79 135
82 81 135
82 82 135
82 83 45
82 84 135
82 85 45
82 86 135
82 87 135
82 88 45
82 89 45
82 90 135
82 91 45
82 92 135
82 93 45
82 94 135
82 95 45
82 96 135
82 97 45
82 99 135
82 100 45
82 101 135
82 102 45
82 103 45
82 104 135
82 105 45
82 106 135
82 107 135
82 108 135
82 109 45
82 110 135
82 111 45
82 112 135
82 113 45
82 114 135
82 115 135
82 116 45
82 117 45
82 118 45
82 119 135
82 120 135
82 121 45
82 122 135
82 123 45
82 124 135
82 125 45
82 126 135
82 127 45
82 128 135
82 129 45
82 130 135
82 131 135
82 132 45
82 133 135
82 134 45
82 135 135
82 136 45
82 137 135
82 138 45
82 139 45
82 140 45
82 141 45
82 142 135
82 143 135
82 144 45
82 145 45
82 146 45
82 147 135
82 148 45
82 149 135
82 150 135
82 151 135
82 152 135
82 153 45
82 154 45
82 155 135
82 156 45
82 157 135
82 158 135
82 159 135
82 160 45
82 161 45
82 162 45
82 163 45
82 164 45
82 165 135
82 166 45
82 167 135
82 168 45
82 169 135
82 170 135
82 171 45
82 172 45
82 173 45
82 174 135
82 175 45
82 176 135
82 177 45
82 178 135
82 179 45
82 180 45
82 181 135
82 182 135
82 183 135
82 184 45
82 185 45
82 186 45
82 187 45
82 188 135
82 189 45
82 190 135
82 191 45
82 192 135
82 193 135
82 194 135
82 195 45
82 196 45
82 197 135
82 198 45
82 199 45
83 0 45
83 1 135
83 2 45
83 3 45
83 4 45
83 5 135
83 6 135
83 7 135
83 8 135
83 9 135
83 10 135
83 11 45
83 12 135
83 13 135
83 14 135
83 15 135
83 16 45
83 17 135
83 18 45
83 19 135
83 20 135
83 21 135
83 22 135
83 23 45
83 24 135
83 25 45
83 26 45
83 27 135
83 28 135
83 29 135
83 30 45
83 31 45
83 32 45
83 33 45
83 34 135
83 35 45
83 36 135
83 37 45
83 38 135
83 39 45
83 40 135
83 41 135
83 42 135
83 43 135
83 44 135
83 45 45
83 46 135
83 47 135
83 48 135
83 49 135
83 50 135
83 51 45
83 52 135
83 53 135
83 54 45
83 55 135
83 56 45
83 57 45
83 58 45
83 59 135
83 60 45
83 61 45
83 62 45
83 63 135
83 64 45
83 65 135
83 66 135
83 67 45
83 68 45
83 69 135
83 70 135
83 71 45
83 72 135
83 73 135
83 74 135
83 75 45
83 76 135
83 77 45
83 78 135
83 79 135
83 80 135
83 86 135
83 87 45
83 88 45
83 89 45
83 90 135
83 91 135
83 92 135
83 93 45
83 94 135
83 95 135
83 96 45
83 97 45
83 98 45
83 99 45
83 100 45
83 101 135
83 102 45
83 103 135
83 104 45
83 105 45
83 106 45
83 107 135
83 108 45
83 109 135
83 110 135
83 111 135
83 112 45
83 113 135
83 114 45
83 115 135
83 116 135
83 117 45
83 118 135
83 119 135
83 120 45
83 121 45
83 122 45
83 123 135
83 124 45
83 125 45
83 126 135
83 127 45
83 128 135
83 129 135
83 130 135
83 131 135
83 132 45
83 133 45
83 134 45
83 135 135
83 136 135
83 137 135
83 138 45
83 139 45
83 140 45
83 141 135
83 142 45
83 143 45
83 144 45
83 145 45
83 146 135
83 147 135
83 148 45
83 149 135
83 150 135
83 151 45
83 152 45
83 153 45
83 154 135
83 155 45
83 156 45
83 157 45
83 158 135
83 160 45
83 161 135
83 162 45
83 163 135
83 164 45
83 165 45
83 166 135
83 167 135
83 168 45
83 169 135
83 170 135
83 171 45
83 172 135
83 173 135
83 174 45
83 175 135
83 176 135
83 177 45
83 178 45
83 179 135
83 180 45
83 181 135
83 182 135
83 183 135
83 184 135
83 185 135
83 186 135
83 187 45
83 188 45
83 189 45
83 190 135
83 191 45
83 192 135
83 193 135
83 194 45
83 195 135
83 196 135
83 197 45
83 198 135
83 199 45
84 0 135
84 1 45
84 2 135
84 3 135
84 4 45
84 5 45
84 6 45
84 7 45
84 8 135
84 9 135
84 10 135
84 11 45
84 12 45
84 13 45
84 14 45
84 15 135
84 16 45
84 17 135
84 18 135
84 19 45
84 20 45
84 21 45
84 22 135
84 23 135
84 24 45
84 25 135
84 26 135
84 27 45
84 28 135
84 29 45
84 30 45
84 31 135
84 32 45
84 33 45
84 34 45
84 35 45
84 36 45
84 37 135
84 38 45
84 39 45
84 40 45
84 41 135
84 42 45
84 43 135
84 44 45
84 45 135
84 46 45
84 47 135
84 48 45
84 49 45
84 50 45
84 51 135
84 52 135
84 53 135
84 54 135
84 55 135
84 56 45
84 57 45
84 58 135
84 59 45
84 60 135
84 61 135
84 62 45
84 63 45
84 64 45
84 65 135
84 66 45
84 67 45
84 68 45
84 69 135
84 70 135
84 71 135
84 72 45
84 73 135
84 74 45
84 75 135
84 76 45
84 77 135
84 78 135
84 79 45
84 81 45
84 82 45
84 83 45
84 84 45
84 85 45
84 86 135
84 89 135
84 90 135
84 91 135
84 92 45
84 93 45
84 94 45
84 95 45
84 96 135
84 97 45
84 98 45
84 99 135
84 100 135
84 101 135
84 102 135
84 103 45
84 104 45
84 105 135
84 106 45
84 107 45
84 108 45
84 109 45
84 110 45
84 111 45
84 112 135
84 113 45
84 114 135
84 115 45
84 116 135
84 117 45
84 118 45
84 119 45
84 120 135
84 121 135
84 122 135
84 123 135
84 124 45
84 125 135
84 126 45
84 127 45
84 128 45
84 129 135
84 130 45
84 131 45
84 132 45
84 133 45
84 134 135
84 135 135
84 136 45
84 137 45
84 138 45
84 139 45
84 140 135
84 141 45
84 142 45
84 143 45
84 144 45
84 145 135
84 146 135
84 147 45
84 148 45
84 149 135
84 150 135
84 151 45
84 152 45
84 153 135
84 154 45
84 155 45
84 156 45
84 157 135
84 158 45
84 159 45
84 160 135
84 161 135
84 162 135
84 163 135
84 164 45
84 165 135
84 166 45
84 167 45
84 168 45
84 169 135
84 170 45
84 171 135
84 172 135
84 173 45
84 174 45
84 175 135
84 176 45
84 177 135
84 178 135
84 179 135
84 180 135
84 181 135
84 182 45
84 183 135
84 184 135
84 185 135
84 186 45
84 187 45
84 188 45
84 189 45
84 190 135
84 191 45
84 192 45
84 193 45
84 194 135
84 195 135
84 196 45
84 197 135
84 198 45
84 199 135
85 0 45
85 1 45
85 2 45
85 3 135
85 4 135
85 5 135
85 6 45
85 7 45
85 8 135
85 9 45
85 10 135
85 11 135
85 12 45
85 13 135
85 14 45
85 15 135
85 16 135
85 17 135
85 18 45
85 19 45
85 20 45
85 21 45
85 22 135
85 23 45
85 24 45
85 25 135
85 26 45
85 27 45
85 28 135
85 30 135
85 31 135
85 32 135
85 33 45
85 34 135
85 35 135
85 36 45
85 37 45
85 38 45
85 39 135
85 40 135
85 41 45
85 42 135
85 43 135
85 44 135
85 45 45
85 46 45
85 47 135
85 48 45
85 49 45
85 50 45
85 51 135
85 52 45
85 53 45
85 54 45
85 55 45
85 56 45
85 57 135
85 58 135
85 59 45
85 60 135
85 61 135
85 62 45
85 63 135
85 64 135
85 65 135
85 66 45
85 67 45
85 68 135
85 69 135
85 70 45
85 71 135
85 72 135
85 73 45
85 74 45
85 75 45
85 76 45
85 77 135
85 78 45
85 79 45
85 80 45
85 81 135
85 82 135
85 83 45
85 84 45
85 85 135
85 86 135
85 87 45
85 88 135
85 90 45
85 91 45
85 92 45
85 93 45
85 94 45
85 95 45
85 96 45
85 97 135
85 98 135
85 99 45
85 100 45
85 101 135
85 102 45
85 103 45
85 104 45
85 105 135
85 106 135
85 107 135
85 108 135
85 109 135
85 110 45
85 111 45
85 112 45
85 113 45
85 114 45
85 115 45
85 116 45
85 117 45
85 118 135
85 119 45
85 120 45
85 121 45
85 122 45
85 123 45
85 124 135
85 125 45
85 126 45
85 128 45
85 129 45
85 130 135
85 131 135
85 132 45
85 133 45
85 134 135
85 135 45
85 136 135
85 137 45
85 138 135
85 139 135
85 140 45
85 141 45
85 142 45
85 143 45
85 144 45
85 145 45
85 146 45
85 147 135
85 148 135
85 149 45
85 150 45
85 151 45
85 152 135
85 153 45
85 154 45
85 155 45
85 156 45
85 157 45
85 158 135
85 159 45
85 160 135
85 161 45
85 162 45
85 163 135
85 164 45
85 165 135
85 166 135
85 167 45
85 168 45
85 169 45
85 170 45
85 171 135
85 172 135
85 173 45
85 174 135
85 175 45
85 176 135
85 177 45
85 178 45
85 179 135
85 180 45
85 181 45
85 182 45
85 183 45
85 184 135
85 185 45
85 186 135
85 187 135
85 188 45
85 189 45
85 190 135
85 191 135
85 192 45
85 193 135
85 194 45
85 195 45
85 196 135
85 197 45
85 198 135
85 199 45
86 0 135
86 1 135
86 2 135
86 3 45
86 4 135
86 5 45
86 6 135
86 7 45
86 8 135
86 9 135
86 10 45
86 11 135
86 12 45
86 13 45
86 14 135
86 15 45
86 16 45
86 17 135
86 18 45
86 19 45
86 20 135
86 21 135
86 22 45
86 23 45
86 24 45
86 25 135
86 26 135
86 27 45
86 28 135
86 29 135
86 30 135
86 31 45
86 32 135
86 33 45
86 34 135
86 35 135
86 36 45
86 37 135
86 38 45
86 39 135
86 40 135
86 41 45
86 42 135
86 43 135
86 44 45
86 45 135
86 46 45
86 47 45
86 48 45
86 49 45
86 50 45
86 51 135
86 52 135
86 53 135
86 54 45
86 55 45
86 56 135
86 57 135
86 58 135
86 59 135
86 60 135
86 61 45
86 62 45
86 63 45
86 64 45
86 65 135
86 66 135
86 67 135
86 68 45
86 69 45
86 70 135
86 71 45
86 72 45
86 73 45
86 74 135
86 75 135
86 76 45
86 77 45
86 78 135
86 79 45
86 80 135
86 81 45
86 82 135
86 83 45
86 84 135
86 85 45
86 86 45
86 87 45
86 88 45
86 90 135
86 91 135
86 92 45
86 93 45
86 94 135
86 95 135
86 96 45
86 97 135
86 98 135
86 99 135
86 100 45
86 101 45
86 102 135
86 103 135
86 104 135
86 105 45
86 106 135
86 107 45
86 108 135
86 109 135
86 110 45
86 111 135
86 112 135
86 113 45
86 114 135
86 115 135
86 116 135
86 117 135
86 118 135
86 119 45
86 120 45
86 121 45
86 122 45
86 123 135
86 124 135
86 125 45
86 126 135
86 127 135
86 128 45
86 129 45
86 130 45
86 131 135
86 132 135
86 134 135
86 135 135
86 136 45
86 137 135
86 138 45
86 139 45
86 140 45
86 141 45
86 142 135
86 143 135
86 144 45
86 145 45
86 146 45
86 147 135
86 148 45
86 149 135
86 150 45
86 151 45
86 152 135
86 153 45
86 154 135
86 155 135
86 156 45
86 157 135
86 158 45
86 159 45
86 160 45
86 161 135
86 162 135
86 163 135
86 164 45
86 165 45
86 166 135
86 167 135
86 168 135
86 169 135
86 170 135
86 171 45
86 172 45
86 173 45
86 174 135
86 175 135
86 176 135
86 177 45
86 178 135
86 179 45
86 180 45
86 181 135
86 182 135
86 183 45
86 184 135
86 185 45
86 186 45
86 187 135
86 188 135
86 189 45
86 190 45
86 191 45
86 192 135
86 193 135
86 194 135
86 195 135
86 196 45
86 197 135
86 198 45
86 199 45
87 0 45
87 1 45
87 2 135
87 3 135
87 4 45
87 5 135
87 6 135
87 7 135
87 8 135
87 9 135
87 10 135
87 11 45
87 12 135
87 13 135
87 14 45
87 15 135
87 16 45
87 17 45
87 18 135
87 19 135
87 21 45
87 22 135
87 23 45
87 24 135
87 25 135
87 26 45
87 27 135
87 28 135
87 29 135
87 30 45
87 31 45
87 32 45
87 33 45
87 34 135
87 35 45
87 36 45
87 37 45
87 38 135
87 39 45
87 40 45
87 41 135
87 42 135
87 43 45
87 44 135
87 45 135
87 46 135
87 47 135
87 48 45
87 49 135
87 50 45
87 51 135
87 52 45
87 53 45
87 54 45
87 55 45
87 56 45
87 57 135
87 58 135
87 59 135
87 60 135
87 61 45
87 62 135
87 63 45
87 64 45
87 65 135
87 66 135
87 67 135
87 68 45
87 69 45
87 70 135
87 71 135
87 72 45
87 73 135
87 74 135
87 75 45
87 76 45
87 77 45
87 78 45
87 79 135
87 80 45
87 81 45
87 82 45
87 83 135
87 84 45
87 85 45
87 86 135
87 87 45
87 88 45
87 90 135
87 91 135
87 92 135
87 93 135
87 94 135
87 95 45
87 96 135
87 97 135
87 98 135
87 99 45
87 100 135
87 101 45
87 102 45
87 103 45
87 104 45
87 105 45
87 106 135
87 107 135
87 108 45
87 109 135
87 110 135
87 111 135
87 112 45
87 113 135
87 114 45
87 115 45
87 116 45
87 117 45
87 118 45
87 119 45
87 120 45
87 121 45
87 122 135
87 123 45
87 124 45
87 125 135
87 126 135
87 127 45
87 128 45
87 129 135
87 130 45
87 131 135
87 132 45
87 133 45
87 134 45
87 135 135
87 136 135
87 137 135
87 138 45
87 139 135
87 140 135
87 141 135
87 142 45
87 143 135
87 144 135
87 145 45
87 146 135
87 147 45
87 148 135
87 149 135
87 150 45
87 151 45
87 152 135
87 154 135
87 155 45
87 156 135
87 157 135
87 158 135
87 159 45
87 160 45
87 161 135
87 162 45
87 163 45
87 164 135
87 165 45
87 166 45
87 167 135
87 168 45
87 169 135
87 170 45
87 171 135
87 172 135
87 173 45
87 174 135
87 175 45
87 176 45
87 177 45
87 178 135
87 179 135
87 180 45
87 181 45
87 182 45
87 183 135
87 184 135
87 185 45
87 186 45
87 187 135
87 188 135
87 189 45
87 190 135
87 191 45
87 192 135
87 193 135
87 194 135
87 195 45
87 196 45
87 197 45
87 198 45
87 199 135
88 0 45
88 1 45
88 2 45
88 3 45
88 4 45
88 5 135
88 6 45
88 7 45
88 8 135
88 9 45
88 10 135
88 11 135
88 12 135
88 13 135
88 14 45
88 15 135
88 16 45
88 17 135
88 18 45
88 19 135
88 20 135
88 21 45
88 22 135
88 23 45
88 24 45
88 25 45
88 26 45
88 27 45
88 28 45
88 29 135
88 30 45
88 31 45
88 32 45
88 33 135
88 34 45
88 35 135
88 36 45
88 37 135
88 38 45
88 39 135
88 40 135
88 41 45
88 42 135
88 43 135
88 44 135
88 45 135
88 46 45
88 47 135
88 48 45
88 49 45
88 50 135
88 51 45
88 52 135
88 53 45
88 54 45
88 55 135
88 56 45
88 57 45
88 58 135
88 59 45
88 60 45
88 61 45
88 62 135
88 63 45
88 64 45
88 65 135
88 66 45
88 67 45
88 68 135
88 69 45
88 70 135
88 71 135
88 72 135
88 73 135
88 74 135
88 75 135
88 76 135
88 77 45
88 78 135
88 79 45
88 80 45
88 81 135
88 82 45
88 83 135
88 84 45
88 85 135
88 86 135
88 87 135
88 88 45
88 90 45
88 91 135
88 92 135
88 93 45
88 94 135
88 95 135
88 96 135
88 97 45
88 98 135
88 99 45
88 100 135
88 101 45
88 102 135
88 103 45
88 104 45
88 105 45
88 106 45
88 107 135
88 108 45
88 109 135
88 110 45
88 111 45
88 112 45
88 113 45
88 114 45
88 115 135
88 116 45
88 117 45
88 118 135
88 119 45
88 120 135
88 121 135
88 122 135
88 123 45
88 124 45
88 125 45
88 126 45
88 127 135
88 128 45
88 129 135
88 130 135
88 131 45
88 132 45
88 133 135
88 134 45
88 135 135
88 136 45
88 137 45
88 138 135
88 139 135
88 140 135
88 141 45
88 142 45
88 143 45
88 144 135
88 145 135
88 146 135
88 147 45
88 148 135
88 149 45
88 150 135
88 151 45
88 152 135
88 153 45
88 154 135
88 155 135
88 156 45
88 157 45
88 158 45
88 159 135
88 160 45
88 161 135
88 162 45
88 163 135
88 164 45
88 165 45
88 166 135
88 167 45
88 168 45
88 169 135
88 170 45
88 171 135
88 172 135
88 174 135
88 175 135
88 176 135
88 177 135
88 179 45
88 181 45
88 182 45
88 183 45
88 184 45
88 185 135
88 186 45
88 187 45
88 188 45
88 189 45
88 190 45
88 191 45
88 192 45
88 193 45
88 194 135
88 195 45
88 196 45
88 197 45
88 198 45
88 199 45
89 0 45
89 1 45
89 2 45
89 3 135
89 4 135
89 5 45
89 6 135
89 7 45
89 8 135
89 9 135
89 10 135
89 11 135
89 12 45
89 13 135
89 14 135
89 15 45
89 16 45
89 17 135
89 18 45
89 19 45
89 20 45
89 21 45
89 22 45
89 23 45
89 24 135
89 25 45
89 26 135
89 27 135
89 28 135
89 29 45
89 30 135
89 31 45
89 32 135
89 33 135
89 34 135
89 35 45
89 36 45
89 37 45
89 38 45
89 39 135
89 40 135
89 41 135
89 42 45
89 43 135
89 44 45
89 45 45
89 46 45
89 47 135
89 48 45
89 49 45
89 50 135
89 51 45
89 52 135
89 53 135
89 54 45
89 55 135
89 56 135
89 57 45
89 58 45
89 59 45
89 60 45
89 61 45
89 62 135
89 63 135
89 64 135
89 65 45
89 66 135
89 67 135
89 68 135
89 69 45
89 70 45
89 71 45
89 72 45
89 73 45
89 74 45
89 75 135
89 76 135
89 77 135
89 78 135
89 79 135
89 80 135
89 81 135
89 83 135
89 84 45
89 85 45
89 86 135
89 87 45
89 88 45
89 89 135
89 91 135
89 92 45
89 93 135
89 94 45
89 95 135
89 96 45
89 97 135
89 98 45
89 99 45
89 100 135
89 101 45
89 102 45
89 103 135
89 104 135
89 105 135
89 106 135
89 107 135
89 108 135
89 109 45
89 110 45
89 111 135
89 112 135
89 113 45
89 114 45
89 115 45
89 116 45
89 117 135
89 118 45
89 119 135
89 120 45
89 121 45
89 122 45
89 123 45
89 124 45
89 125 135
89 126 45
89 127 135
89 128 135
89 129 45
89 130 45
89 131 45
89 132 135
89 133 45
89 134 135
89 135 45
89 136 135
89 137 135
89 138 135
89 139 45
89 140 45
89 141 135
89 142 135
89 143 45
89 144 45
89 145 135
89 146 45
89 147 135
89 148 135
89 149 135
89 150 135
89 151 45
89 152 135
89 153 45
89 154 135
89 155 135
89 156 45
89 157 45
89 158 135
89 159 45
89 160 45
89 161 135
89 162 45
89 163 135
89 164 45
89 165 45
89 166 135
89 167 45
89 168 45
89 169 135
89 170 45
89 171 45
89 172 135
89 173 135
89 174 45
89 175 135
89 176 45
89 177 135
89 178 45
89 179 135
89 180 45
89 181 45
89 182 135
89 183 45
89 184 135
89 185 45
89 186 135
89 187 45
89 188 45
89 189 45
89 190 45
89 191 135
89 192 45
89 193 135
89 194 135
89 195 135
89 196 135
89 197 135
89 198 135
89 199 135
90 0 135
90 1 45
90 2 45
90 3 135
90 4 135
90 5 45
90 6 135
90 7 45
90 8 45
90 9 45
90 10 135
90 11 45
90 12 135
90 13 135
90 14 135
90 15 45
90 16 135
90 17 45
90 18 45
90 19 135
90 20 45
90 21 45
90 22 135
90 23 135
90 24 135
90 25 135
90 26 45
90 27 135
90 28 135
90 29 45
90 30 45
90 31 45
90 32 135
90 33 135
90 34 45
90 35 45
90 36 135
90 37 135
90 38 135
90 39 45
90 40 135
90 41 135
90 42 45
90 43 135
90 44 135
90 45 135
90 46 45
90 47 45
90 48 45
90 50 135
90 51 45
90 52 135
90 53 45
90 54 135
90 55 45
90 56 135
90 57 45
90 58 45
90 59 45
90 60 135
90 61 135
90 62 135
90 63 45
90 64 45
90 65 45
90 66 45
90 67 45
90 68 135
90 69 45
90 70 45
90 71 45
90 72 45
90 73 45
90 74 135
90 75 45
90 76 135
90 77 45
90 79 135
90 80 135
90 81 45
90 82 45
90 83 135
90 84 135
90 85 45
90 86 45
90 87 45
90 88 135
90 89 135
90 90 135
90 92 45
90 93 45
90 94 135
90 95 45
90 96 45
90 97 45
90 98 45
90 99 45
90 100 135
90 101 45
90 102 135
90 103 45
90 104 45
90 105 45
90 106 135
90 107 135
90 108 45
90 109 45
90 110 45
90 111 45
90 112 135
90 113 45
90 114 45
90 115 135
90 116 45
90 117 45
90 118 45
90 119 135
90 120 135
90 121 135
90 122 45
90 123 135
90 124 45
90 125 135
90 126 45
90 127 45
90 128 45
90 129 135
90 130 135
90 131 135
90 132 135
90 133 135
90 134 45
90 135 135
90 136 135
90 137 135
90 138 135
90 139 45
90 140 135
90 141 135
90 142 45
90 143 45
90 144 45
90 145 135
90 146 45
90 147 45
90 148 45
90 149 135
90 150 45
90 151 135
90 152 45
90 153 45
90 154 45
90 155 135
90 156 135
90 157 45
90 158 45
90 159 45
90 160 45
90 161 135
90 162 45
90 163 45
90 164 135
90 165 45
90 166 45
90 167 135
90 168 135
90 169 45
90 170 45
90 171 135
90 172 45
90 173 135
90 174 135
90 175 135
90 176 135
90 177 135
90 178 45
90 179 45
90 180 135
90 181 135
90 182 45
90 183 45
90 184 135
90 185 45
90 186 135
90 187 45
90 188 45
90 189 45
90 190 135
90 191 135
90 192 135
90 193 45
90 194 45
90 195 135
90 196 45
90 197 135
90 198 135
90 199 45
91 0 135
91 1 135
91 2 135
91 3 135
91 4 135
91 5 45
91 6 135
91 7 135
91 8 135
91 9 45
91 10 135
91 11 135
91 12 45
91 13 45
91 14 45
91 15 45
91 16 45
91 17 45
91 18 135
91 19 135
91 20 135
91 21 45
91 22 45
91 23 135
91 24 45
91 25 45
91 26 135
91 27 45
91 28 45
91 29 135
91 30 135
91 31 45
91 32 135
91 33 45
91 34 45
91 35 135
91 36 45
91 37 135
91 38 135
91 39 135
91 40 45
91 41 135
91 42 135
91 43 45
91 44 45
91 45 135
91 46 135
91 47 135
91 48 135
91 49 45
91 50 135
91 51 135
91 52 135
91 53 135
91 54 135
91 55 135
91 56 135
91 57 135
91 58 135
91 59 135
91 60 135
91 61 135
91 62 45
91 63 45
91 64 45
91 65 45
91 66 45
91 67 45
91 68 45
91 69 45
91 70 135
91 71 45
91 72 45
91 73 45
91 74 45
91 75 45
91 76 45
91 77 45
91 78 45
91 79 45
91 80 135
91 81 135
91 82 135
91 83 45
91 84 45
91 85 45
91 86 135
91 87 45
91 88 135
91 89 135
91 90 135
91 92 135
91 93 135
91 94 45
91 95 135
91 96 135
91 97 45
91 98 45
91 99 135
91 101 45
91 102 45
91 103 45
91 104 135
91 105 135
91 106 45
91 107 135
91 108 45
91 109 135
91 110 135
91 111 135
91 112 135
91 113 135
91 114 45
91 115 135
91 116 45
91 118 45
91 119 135
91 120 45
91 121 135
91 122 135
91 123 45
91 124 135
91 125 135
91 126 45
91 127 135
91 128 135
91 129 45
91 130 135
91 131 45
91 132 45
91 133 45
91 134 45
91 135 45
91 136 135
91 137 45
91 138 45
91 139 45
91 140 135
91 141 135
91 142 45
91 143 135
91 144 45
91 145 135
91 146 135
91 147 135
91 148 135
91 149 135
91 150 135
91 151 45
91 152 135
91 153 135
91 154 45
91 155 135
91 156 45
91 157 45
91 158 45
91 159 135
91 160 135
91 161 135
91 162 45
91 163 45
91 164 135
91 165 135
91 166 45
91 167 45
91 168 45
91 169 135
91 170 45
91 171 45
91 172 135
91 173 135
91 174 135
91 175 45
91 176 135
91 177 135
91 178 135
91 179 45
91 180 45
91 181 45
91 182 135
91 183 45
91 184 135
91 185 135
91 186 45
91 187 45
91 188 45
91 189 45
91 190 135
91 191 45
91 192 135
91 193 135
91 194 45
91 195 135
91 196 135
91 197 135
91 198 135
91 199 135
92 0 45
92 1 135
92 2 135
92 3 45
92 4 45
92 5 45
92 6 45
92 7 135
92 8 135
92 9 135
92 10 135
92 11 135
92 12 135
92 13 135
92 14 45
92 15 135
92 16 45
92 17 45
92 18 135
92 19 135
92 20 135
92 21 45
92 22 45
92 23 45
92 24 135
92 25 135
92 26 45
92 27 45
92 28 45
92 29 135
92 30 135
92 31 135
92 32 135
92 33 45
92 34 45
92 35 45
92 36 45
92 37 135
92 38 45
92 39 45
92 40 135
92 41 135
92 42 135
92 43 135
92 44 45
92 45 45
92 46 135
92 47 135
92 48 45
92 49 135
92 50 135
92 51 45
92 52 45
92 53 135
92 54 135
92 55 135
92 56 45
92 57 135
92 58 135
92 59 135
92 60 135
92 61 135
92 62 135
92 63 45
92 64 135
92 65 135
92 66 135
92 67 135
92 68 135
92 69 135
92 70 135
92 71 135
92 72 45
92 73 45
92 74 135
92 75 45
92 76 45
92 77 45
92 78 135
92 79 135
92 80 135
92 81 45
92 82 135
92 83 45
92 84 45
92 85 45
92 86 45
92 87 45
92 88 135
92 89 135
92 90 135
92 91 135
92 93 135
92 94 135
92 95 45
92 96 45
92 97 135
92 98 45
92 99 135
92 100 135
92 101 45
92 102 45
92 103 135
92 104 45
92 105 135
92 106 135
92 107 135
92 108 135
92 109 135
92 110 45
92 111 45
92 112 135
92 113 45
92 114 45
92 115 45
92 116 135
92 117 135
92 118 45
92 119 135
92 120 45
92 121 135
92 122 135
92 123 45
92 124 135
92 125 45
92 126 135
92 127 45
92 128 45
92 129 135
92 130 135
92 131 45
92 132 45
92 133 45
92 134 45
92 135 135
92 136 45
92 137 135
92 138 135
92 139 135
92 140 135
92 141 135
92 142 45
92 143 135
92 144 45
92 145 45
92 146 45
92 147 45
92 148 135
92 149 45
92 150 135
92 151 45
92 152 135
92 153 135
92 154 135
92 155 135
92 156 45
92 157 135
92 158 135
92 159 135
92 160 135
92 161 45
92 162 45
92 163 135
92 164 45
92 165 45
92 166 45
92 167 45
92 168 45
92 169 45
92 170 135
92 171 135
92 172 45
92 173 135
92 174 45
92 175 135
92 176 45
92 177 135
92 178 45
92 179 135
92 180 45
92 181 45
92 182 135
92 183 135
92 184 135
92 185 45
92 186 135
92 187 45
92 188 45
92 189 135
92 190 45
92 191 45
92 192 135
92 193 45
92 194 45
92 195 135
92 196 135
92 197 135
92 198 135
92 199 135
93 0 45
93 1 135
93 2 45
93 3 45
93 4 135
93 5 45
93 6 135
93 7 45
93 8 45
93 9 45
93 10 45
93 11 135
93 12 45
93 13 135
93 14 45
93 15 135
93 16 45
93 18 135
93 19 135
93 20 45
93 21 135
93 22 135
93 23 45
93 24 135
93 25 135
93 26 45
93 27 135
93 28 45
93 29 45
93 30 135
93 31 135
93 32 45
93 33 45
93 34 135
93 35 135
93 36 135
93 37 45
93 38 135
93 39 45
93 40 45
93 41 135
93 42 135
93 43 45
93 44 45
93 45 45
93 46 45
93 47 45
93 48 135
93 49 45
93 50 135
93 51 135
93 52 45
93 53 45
93 54 45
93 55 45
93 56 45
93 57 135
93 58 135
93 59 45
93 60 45
93 61 135
93 62 135
93 63 135
93 64 45
93 65 45
93 66 135
93 67 135
93 68 135
93 69 135
93 70 135
93 71 135
93 72 135
93 73 135
93 74 45
93 75 45
93 76 135
93 77 45
93 78 135
93 79 45
93 80 45
93 81 135
93 82 45
93 83 135
93 84 135
93 85 45
93 86 45
93 87 45
93 88 135
93 89 135
93 90 45
93 91 45
93 92 135
93 94 45
93 95 135
93 96 135
93 97 135
93 98 135
93 99 135
93 100 135
93 101 45
93 102 45
93 103 135
93 104 135
93 105 135
93 106 135
93 107 45
93 108 135
93 109 45
93 110 45
93 111 135
93 112 135
93 113 45
93 114 135
93 115 45
93 116 45
93 117 135
93 118 135
93 119 45
93 120 45
93 121 135
93 122 135
93 123 45
93 124 135
93 125 135
93 126 135
93 127 135
93 128 45
93 129 135
93 130 135
93 131 135
93 132 45
93 133 45
93 134 45
93 135 135
93 136 45
93 137 135
93 138 135
93 139 135
93 140 135
93 141 45
93 142 135
93 143 135
93 144 135
93 145 45
93 146 45
93 147 135
93 148 135
93 149 135
93 150 45
93 151 135
93 152 45
93 153 135
93 154 45
93 155 135
93 156 45
93 157 135
93 158 135
93 159 135
93 160 45
93 161 45
93 162 135
93 163 45
93 164 135
93 165 135
93 166 135
93 167 135
93 168 45
93 169 45
93 170 45
93 171 135
93 172 135
93 173 45
93 175 135
93 176 45
93 177 45
93 178 135
93 179 45
93 180 45
93 181 135
93 182 135
93 183 45
93 184 45
93 185 135
93 186 45
93 187 135
93 188 135
93 189 135
93 190 135
93 191 135
93 192 45
93 193 135
93 194 135
93 195 45
93 196 135
93 197 45
93 198 135
93 199 45
94 0 45
94 1 135
94 2 135
94 3 135
94 4 135
94 5 135
94 6 45
94 7 135
94 8 135
94 9 135
94 10 45
94 11 135
94 12 45
94 13 45
94 14 45
94 15 135
94 16 135
94 17 135
94 18 45
94 19 135
94 20 45
94 21 45
94 22 45
94 23 45
94 24 45
94 25 135
94 26 45
94 27 45
94 28 135
94 29 135
94 30 135
94 31 135
94 32 45
94 33 135
94 34 45
94 35 135
94 36 45
94 37 135
94 38 45
94 39 135
94 40 45
94 41 45
94 42 135
94 43 135
94 44 45
94 45 45
94 46 45
94 48 135
94 49 45
94 50 45
94 51 45
94 52 45
94 53 135
94 54 135
94 55 45
94 56 45
94 57 45
94 58 135
94 59 135
94 60 45
94 61 135
94 62 135
94 63 135
94 64 135
94 65 45
94 66 135
94 67 135
94 68 45
94 69 45
94 70 45
94 71 45
94 72 135
94 73 45
94 74 45
94 75 135
94 76 135
94 77 135
94 78 135
94 79 135
94 80 45
94 81 45
94 82 135
94 83 135
94 84 45
94 85 135
94 86 135
94 87 45
94 88 45
94 89 45
94 90 135
94 91 45
94 92 135
94 94 135
94 95 135
94 96 135
94 97 45
94 98 45
94 99 45
94 100 45
94 101 45
94 102 45
94 103 45
94 104 135
94 105 135
94 106 135
94 107 45
94 108 45
94 110 135
94 111 135
94 112 135
94 113 45
94 114 45
94 115 135
94 116 135
94 117 135
94 118 135
94 119 135
94 120 45
94 121 135
94 122 45
94 123 135
94 124 45
94 125 135
94 126 135
94 127 135
94 128 135
94 129 135
94 130 45
94 131 45
94 132 135
94 133 45
94 134 45
94 135 135
94 136 135
94 137 135
94 138 45
94 139 135
94 140 45
94 141 45
94 142 135
94 143 45
94 144 45
94 145 45
94 146 135
94 147 45
94 148 135
94 149 135
94 150 135
94 151 45
94 152 135
94 153 45
94 154 45
94 155 45
94 156 135
94 157 135
94 158 135
94 159 135
94 160 45
94 161 135
94 162 135
94 164 135
94 165 135
94 166 135
94 167 45
94 168 135
94 169 135
94 170 45
94 171 135
94 172 45
94 173 135
94 174 45
94 175 135
94 176 135
94 177 135
94 178 135
94 179 135
94 180 45
94 181 135
94 182 45
94 183 45
94 184 135
94 185 45
94 186 45
94 187 135
94 188 45
94 189 45
94 190 135
94 191 135
94 192 135
94 193 135
94 194 135
94 195 45
94 196 135
94 197 135
94 198 135
94 199 135
95 0 135
95 1 45
95 2 135
95 4 135
95 5 45
95 6 135
95 7 45
95 8 135
95 9 45
95 10 45
95 11 45
95 12 135
95 13 45
95 14 45
95 15 135
95 16 135
95 17 135
95 18 135
95 19 45
95 20 45
95 21 45
95 22 45
95 23 135
95 24 45
95 25 135
95 26 135
95 27 45
95 28 135
95 29 45
95 30 45
95 31 45
95 32 45
95 33 135
95 34 135
95 35 135
95 36 135
95 37 135
95 38 135
95 39 135
95 40 45
95 41 45
95 42 135
95 43 135
95 44 45
95 45 45
95 46 135
95 47 135
95 48 45
95 49 45
95 50 135
95 51 45
95 52 135
95 53 45
95 54 135
95 55 45
95 56 45
95 57 135
95 58 135
95 59 45
95 60 45
95 61 45
95 62 45
95 63 45
95 64 45
95 65 45
95 66 135
95 67 135
95 68 135
95 69 45
95 70 45
95 71 45
95 72 135
95 73 135
95 74 45
95 75 135
95 76 45
95 77 135
95 78 45
95 79 135
95 80 45
95 81 45
95 82 45
95 83 45
95 84 45
95 85 45
95 86 135
95 87 135
95 88 135
95 89 135
95 90 45
95 91 135
95 92 45
95 93 135
95 96 135
95 97 135
95 98 135
95 99 135
95 100 135
95 101 45
95 102 45
95 103 45
95 104 45
95 105 135
95 106 135
95 107 45
95 108 135
95 109 45
95 110 45
95 111 45
95 112 45
95 113 135
95 114 135
95 115 135
95 116 135
95 117 135
95 118 135
95 119 135
95 120 45
95 121 45
95 122 45
95 123 45
95 124 45
95 125 135
95 126 135
95 127 45
95 128 45
95 129 45
95 130 45
95 131 45
95 132 135
95 133 135
95 134 45
95 135 45
95 136 45
95 137 45
95 138 45
95 139 135
95 141 135
95 142 135
95 143 135
95 144 45
95 145 45
95 146 135
95 147 45
95 148 45
95 149 135
95 150 45
95 151 45
95 152 45
95 153 45
95 154 45
95 155 135
95 156 135
95 157 135
95 158 45
95 159 45
95 160 135
95 161 45
95 162 45
95 163 45
95 164 45
95 165 45
95 166 135
95 167 135
95 168 45
95 169 45
95 170 135
95 171 45
95 172 135
95 173 135
95 174 135
95 175 135
95 176 135
95 177 45
95 178 135
95 179 135
95 180 135
95 181 135
95 182 45
95 183 45
95 184 135
95 185 135
95 186 45
95 187 45
95 188 45
95 189 45
95 190 135
95 191 135
95 192 135
95 193 45
95 194 135
95 195 135
95 196 135
95 197 135
95 198 135
95 199 45
96 0 135
96 1 135
96 2 45
96 3 45
96 4 45
96 5 135
96 6 45
96 7 135
96 8 45
96 9 45
96 10 135
96 11 45
96 12 135
96 13 135
96 14 45
96 16 135
96 17 45
96 18 135
96 19 45
96 20 45
96 21 45
96 22 45
96 23 45
96 24 45
96 25 45
96 26 135
96 27 135
96 28 135
96 29 45
96 30 45
96 31 135
96 32 135
96 33 45
96 34 45
96 35 135
96 36 45
96 37 45
96 38 135
96 39 45
96 40 135
96 41 135
96 42 135
96 43 45
96 44 45
96 45 45
96 46 45
96 47 135
96 48 45
96 49 45
96 50 45
96 51 45
96 52 135
96 53 135
96 54 135
96 55 135
96 56 45
96 57 45
96 58 135
96 59 135
96 60 135
96 61 45
96 62 135
96 63 45
96 64 45
96 65 135
96 66 135
96 67 135
96 68 45
96 69 45
96 70 45
96 71 45
96 72 135
96 73 45
96 74 45
96 75 135
96 76 45
96 77 45
96 78 45
96 79 45
96 80 135
96 81 45
96 82 45
96 83 135
96 84 45
96 85 45
96 86 135
96 87 135
96 88 45
96 89 135
96 90 135
96 91 45
96 92 135
96 93 45
96 94 45
96 95 135
96 97 45
96 98 135
96 99 45
96 100 135
96 101 45
96 102 45
96 103 135
96 104 45
96 105 45
96 106 135
96 107 45
96 108 135
96 109 135
96 110 135
96 111 135
96 112 135
96 113 135
96 114 45
96 115 45
96 116 45
96 117 135
96 118 135
96 119 45
96 120 135
96 121 45
96 122 45
96 123 135
96 124 45
96 125 45
96 126 135
96 127 135
96 128 45
96 129 45
96 130 135
96 131 135
96 132 45
96 133 45
96 134 135
96 135 45
96 136 45
96 137 135
96 138 135
96 139 45
96 140 45
96 141 135
96 142 135
96 143 135
96 144 135
96 145 45
96 146 135
96 147 135
96 148 135
96 149 45
96 150 135
96 151 135
96 152 135
96 153 45
96 154 135
96 155 135
96 156 45
96 157 45
96 158 135
96 159 45
96 160 45
96 161 45
96 162 135
96 163 45
96 164 45
96 165 45
96 166 45
96 167 135
96 168 135
96 169 135
96 170 135
96 171 135
96 172 135
96 173 135
96 174 135
96 175 45
96 176 45
96 177 45
96 178 135
96 179 45
96 180 45
96 181 45
96 182 45
96 183 45
96 184 45
96 185 135
96 186 135
96 187 45
96 188 45
96 189 45
96 190 45
96 191 135
96 192 45
96 193 45
96 194 45
96 195 135
96 196 45
96 197 135
96 198 45
96 199 45
97 0 45
97 1 135
97 2 135
97 3 45
97 4 135
97 5 135
97 6 45
97 7 45
97 8 45
97 9 45
97 10 135
97 11 45
97 12 45
97 13 45
97 14 135
97 15 45
97 16 135
97 17 45
97 18 45
97 19 135
97 20 45
97 21 135
97 22 135
97 23 45
97 24 135
97 25 45
97 26 45
97 27 45
97 28 135
97 29 45
97 30 135
97 31 135
97 32 45
97 33 135
97 34 45
97 35 135
97 36 45
97 37 45
97 38 45
97 39 45
97 40 45
97 41 45
97 42 45
97 43 45
97 44 135
97 45 45
97 46 135
97 47 45
97 48 45
97 49 45
97 50 45
97 51 45
97 52 45
97 53 135
97 54 45
97 55 135
97 56 135
97 57 45
97 58 135
97 59 135
97 60 135
97 61 135
97 62 45
97 63 135
97 64 135
97 65 135
97 66 135
97 67 135
97 68 135
97 69 45
97 70 135
97 71 45
97 72 45
97 73 45
97 74 45
97 75 45
97 76 135
97 77 135
97 78 45
97 79 135
97 80 135
97 81 135
97 82 135
97 83 45
97 84 135
97 85 45
97 86 45
97 87 135
97 88 45
97 89 45
97 90 135
97 91 135
97 92 45
97 93 135
97 94 45
97 95 135
97 97 45
97 98 45
97 99 135
97 100 45
97 101 45
97 102 135
97 103 135
97 104 45
97 105 45
97 106 135
97 107 135
97 108 135
97 110 45
97 111 135
97 112 45
97 113 135
97 114 45
97 115 45
97 116 135
97 117 45
97 118 135
97 119 135
97 120 45
97 121 135
97 122 45
97 123 45
97 124 135
97 125 45
97 126 135
97 127 135
97 128 135
97 129 45
97 130 135
97 131 45
97 132 45
97 133 45
97 134 135
97 135 135
97 136 45
97 137 135
97 138 135
97 139 135
97 140 45
97 141 135
97 142 135
97 143 45
97 144 135
97 145 45
97 146 135
97 147 45
97 148 135
97 149 135
97 150 135
97 151 45
97 152 45
97 153 45
97 154 45
97 155 45
97 156 45
97 157 135
97 158 135
97 159 45
97 160 45
97 161 45
97 162 45
97 163 45
97 164 135
97 165 135
97 166 45
97 167 45
97 168 135
97 169 45
97 170 45
97 171 135
97 172 45
97 173 135
97 174 135
97 175 45
97 176 135
97 177 45
97 178 135
97 179 135
97 180 45
97 181 45
97 182 135
97 183 135
97 184 135
97 185 135
97 186 135
97 187 45
97 188 135
97 189 45
97 190 45
97 191 45
97 192 135
97 193 135
97 194 45
97 195 45
97 196 135
97 197 135
97 198 135
97 199 135
98 0 135
98 1 45
98 2 135
98 3 135
98 4 135
98 5 135
98 6 45
98 7 45
98 8 135
98 9 45
98 10 45
98 11 135
98 13 135
98 14 45
98 15 135
98 16 135
98 17 45
98 18 135
98 19 135
98 20 45
98 21 45
98 22 135
98 23 135
98 24 45
98 25 45
98 26 45
98 28 135
98 29 45
98 30 135
98 31 135
98 32 45
98 33 135
98 34 45
98 35 135
98 36 45
98 37 135
98 38 45
98 39 135
98 40 135
98 41 135
98 42 135
98 43 45
98 44 135
98 45 135
98 46 135
98 47 45
98 48 135
98 49 135
98 50 135
98 51 45
98 52 135
98 53 135
98 54 45
98 55 135
98 56 135
98 57 135
98 58 135
98 59 45
98 60 45
98 61 45
98 62 135
98 63 45
98 64 45
98 65 45
98 66 45
98 67 135
98 68 135
98 69 45
98 70 135
98 71 135
98 72 45
98 73 135
98 74 135
98 75 45
98 76 135
98 77 45
98 78 45
98 79 135
98 80 45
98 81 45
98 82 135
98 83 135
98 84 135
98 85 135
98 86 45
98 87 135
98 88 45
98 89 45
98 90 45
98 91 45
98 92 135
98 93 135
98 94 135
98 95 135
98 97 135
98 98 45
98 99 135
98 100 135
98 101 45
98 102 135
98 103 135
98 104 45
98 105 135
98 106 135
98 107 135
98 108 45
98 109 135
98 110 135
98 111 135
98 112 45
98 113 45
98 114 135
98 115 135
98 116 135
98 117 135
98 118 45
98 119 45
98 120 135
98 121 45
98 122 135
98 123 135
98 124 135
98 125 45
98 126 135
98 127 45
98 128 45
98 129 135
98 130 45
98 131 135
98 132 45
98 133 45
98 134 135
98 135 45
98 136 135
98 137 45
98 138 45
98 139 135
98 140 135
98 141 135
98 142 135
98 143 45
98 144 135
98 145 135
98 146 45
98 147 45
98 148 45
98 149 45
98 150 135
98 151 135
98 152 45
98 153 135
98 154 45
98 155 135
98 156 45
98 157 45
98 158 135
98 159 135
98 160 135
98 161 45
98 162 45
98 163 135
98 164 45
98 165 45
98 166 45
98 167 135
98 168 45
98 169 45
98 170 135
98 171 45
98 172 45
98 173 45
98 174 45
98 175 45
98 176 135
98 177 45
98 178 135
98 179 135
98 180 135
98 181 45
98 182 45
98 183 45
98 184 45
98 185 135
98 186 135
98 187 45
98 188 135
98 189 45
98 190 45
98 191 45
98 192 45
98 193 45
98 194 135
98 195 135
98 196 135
98 197 135
98 198 135
98 199 135
99 0 135
99 1 135
99 2 135
99 3 135
99 4 45
99 5 45
99 6 135
99 7 45
99 8 45
99 9 45
99 10 45
99 11 135
99 12 45
99 13 45
99 14 135
99 15 135
99 16 45
99 17 45
99 18 135
99 19 45
99 20 135
99 21 135
99 22 45
99 23 135
99 24 45
99 25 135
99 26 135
99 27 135
99 28 45
99 29 45
99 30 135
99 31 135
99 32 45
99 33 45
99 34 135
99 35 135
99 36 135
99 37 45
99 38 135
99 39 135
99 40 45
99 41 45
99 42 45
99 43 135
99 44 135
99 45 45
99 46 45
99 47 45
99 48 135
99 49 135
99 50 45
99 51 45
99 52 45
99 53 45
99 54 45
99 55 135
99 56 135
99 57 45
99 58 45
99 59 135
99 60 45
99 61 135
99 62 135
99 63 45
99 64 135
99 65 135
99 66 45
99 67 45
99 68 45
99 69 45
99 70 135
99 71 45
99 72 45
99 73 45
99 74 45
99 75 135
99 76 135
99 77 45
99 78 45
99 79 45
99 80 135
99 81 45
99 82 45
99 83 135
99 84 45
99 85 45
99 86 135
99 87 45
99 88 135
99 89 45
99 90 135
99 91 135
99 92 135
99 93 135
99 94 45
99 95 45
99 97 45
99 98 45
99 100 135
99 101 135
99 102 135
99 103 135
99 104 135
99 105 45
99 106 45
99 107 135
99 108 45
99 109 135
99 110 135
99 111 135
99 112 45
99 113 135
99 114 45
99 116 135
99 117 135
99 118 135
99 119 45
99 120 45
99 121 135
99 122 135
99 123 45
99 124 45
99 125 135
99 126 45
99 127 135
99 128 45
99 129 45
99 130 135
99 131 45
99 132 135
99 133 135
99 134 45
99 135 135
99 136 135
99 137 45
99 138 135
99 139 45
99 140 45
99 141 45
99 142 45
99 143 135
99 144 135
99 145 45
99 146 135
99 147 45
99 148 45
99 149 135
99 150 45
99 151 135
99 152 45
99 153 45
99 154 135
99 155 135
99 156 45
99 157 45
99 158 45
99 159 45
99 160 45
99 161 45
99 162 135
99 163 45
99 164 135
99 165 135
99 166 135
99 167 135
99 168 45
99 169 45
99 170 45
99 171 135
99 172 135
99 173 45
99 174 135
99 175 135
99 176 45
99 177 45
99 178 135
99 179 135
99 180 135
99 181 45
99 182 45
99 183 135
99 184 45
99 185 135
99 186 45
99 187 45
99 188 45
99 189 135
99 190 135
99 191 45
99 192 45
99 193 45
99 194 135
99 195 45
99 196 45
99 197 135
99 198 135
99 199 135
100 0 45
100 1 135
100 2 45
100 3 45
100 4 135
100 5 135
100 6 135
100 7 135
100 8 45
100 9 135
100 10 135
100 11 135
100 12 135
100 13 45
100 14 45
100 15 135
100 16 45
100 17 45
100 18 135
100 19 135
100 20 135
100 21 135
100 22 135
100 23 45
100 24 135
100 25 45
100 26 135
100 27 135
100 28 135
100 29 45
100 30 135
100 31 135
100 32 135
100 33 45
100 34 135
100 35 45
100 36 135
100 37 45
100 38 45
100 39 135
100 40 135
100 41 135
100 42 45
100 43 135
100 44 45
100 45 135
100 46 45
100 47 45
100 48 135
100 49 135
100 50 135
100 51 135
100 52 135
100 53 135
100 54 135
100 55 135
100 56 45
100 57 45
100 58 45
100 59 45
100 60 45
100 61 135
100 62 135
100 63 135
100 64 135
100 65 135
100 66 45
100 67 135
100 68 135
100 69 45
100 70 45
100 71 45
100 72 135
100 73 45
100 74 45
100 75 135
100 76 45
100 77 135
100 78 45
100 79 135
100 80 135
100 81 45
100 82 45
100 83 135
100 84 45
100 85 135
100 86 135
100 87 45
100 88 135
100 89 45
100 90 135
100 91 45
100 92 45
100 93 45
100 94 135
100 95 45
100 97 45
100 98 135
100 99 135
100 100 135
100 101 45
100 102 135
100 103 135
100 104 45
100 105 45
100 106 45
100 107 45
100 108 45
100 109 45
100 110 135
100 112 45
100 113 135
100 114 135
100 115 45
100 116 45
100 117 45
100 118 135
100 119 45
100 120 45
100 121 135
100 122 45
100 123 45
100 124 45
100 125 135
100 126 135
100 127 45
100 128 45
100 129 135
100 130 45
100 131 45
100 132 135
100 133 45
100 134 135
100 135 135
100 136 45
100 137 45
100 138 135
100 139 45
100 140 45
100 141 45
100 142 45
100 143 45
100 144 135
100 145 135
100 146 45
100 147 45
100 148 45
100 149 135
100 150 45
100 151 45
100 152 135
100 153 135
100 154 45
100 155 135
100 156 135
100 157 45
100 158 135
100 159 135
100 160 135
100 161 45
100 162 135
100 163 45
100 164 45
100 165 135
100 166 45
100 167 45
100 168 135
100 169 135
100 170 45
100 171 45
100 172 45
100 173 135
100 174 135
100 175 135
100 176 45
100 177 45
100 178 135
100 179 45
100 180 45
100 181 135
100 182 45
100 183 135
100 184 135
100 185 135
100 186 135
100 187 45
100 188 135
100 189 135
100 190 45
100 191 45
100 192 45
100 193 45
100 194 45
100 195 45
100 196 45
100 197 135
100 198 45
100 199 135
101 0 135
101 1 45
101 2 135
101 3 45
101 4 45
101 5 135
101 6 135
101 7 135
101 8 45
101 9 135
101 10 135
101 11 45
101 12 45
101 13 45
101 14 45
101 15 45
101 16 45
101 17 45
101 18 135
101 19 135
101 20 135
101 21 135
101 22 45
101 23 135
101 24 45
101 25 45
101 26 45
101 27 135
101 28 135
101 29 45
101 30 135
101 31 45
101 32 45
101 33 45
101 34 45
101 35 45
101 36 45
101 37 135
101 38 45
101 39 45
101 40 135
101 41 45
101 42 45
101 43 135
101 44 45
101 45 45
101 46 135
101 47 45
101 48 45
101 49 45
101 50 45
101 51 45
101 52 45
101 53 135
101 54 135
101 55 135
101 56 45
101 57 135
101 58 45
101 59 135
101 61 45
101 62 45
101 63 45
101 64 45
101 65 135
101 66 135
101 67 45
101 68 135
101 69 45
101 70 45
101 71 135
101 72 45
101 73 45
101 74 135
101 75 135
101 76 135
101 77 135
101 78 135
101 79 45
101 80 135
101 81 45
101 82 135
101 83 45
101 84 135
101 85 45
101 86 45
101 87 45
101 88 45
101 89 135
101 90 135
101 91 135
101 92 135
101 93 45
101 94 135
101 95 135
101 97 45
101 98 45
101 99 45
101 100 135
101 101 135
101 102 135
101 103 45
101 104 45
101 105 135
101 106 45
101 107 135
101 108 135
101 109 135
101 110 45
101 111 135
101 112 135
101 113 45
101 114 135
101 115 135
101 116 45
101 117 45
101 118 135
101 119 135
101 120 135
101 121 45
101 122 45
101 123 45
101 124 45
101 125 135
101 126 135
101 127 135
101 128 135
101 129 45
101 130 135
101 131 135
101 132 135
101 133 45
101 134 45
101 135 135
101 136 135
101 137 135
101 138 135
101 139 45
101 140 45
101 141 135
101 142 135
101 143 135
101 144 135
101 145 45
101 146 45
101 147 45
101 148 45
101 149 45
101 150 135
101 151 45
101 152 135
101 153 135
101 154 45
101 155 45
101 156 45
101 157 135
101 158 135
101 159 135
101 160 45
101 161 135
101 162 135
101 163 135
101 164 135
101 165 135
101 166 45
101 167 135
101 168 135
101 169 45
101 170 135
101 171 45
101 172 45
101 173 135
101 174 45
101 175 45
101 176 45
101 177 45
101 178 45
101 179 45
101 180 45
101 181 135
101 182 45
101 183 45
101 184 135
101 185 135
101 186 45
101 187 135
101 188 135
101 189 135
101 190 45
101 191 45
101 192 135
101 193 45
101 194 45
101 195 135
101 196 135
101 197 135
101 198 135
101 199 135
102 0 45
102 1 45
102 2 135
102 3 45
102 4 45
102 5 135
102 6 135
102 7 135
102 8 45
102 9 45
102 10 45
102 11 45
102 12 135
102 13 45
102 14 45
102 15 45
102 16 45
102 17 45
102 18 135
102 19 45
102 20 135
102 21 135
102 22 135
102 23 45
102 24 45
102 25 45
102 26 135
102 27 45
102 28 135
102 29 135
102 30 135
102 31 45
102 32 135
102 33 45
102 34 45
102 35 45
102 36 135
102 37 45
102 38 45
102 39 135
102 40 135
102 41 45
102 42 45
102 43 45
102 44 45
102 45 135
102 46 135
102 47 135
102 48 135
102 49 45
102 50 45
102 51 135
102 52 45
102 53 45
102 54 45
102 55 135
102 56 45
102 57 45
102 58 45
102 59 45
102 60 135
102 61 135
102 62 45
102 63 135
102 64 45
102 65 45
102 66 135
102 67 45
102 68 45
102 69 45
102 70 45
102 71 135
102 72 135
102 73 45
102 74 135
102 75 135
102 76 45
102 77 45
102 78 135
102 79 135
102 80 45
102 81 45
102 82 45
102 83 45
102 84 135
102 85 45
102 86 45
102 87 45
102 88 45
102 89 135
102 90 135
102 91 135
102 92 45
102 93 135
102 94 135
102 95 135
102 97 45
102 98 45
102 99 135
102 100 45
102 101 135
102 102 45
102 104 45
102 105 45
102 106 45
102 107 135
102 108 135
102 109 45
102 110 45
102 111 45
102 112 45
102 113 45
102 114 135
102 115 45
102 116 45
102 117 45
102 118 135
102 119 45
102 120 135
102 121 135
102 122 135
102 123 135
102 124 135
102 125 135
102 126 45
102 127 135
102 128 135
102 129 135
102 130 45
102 131 45
102 132 45
102 133 45
102 134 135
102 135 135
102 136 135
102 137 45
102 138 135
102 139 45
102 140 135
102 141 135
102 142 45
102 143 135
102 144 135
102 145 45
102 146 45
102 147 135
102 149 135
102 150 135
102 151 135
102 152 135
102 153 135
102 154 135
102 155 45
102 156 45
102 157 45
102 158 135
102 159 135
102 160 135
102 161 45
102 162 45
102 163 135
102 164 135
102 165 135
102 166 45
102 167 135
102 168 135
102 169 45
102 170 135
102 171 45
102 172 135
102 173 135
102 174 45
102 175 45
102 176 135
102 177 135
102 178 45
102 179 45
102 180 135
102 181 45
102 182 135
102 183 45
102 184 45
102 185 135
102 186 45
102 187 45
102 188 135
102 189 135
102 190 45
102 191 45
102 192 45
102 193 135
102 194 45
102 195 135
102 196 135
102 197 45
102 198 135
102 199 45
103 0 135
103 1 135
103 2 135
103 3 135
103 4 135
103 5 135
103 6 45
103 7 45
103 8 45
103 9 45
103 10 45
103 11 135
103 12 45
103 13 135
103 14 135
103 15 45
103 16 45
103 17 45
103 18 135
103 19 135
103 20 45
103 21 135
103 22 135
103 23 135
103 24 45
103 25 135
103 26 135
103 27 45
103 28 135
103 29 135
103 30 135
103 31 135
103 32 45
103 33 45
103 34 45
103 35 135
103 36 45
103 37 45
103 38 135
103 39 135
103 40 135
103 41 135
103 42 135
103 43 45
103 44 135
103 45 135
103 46 45
103 47 135
103 48 45
103 49 45
103 50 45
103 51 135
103 52 45
103 53 135
103 54 135
103 55 45
103 56 45
103 57 135
103 58 45
103 59 135
103 60 45
103 61 135
103 62 45
103 63 45
103 64 45
103 65 135
103 66 135
103 67 135
103 69 45
103 70 135
103 71 135
103 72 45
103 73 135
103 74 135
103 75 135
103 76 135
103 77 45
103 78 45
103 79 135
103 80 135
103 81 45
103 82 135
103 83 45
103 84 45
103 85 45
103 86 135
103 87 135
103 88 135
103 89 135
103 90 135
103 91 135
103 92 135
103 93 45
103 94 45
103 95 45
103 97 45
103 98 45
103 99 45
103 100 45
103 101 45
103 102 45
103 103 135
103 104 135
103 105 135
103 106 45
103 107 45
103 108 135
103 109 135
103 110 45
103 111 135
103 112 135
103 113 135
103 114 135
103 115 45
103 116 135
103 117 45
103 118 135
103 119 135
103 120 45
103 121 135
103 122 45
103 123 45
103 124 135
103 125 135
103 126 45
103 127 45
103 128 135
103 129 135
103 130 135
103 131 135
103 132 135
103 133 135
103 134 135
103 135 45
103 136 45
103 137 45
103 138 45
103 139 45
103 140 45
103 141 45
103 142 45
103 143 135
103 144 135
103 145 45
103 146 45
103 147 135
103 148 135
103 149 135
103 150 45
103 151 45
103 152 135
103 153 45
103 154 45
103 155 135
103 156 135
103 157 135
103 158 45
103 159 45
103 160 135
103 161 45
103 162 45
103 163 45
103 164 45
103 165 45
103 166 45
103 167 45
103 168 45
103 169 135
103 170 135
103 171 135
103 172 135
103 173 135
103 174 45
103 175 45
103 176 135
103 177 45
103 178 135
103 179 135
103 180 135
103 182 135
103 183 135
103 184 135
103 185 45
103 186 135
103 187 45
103 188 45
103 189 135
103 190 45
103 191 45
103 192 45
103 193 135
103 194 45
103 195 45
103 196 135
103 197 135
103 198 45
103 199 45
104 0 45
104 1 135
104 2 135
104 3 45
104 4 135
104 5 45
104 6 45
104 7 45
104 8 45
104 9 135
104 10 45
104 11 135
104 12 45
104 13 45
104 14 45
104 15 135
104 16 135
104 17 45
104 18 135
104 19 45
104 20 135
104 21 135
104 22 135
104 23 135
104 24 45
104 25 45
104 26 135
104 27 135
104 28 135
104 29 135
104 30 45
104 31 45
104 32 45
104 33 45
104 34 45
104 35 135
104 36 45
104 37 135
104 38 45
104 39 135
104 40 135
104 41 135
104 42 135
104 43 135
104 44 45
104 45 135
104 46 45
104 47 135
104 48 45
104 49 45
104 50 45
104 51 45
104 52 45
104 53 45
104 54 135
104 55 45
104 56 135
104 57 135
104 58 45
104 59 135
104 60 135
104 61 135
104 62 45
104 63 45
104 64 45
104 65 45
104 66 45
104 67 45
104 68 135
104 69 45
104 70 45
104 71 45
104 72 45
104 73 135
104 74 45
104 75 135
104 76 135
104 77 45
104 78 45
104 79 135
104 80 135
104 81 45
104 82 45
104 83 45
104 84 135
104 85 45
104 86 135
104 87 45
104 88 135
104 89 135
104 90 135
104 91 45
104 92 135
104 93 45
104 94 135
104 95 135
104 97 45
104 98 45
104 99 135
104 100 45
104 101 135
104 102 135
104 103 135
104 104 135
104 105 45
104 107 135
104 108 135
104 109 135
104 110 45
104 111 135
104 112 135
104 113 135
104 114 45
104 115 45
104 116 135
104 117 135
104 118 135
104 119 135
104 120 45
104 121 45
104 122 135
104 123 135
104 124 135
104 125 135
104 126 45
104 127 135
104 128 45
104 129 45
104 130 45
104 131 135
104 132 45
104 133 135
104 134 135
104 135 135
104 136 135
104 137 45
104 138 45
104 139 135
104 140 135
104 141 45
104 142 45
104 143 135
104 144 135
104 145 135
104 146 135
104 147 45
104 148 135
104 149 45
104 150 135
104 151 45
104 152 45
104 153 45
104 154 45
104 155 135
104 156 45
104 157 135
104 158 135
104 159 45
104 160 135
104 161 45
104 162 45
104 163 45
104 164 135
104 165 135
104 166 45
104 167 135
104 168 135
104 169 135
104 170 135
104 171 45
104 172 135
104 173 45
104 174 45
104 175 135
104 176 45
104 177 135
104 178 135
104 179 45
104 180 45
104 181 135
104 182 135
104 183 45
104 184 135
104 185 45
104 186 135
104 187 45
104 188 135
104 189 135
104 190 135
104 191 45
104 192 45
104 193 45
104 194 135
104 195 45
104 196 45
104 197 45
104 198 45
105 0 45
105 1 45
105 2 45
105 3 135
105 4 135
105 5 45
105 6 135
105 7 45
105 9 135
105 10 135
105 11 135
105 12 135
105 13 135
105 14 135
105 15 45
105 16 135
105 17 135
105 18 45
105 19 135
105 20 135
105 21 135
105 22 45
105 23 45
105 24 135
105 25 45
105 26 45
105 27 135
105 28 135
105 29 135
105 30 45
105 31 135
105 32 135
105 33 135
105 34 45
105 35 45
105 36 45
105 37 135
105 38 135
105 40 135
105 41 45
105 42 135
105 43 45
105 44 135
105 45 45
105 46 45
105 47 45
105 48 45
105 49 45
105 50 135
105 51 45
105 52 135
105 53 45
105 54 135
105 55 45
105 56 45
105 57 45
105 58 45
105 59 135
105 60 135
105 61 45
105 62 135
105 63 45
105 64 45
105 65 135
105 66 135
105 67 45
105 68 45
105 69 135
105 70 45
105 71 135
105 72 45
105 73 45
105 74 135
105 75 45
105 76 135
105 77 45
105 78 135
105 79 45
105 80 45
105 81 135
105 82 45
105 83 135
105 84 45
105 85 45
105 86 45
105 87 45
105 88 135
105 89 135
105 90 135
105 91 45
105 92 45
105 93 45
105 94 45
105 95 45
105 97 45
105 98 45
105 99 135
105 100 135
105 101 45
105 102 45
105 103 135
105 104 135
105 105 135
105 106 45
105 107 135
105 108 45
105 109 135
105 110 45
105 111 45
105 112 135
105 113 45
105 114 135
105 115 135
105 116 135
105 117 45
105 118 45
105 119 45
105 120 135
105 121 45
105 122 45
105 123 135
105 124 135
105 125 45
105 126 135
105 127 135
105 128 135
105 129 45
105 130 45
105 131 45
105 132 45
105 133 135
105 134 45
105 135 45
105 136 135
105 137 135
105 138 45
105 139 135
105 140 135
105 141 45
105 142 135
105 143 45
105 144 45
105 145 45
105 146 135
105 147 135
105 148 135
105 149 135
105 150 135
105 151 135
105 152 135
105 153 45
105 154 135
105 155 45
105 156 45
105 157 45
105 158 135
105 159 135
105 160 135
105 161 45
105 162 135
105 163 45
105 164 135
105 165 135
105 166 135
105 167 45
105 168 45
105 169 135
105 170 135
105 171 135
105 172 45
105 173 135
105 174 135
105 175 45
105 176 135
105 177 45
105 178 45
105 179 135
105 180 135
105 181 135
105 182 45
105 183 135
105 184 135
105 185 135
105 186 135
105 187 135
105 188 135
105 189 45
105 190 45
105 191 45
105 192 45
105 193 45
105 194 135
105 195 135
105 196 45
105 197 45
105 198 45
105 199 135
106 0 45
106 1 135
106 2 45
106 3 135
106 4 45
106 5 135
106 6 45
106 7 45
106 8 45
106 9 45
106 10 45
106 11 45
106 12 135
106 13 135
106 14 45
106 15 45
106 16 135
106 17 45
106 18 135
106 19 135
106 20 45
106 21 135
106 22 135
106 23 135
106 24 135
106 25 135
106 26 45
106 27 45
106 28 135
106 29 45
106 30 45
106 31 45
106 32 135
106 33 45
106 34 45
106 35 135
106 36 45
106 37 135
106 38 135
106 39 135
106 40 45
106 41 45
106 42 135
106 43 45
106 44 135
106 45 135
106 46 135
106 47 135
106 48 135
106 49 45
106 50 135
106 51 45
106 52 135
106 53 45
106 54 45
106 55 45
106 56 135
106 57 45
106 58 135
106 59 45
106 60 135
106 61 135
106 62 135
106 63 45
106 64 45
106 65 45
106 66 135
106 67 135
106 68 45
106 69 135
106 70 45
106 71 45
106 72 45
106 73 45
106 74 135
106 75 45
106 76 45
106 77 45
106 78 135
106 79 135
106 80 45
106 81 45
106 82 45
106 83 135
106 85 135
106 86 135
106 87 45
106 88 135
106 89 135
106 90 135
106 91 45
106 92 135
106 93 45
106 94 135
106 95 135
106 97 45
106 98 45
106 99 135
106 100 135
106 101 135
106 102 45
106 103 45
106 104 45
106 105 45
106 106 45
106 107 45
106 108 45
106 109 135
106 110 135
106 111 135
106 112 45
106 113 135
106 114 45
106 115 45
106 116 45
106 117 45
106 118 135
106 119 135
106 120 45
106 121 135
106 122 45
106 123 135
106 124 135
106 125 45
106 126 45
106 127 135
106 128 135
106 129 135
106 130 45
106 131 45
106 132 45
106 133 45
106 134 135
106 135 45
106 136 45
106 137 135
106 138 135
106 139 45
106 140 45
106 141 45
106 142 135
106 143 135
106 144 45
106 145 45
106 146 135
106 147 45
106 148 135
106 149 135
106 150 45
106 151 45
106 152 135
106 153 45
106 154 135
106 155 45
106 156 135
106 157 135
106 158 135
106 159 135
106 160 45
106 161 45
106 162 45
106 163 45
106 164 135
106 165 135
106 166 45
106 167 135
106 168 135
106 169 135
106 170 135
106 171 45
106 172 135
106 173 45
106 174 45
106 175 45
106 176 135
106 177 45
106 178 45
106 179 135
106 180 45
106 181 45
106 182 135
106 183 45
106 184 45
106 185 45
106 186 135
106 187 135
106 188 45
106 189 45
106 190 135
106 191 135
106 192 135
106 193 135
106 194 135
106 195 45
106 196 135
106 198 45
106 199 45
107 0 135
107 1 45
107 2 45
107 3 135
107 4 135
107 5 135
107 6 135
107 7 45
107 8 135
107 9 45
107 10 135
107 11 45
107 12 135
107 13 135
107 14 135
107 15 135
107 16 135
107 17 45
107 18 135
107 19 45
107 20 45
107 21 135
107 22 45
107 23 135
107 24 135
107 25 135
107 26 135
107 27 45
107 28 135
107 29 135
107 30 135
107 31 135
107 32 45
107 33 135
107 34 45
107 35 45
107 36 45
107 37 45
107 38 135
107 39 45
107 40 135
107 41 45
107 42 45
107 43 135
107 44 45
107 45 45
107 46 45
107 47 135
107 48 45
107 49 135
107 50 45
107 51 135
107 52 45
107 53 45
107 54 45
107 55 45
107 56 135
107 57 135
107 58 45
107 59 135
107 60 45
107 61 135
107 62 45
107 63 135
107 64 135
107 65 135
107 66 45
107 67 45
107 68 45
107 69 135
107 70 135
107 71 135
107 72 45
107 73 135
107 74 45
107 75 45
107 76 135
107 77 135
107 78 135
107 79 135
107 80 135
107 81 45
107 82 135
107 83 135
107 84 135
107 85 45
107 86 45
107 87 135
107 88 135
107 89 45
107 90 135
107 91 45
107 92 45
107 93 45
107 94 135
107 95 45
107 97 45
107 98 45
107 99 45
107 100 135
107 101 45
107 102 135
107 103 135
107 104 135
107 105 135
107 106 135
107 107 135
107 108 135
107 109 135
107 110 45
107 111 45
107 112 45
107 113 135
107 114 135
107 115 135
107 116 45
107 117 135
107 118 45
107 119 135
107 120 135
107 121 45
107 122 45
107 123 45
107 124 135
107 125 45
107 126 45
107 127 45
107 128 45
107 129 135
107 130 45
107 131 135
107 132 45
107 133 135
107 134 135
107 135 45
107 136 135
107 137 135
107 138 45
107 139 45
107 140 45
107 141 45
107 142 45
107 143 45
107 144 45
107 145 45
107 146 135
107 147 135
107 148 45
107 149 45
107 150 45
107 151 135
107 152 135
107 153 45
107 154 135
107 155 45
107 156 45
107 157 135
107 158 45
107 159 45
107 160 45
107 161 45
107 162 45
107 163 135
107 164 45
107 165 135
107 166 135
107 167 45
107 168 135
107 169 135
107 170 45
107 172 135
107 173 135
107 174 135
107 175 45
107 176 135
107 177 135
107 178 45
107 179 45
107 180 45
107 181 45
107 182 45
107 183 45
107 184 45
107 185 135
107 186 135
107 187 45
107 188 135
107 189 45
107 190 45
107 192 135
107 193 135
107 194 45
107 195 45
107 196 135
107 197 135
107 198 45
107 199 135
108 0 45
108 1 135
108 2 45
108 3 135
108 4 45
108 5 135
108 6 135
108 7 135
108 8 135
108 9 45
108 10 135
108 11 45
108 12 135
108 13 135
108 14 135
108 15 45
108 16 45
108 17 135
108 18 135
108 19 135
108 20 45
108 21 45
108 22 135
108 23 135
108 24 135
108 25 135
108 26 45
108 27 135
108 28 135
108 29 135
108 30 45
108 31 135
108 32 45
108 33 135
108 34 45
108 35 135
108 36 135
108 37 45
108 38 45
108 39 45
108 40 135
108 41 45
108 42 45
108 43 135
108 44 135
108 45 135
108 46 45
108 47 45
108 48 45
108 49 135
108 50 45
108 51 135
108 52 135
108 53 135
108 54 45
108 55 135
108 56 135
108 57 45
108 58 135
108 59 45
108 60 45
108 61 45
108 62 45
108 63 135
108 64 45
108 66 135
108 67 45
108 68 45
108 69 45
108 70 45
108 71 135
108 72 135
108 73 135
108 74 135
108 75 135
108 76 135
108 77 45
108 78 135
108 79 45
108 80 135
108 81 135
108 82 135
108 83 135
108 84 135
108 85 45
108 86 135
108 87 135
108 88 45
108 89 135
108 90 135
108 91 135
108 92 135
108 93 45
108 94 135
108 95 135
108 97 45
108 98 45
108 99 135
108 100 135
108 101 45
108 102 135
108 103 45
108 104 45
108 105 135
108 106 45
108 108 45
108 109 45
108 110 45
108 111 45
108 112 135
108 113 45
108 114 135
108 115 135
108 116 135
108 117 135
108 118 45
108 119 45
108 120 45
108 121 135
108 122 135
108 123 45
108 124 135
108 125 135
108 126 135
108 127 135
108 128 45
108 129 135
108 130 135
108 131 45
108 132 45
108 133 45
108 134 135
108 135 135
108 136 135
108 137 45
108 138 45
108 139 135
108 140 135
108 141 135
108 142 45
108 143 135
108 144 45
108 145 135
108 146 135
108 147 45
108 148 45
108 149 45
108 150 45
108 151 135
108 152 135
108 153 45
108 154 135
108 155 135
108 156 135
108 157 45
108 158 45
108 159 45
108 160 135
108 161 45
108 162 45
108 163 135
108 164 45
108 165 45
108 166 45
108 167 45
108 168 45
108 169 45
108 170 45
108 171 135
108 172 45
108 173 45
108 174 135
108 175 45
108 176 135
108 177 45
108 178 135
108 179 135
108 180 135
108 181 45
108 182 45
108 183 45
108 184 135
108 185 45
108 186 45
108 187 135
108 188 135
108 189 45
108 190 45
108 191 135
108 192 45
108 193 135
108 194 45
108 195 135
108 196 45
108 197 45
108 198 45
108 199 135
109 0 45
109 1 45
109 2 135
109 3 45
109 4 135
109 5 45
109 6 45
109 7 45
109 8 45
109 9 45
109 10 45
109 11 45
109 12 135
109 13 135
109 14 45
109 15 135
109 16 45
109 17 135
109 19 45
109 20 135
109 21 45
109 22 45
109 23 45
109 24 135
109 25 45
109 26 45
109 27 45
109 28 135
109 29 135
109 30 135
109 31 135
109 32 135
109 33 45
109 34 135
109 35 135
109 36 135
109 37 45
109 38 135
109 39 135
109 40 135
109 41 45
109 42 135
109 43 45
109 44 45
109 45 45
109 46 135
109 47 45
109 48 135
109 49 45
109 50 135
109 51 135
109 52 135
109 53 135
109 54 45
109 55 45
109 56 45
109 57 135
109 58 45
109 59 135
109 60 45
109 62 135
109 63 135
109 64 135
109 65 45
109 66 45
109 67 45
109 68 45
109 69 45
109 70 45
109 71 135
109 72 45
109 73 45
109 74 45
109 75 45
109 76 45
109 77 45
109 78 135
109 79 135
109 80 135
109 81 135
109 82 45
109 83 135
109 84 45
109 85 45
109 86 45
109 87 135
109 88 45
109 89 135
109 90 45
109 91 135
109 92 45
109 93 45
109 94 135
109 95 135
109 97 45
109 98 45
109 99 135
109 100 135
109 101 135
109 102 45
109 103 45
109 104 135
109 105 45
109 106 135
109 107 45
109 108 135
109 109 135
109 110 45
109 111 135
109 112 45
109 113 135
109 114 45
109 115 135
109 116 45
109 117 45
109 118 135
109 119 135
109 120 135
109 121 135
109 122 135
109 123 45
109 124 45
109 125 45
109 126 135
109 127 45
109 128 135
109 129 45
109 130 135
109 131 135
109 132 135
109 133 45
109 134 45
109 135 45
109 136 45
109 137 135
109 138 45
109 139 45
109 140 135
109 141 45
109 142 135
109 143 45
109 144 45
109 145 135
109 146 45
109 147 45
109 148 45
109 149 45
109 150 45
109 151 45
109 152 135
109 153 45
109 154 135
109 155 45
109 156 45
109 157 135
109 158 45
109 159 45
109 160 135
109 161 45
109 162 135
109 163 135
109 164 45
109 165 45
109 166 135
109 167 135
109 168 135
109 169 45
109 170 135
109 171 135
109 172 45
109 173 45
109 174 45
109 175 135
109 176 45
109 177 45
109 178 135
109 179 45
109 180 45
109 181 135
109 182 45
109 183 45
109 184 45
109 185 45
109 187 45
109 188 135
109 189 135
109 190 45
109 191 135
109 192 45
109 193 45
109 195 45
109 196 135
109 197 135
109 198 135
109 199 45
110 0 135
110 1 45
110 2 135
110 3 45
110 4 135
110 5 45
110 6 135
110 7 135
110 8 45
110 9 135
110 10 45
110 11 135
110 12 45
110 13 45
110 14 135
110 15 135
110 16 135
110 17 135
110 18 45
110 19 135
110 20 45
110 21 135
110 22 45
110 23 45
110 24 135
110 25 135
110 26 135
110 27 135
110 28 45
110 29 45
110 30 135
110 31 45
110 32 135
110 33 45
110 34 45
110 35 135
110 36 135
110 37 135
110 38 45
110 39 135
110 40 135
110 41 45
110 42 45
110 43 135
110 44 45
110 45 45
110 46 45
110 47 45
110 48 45
110 49 135
110 50 45
110 51 45
110 52 45
110 53 135
110 54 135
110 55 45
110 56 135
110 57 135
110 58 135
110 59 135
110 60 45
110 61 135
110 62 45
110 63 135
110 64 45
110 65 45
110 66 45
110 67 135
110 68 135
110 69 45
110 70 135
110 71 135
110 72 45
110 73 135
110 74 135
110 75 135
110 76 45
110 77 135
110 78 135
110 79 45
110 80 135
110 81 135
110 82 45
110 83 135
110 84 135
110 85 45
110 86 135
110 87 45
110 88 135
110 89 45
110 90 45
110 91 45
110 92 135
110 93 135
110 94 45
110 95 135
110 97 45
110 98 135
110 99 45
110 100 135
110 101 45
110 102 135
110 103 45
110 104 45
110 105 135
110 106 45
110 107 135
110 108 135
110 109 45
110 110 135
110 111 135
110 112 45
110 113 135
110 114 45
110 115 45
110 116 45
110 117 45
110 118 45
110 119 135
110 120 45
110 121 45
110 122 45
110 123 135
110 124 45
110 125 135
110 126 135
110 127 45
110 128 135
110 129 135
110 130 135
110 131 45
110 132 45
110 133 45
110 134 135
110 135 45
110 136 135
110 137 135
110 138 135
110 139 135
110 140 135
110 141 45
110 142 135
110 143 135
110 144 135
110 145 135
110 146 135
110 147 135
110 148 135
110 149 45
110 150 45
110 151 45
110 152 135
110 153 135
110 154 45
110 155 135
110 156 135
110 157 45
110 158 135
110 159 135
110 160 45
110 161 45
110 162 45
110 163 135
110 164 135
110 165 135
110 166 135
110 167 45
110 168 135
110 169 135
110 170 45
110 171 45
110 172 135
110 173 135
110 174 45
110 175 45
110 176 135
110 177 135
110 178 135
110 179 45
110 180 135
110 181 45
110 182 135
110 183 45
110 184 45
110 185 135
110 186 135
110 187 45
110 188 135
110 189 45
110 190 45
110 191 135
110 192 135
110 193 135
110 194 45
110 195 45
110 196 135
110 197 135
110 198 45
110 199 135
111 0 135
111 1 45
111 2 135
111 3 45
111 4 45
111 5 135
111 6 135
111 7 45
111 8 135
111 9 45
111 10 45
111 11 45
111 12 135
111 13 45
111 14 135
111 15 45
111 16 135
111 17 45
111 18 45
111 19 135
111 20 135
111 21 45
111 22 45
111 23 135
111 24 45
111 25 45
111 26 45
111 27 135
111 28 135
111 29 45
111 30 135
111 31 135
111 32 135
111 33 135
111 34 45
111 35 135
111 36 45
111 37 45
111 38 45
111 39 135
111 40 45
111 41 135
111 42 45
111 43 135
111 44 135
111 45 135
111 46 135
111 47 135
111 48 45
111 49 135
111 50 135
111 51 45
111 52 45
111 53 135
111 54 135
111 55 135
111 56 135
111 57 45
111 58 45
111 59 45
111 60 45
111 61 135
111 62 45
111 63 45
111 64 45
111 65 135
111 66 135
111 67 45
111 68 135
111 69 135
111 70 45
111 71 45
111 72 135
111 73 135
111 74 45
111 75 45
111 76 45
111 77 135
111 78 45
111 79 45
111 80 135
111 81 45
111 82 45
111 83 45
111 84 135
111 85 45
111 86 135
111 87 45
111 88 45
111 89 135
111 90 45
111 91 45
111 92 45
111 93 135
111 94 135
111 95 45
111 97 135
111 98 135
111 99 135
111 100 135
111 101 45
111 102 135
111 103 45
111 104 45
111 105 45
111 106 45
111 107 135
111 108 45
111 109 135
111 110 135
111 111 135
111 112 135
111 113 45
111 114 45
111 115 135
111 116 45
111 117 45
111 118 135
111 119 135
111 120 135
111 121 135
111 122 135
111 123 45
111 124 45
111 125 135
111 126 135
111 127 45
111 128 45
111 129 45
111 130 135
111 131 135
111 132 45
111 133 135
111 134 45
111 135 135
111 136 135
111 137 135
111 138 45
111 139 135
111 140 135
111 141 45
111 142 45
111 143 135
111 144 45
111 145 135
111 146 135
111 147 135
111 148 45
111 149 135
111 150 45
111 151 135
111 152 135
111 153 45
111 154 45
111 155 45
111 156 135
111 157 135
111 158 135
111 159 135
111 160 135
111 161 135
111 162 135
111 163 135
111 164 45
111 165 45
111 166 135
111 167 135
111 168 45
111 169 45
111 170 135
111 171 45
111 172 45
111 173 45
111 174 135
111 175 135
111 176 135
111 177 45
111 178 135
111 179 45
111 180 135
111 181 135
111 182 135
111 183 135
111 184 135
111 185 135
111 186 135
111 187 45
111 188 135
111 189 135
111 190 135
111 191 45
111 192 45
111 193 45
111 194 45
111 195 45
111 196 45
111 197 135
111 198 45
111 199 45
112 0 45
112 1 135
112 2 45
112 3 135
112 4 135
112 5 45
112 6 45
112 7 45
112 8 45
112 9 45
112 10 135
112 11 135
112 12 45
112 13 45
112 14 45
112 15 135
112 16 135
112 17 45
112 19 135
112 20 45
112 21 135
112 22 135
112 23 135
112 24 135
112 25 45
112 26 135
112 27 135
112 28 135
112 29 45
112 30 45
112 31 135
112 32 45
112 33 135
112 34 45
112 35 135
112 36 45
112 37 45
112 38 45
112 39 45
112 40 45
112 41 45
112 42 135
112 43 135
112 44 135
112 45 135
112 46 135
112 47 135
112 48 45
112 49 45
112 50 135
112 51 135
112 52 135
112 53 45
112 54 135
112 55 135
112 56 135
112 57 45
112 58 45
112 59 135
112 60 135
112 61 45
112 62 135
112 63 45
112 64 45
112 65 45
112 66 135
112 67 135
112 68 135
112 69 45
112 70 45
112 71 135
112 72 45
112 73 135
112 74 135
112 75 45
112 76 135
112 77 45
112 78 135
112 79 45
112 80 45
112 81 45
112 82 45
112 83 45
112 84 135
112 85 45
112 86 135
112 87 45
112 88 135
112 89 45
112 90 135
112 91 135
112 92 135
112 93 135
112 94 45
112 95 45
112 97 45
112 98 135
112 99 135
112 100 45
112 101 45
112 102 135
112 103 135
112 104 135
112 105 45
112 106 135
112 107 135
112 108 45
112 109 45
112 110 45
112 111 45
112 112 45
112 113 135
112 114 45
112 115 135
112 116 45
112 117 45
112 118 135
112 119 45
112 120 45
112 121 135
112 122 135
112 123 45
112 124 45
112 125 45
112 126 45
112 127 135
112 128 45
112 129 135
112 130 45
112 131 135
112 132 45
112 133 45
112 134 45
112 135 45
112 136 135
112 137 45
112 138 45
112 139 135
112 140 135
112 141 135
112 142 135
112 143 135
112 144 45
112 145 45
112 146 135
112 147 135
112 148 45
112 149 135
112 150 45
112 151 135
112 152 135
112 153 135
112 154 135
112 155 45
112 156 135
112 157 45
112 158 45
112 159 45
112 160 45
112 161 45
112 162 135
112 163 135
112 164 45
112 165 135
112 166 45
112 167 45
112 168 135
112 169 45
112 170 45
112 171 135
112 172 135
112 173 45
112 174 135
112 175 135
112 176 135
112 177 45
112 178 45
112 179 45
112 180 45
112 181 135
112 182 135
112 183 135
112 184 135
112 185 45
112 186 135
112 187 45
112 188 45
112 189 45
112 190 135
112 191 135
112 192 135
112 193 45
112 194 45
112 195 45
112 196 45
112 197 45
112 198 45
112 199 45
113 0 45
113 1 135
113 3 45
113 4 135
113 5 135
113 6 45
113 7 45
113 8 135
113 9 45
113 10 45
113 11 135
113 12 135
113 13 135
113 14 45
113 15 45
113 16 135
113 17 135
113 18 45
113 19 45
113 20 135
113 21 135
113 22 135
113 23 135
113 24 45
113 25 45
113 26 135
113 27 45
113 28 45
113 29 45
113 30 45
113 31 45
113 32 45
113 33 45
113 34 45
113 35 45
113 36 135
113 37 135
113 38 45
113 39 135
113 40 45
113 41 135
113 42 45
113 43 135
113 44 135
113 45 135
113 46 45
113 47 45
113 48 45
113 49 45
113 50 45
113 51 45
113 52 135
113 53 135
113 54 135
113 55 135
113 56 45
113 57 135
113 58 135
113 59 45
113 60 135
113 61 135
113 62 45
113 63 45
113 64 135
113 65 135
113 66 135
113 67 45
113 68 135
113 69 45
113 70 45
113 71 135
113 72 135
113 73 135
113 74 45
113 75 135
113 76 45
113 77 45
113 78 135
113 79 135
113 80 45
113 81 135
113 82 45
113 83 135
113 84 45
113 85 135
113 86 45
113 87 135
113 88 45
113 89 45
113 90 45
113 91 45
113 92 45
113 93 135
113 94 45
113 95 135
113 97 45
113 98 45
113 99 135
113 100 135
113 101 45
113 102 45
113 103 135
113 104 135
113 105 135
113 106 45
113 107 135
113 108 45
113 109 45
113 110 45
113 111 45
113 112 45
113 113 45
113 114 135
113 115 135
113 116 45
113 117 45
113 118 135
113 119 45
113 120 45
113 121 45
113 122 135
113 123 45
113 124 45
113 125 135
113 126 45
113 127 135
113 128 45
113 129 135
113 130 45
113 131 45
113 132 45
113 133 45
113 134 45
113 135 45
113 136 135
113 137 45
113 138 45
113 139 45
113 140 45
113 141 135
113 142 45
113 143 135
113 145 45
113 146 135
113 147 45
113 148 45
113 149 45
113 150 135
113 151 45
113 152 45
113 153 45
113 154 45
113 155 45
113 156 135
113 157 135
113 158 135
113 159 135
113 160 135
113 161 45
113 162 135
113 163 45
113 164 135
113 165 45
113 166 135
113 167 45
113 168 135
113 169 45
113 170 135
113 171 45
113 172 45
113 173 45
113 174 135
113 175 45
113 176 45
113 177 45
113 178 135
113 179 45
113 180 135
113 181 45
113 182 45
113 183 135
113 184 45
113 185 45
113 186 45
113 187 45
113 188 135
113 189 45
113 190 45
113 191 45
113 192 135
113 193 45
113 194 45
113 195 45
113 196 135
113 197 45
113 198 135
113 199 135
114 0 45
114 1 45
114 2 135
114 3 45
114 4 135
114 5 135
114 6 135
114 7 135
114 8 135
114 9 135
114 10 135
114 11 135
114 12 45
114 13 45
114 14 45
114 15 45
114 16 135
114 17 135
114 18 135
114 19 45
114 20 45
114 21 135
114 22 45
114 23 135
114 24 45
114 25 45
114 26 135
114 27 135
114 28 45
114 29 45
114 30 135
114 31 45
114 32 45
114 33 45
114 34 45
114 35 45
114 36 45
114 37 135
114 38 135
114 39 135
114 40 45
114 41 45
114 42 45
114 43 45
114 44 135
114 45 45
114 46 45
114 47 135
114 48 45
114 49 45
114 50 135
114 51 45
114 52 135
114 53 45
114 54 135
114 55 45
114 56 135
114 57 45
114 58 45
114 59 135
114 60 135
114 61 135
114 62 135
114 63 45
114 64 135
114 65 45
114 66 45
114 67 45
114 68 45
114 69 45
114 70 135
114 71 45
114 72 45
114 73 45
114 74 45
114 75 135
114 76 45
114 77 45
114 78 45
114 79 135
114 80 135
114 81 45
114 82 45
114 83 135
114 84 45
114 85 45
114 86 135
114 87 45
114 88 135
114 89 45
114 91 135
114 92 45
114 93 45
114 94 135
114 95 135
114 97 135
114 98 135
114 99 45
114 100 135
114 102 135
114 103 45
114 104 135
114 105 135
114 106 135
114 107 45
114 108 45
114 109 45
114 110 135
114 111 135
114 112 45
114 113 135
114 114 135
114 115 135
114 116 135
114 117 135
114 118 135
114 119 45
114 120 45
114 121 45
114 122 45
114 123 45
114 124 135
114 125 45
114 126 135
114 127 45
114 128 135
114 129 45
114 130 135
114 131 135
114 132 45
114 133 135
114 134 45
114 135 135
114 136 45
114 137 135
114 138 135
114 139 45
114 140 135
114 141 45
114 142 135
114 143 45
114 144 135
114 145 135
114 146 135
114 147 135
114 148 135
114 149 135
114 150 135
114 151 135
114 152 135
114 153 135
114 154 45
114 155 135
114 156 135
114 157 45
114 158 135
114 159 135
114 160 45
114 161 135
114 162 45
114 163 135
114 164 135
114 165 135
114 166 135
114 167 45
114 168 45
114 169 45
114 170 135
114 171 135
114 172 45
114 173 45
114 174 135
114 175 45
114 176 135
114 177 135
114 178 45
114 179 45
114 180 45
114 181 45
114 182 135
114 183 45
114 184 45
114 185 135
114 186 135
114 187 135
114 188 135
114 189 135
114 190 45
114 191 45
114 192 45
114 193 135
114 194 135
114 195 135
114 196 135
114 197 45
114 198 135
114 199 135
115 0 135
115 1 135
115 2 135
115 3 45
115 4 135
115 5 135
115 6 135
115 7 135
115 8 135
115 9 135
115 10 135
115 11 135
115 12 45
115 13 135
115 14 45
115 15 45
115 16 135
115 17 135
115 18 135
115 19 45
115 20 135
115 21 45
115 22 45
115 23 45
115 24 135
115 25 45
115 26 45
115 27 135
115 28 45
115 29 45
115 30 45
115 31 45
115 32 45
115 33 135
115 34 135
115 35 45
115 36 135
115 37 135
115 38 45
115 39 45
115 40 45
115 41 45
115 42 45
115 43 135
115 44 45
115 45 45
115 46 135
115 47 45
115 48 135
115 49 45
115 50 45
115 51 45
115 52 45
115 53 45
115 54 135
115 55 135
115 56 45
115 57 135
115 58 135
115 59 45
115 60 45
115 61 45
115 62 135
115 63 135
115 64 45
115 65 45
115 66 45
115 67 45
115 68 135
115 69 135
115 70 135
115 71 45
115 72 45
115 73 135
115 74 45
115 75 135
115 76 135
115 77 45
115 78 135
115 79 45
115 80 135
115 81 135
115 82 135
115 83 45
115 84 45
115 85 45
115 86 135
115 87 135
115 88 45
115 89 45
115 90 45
115 91 135
115 92 135
115 93 135
115 94 135
115 95 135
115 97 135
115 98 135
115 99 45
115 100 45
115 101 135
115 102 135
115 103 135
115 104 135
115 105 45
115 106 135
115 107 45
115 108 45
115 109 135
115 110 135
115 111 135
115 112 135
115 113 45
115 114 135
115 115 135
115 116 135
115 117 45
115 118 45
115 119 45
115 120 135
115 121 45
115 122 135
115 123 45
115 124 135
115 125 45
115 126 135
115 127 135
115 128 45
115 129 135
115 130 45
115 131 135
115 132 135
115 133 45
115 134 45
115 135 45
115 136 135
115 137 135
115 138 135
115 139 45
115 140 135
115 141 45
115 142 45
115 143 135
115 144 45
115 146 45
115 147 45
115 148 135
115 149 45
115 150 45
115 151 45
115 152 45
115 153 45
115 154 45
115 155 135
115 156 45
115 157 135
115 158 45
115 159 135
115 160 45
115 161 135
115 162 135
115 163 135
115 164 135
115 165 135
115 166 135
115 167 135
115 168 45
115 169 135
115 170 45
115 171 45
115 172 135
115 173 135
115 174 45
115 175 135
115 176 135
115 177 135
115 178 135
115 179 135
115 180 45
115 181 135
115 182 135
115 183 135
115 184 135
115 185 45
115 186 45
115 187 45
115 188 135
115 189 135
115 190 135
115 191 45
115 192 135
115 193 135
115 194 135
115 195 45
115 196 45
115 197 135
115 198 135
115 199 135
116 0 135
116 1 135
116 2 45
116 3 135
116 4 45
116 5 135
116 6 135
116 7 45
116 8 135
116 9 135
116 10 135
116 11 135
116 12 135
116 13 45
116 14 135
116 15 135
116 16 135
116 17 45
116 18 135
116 19 135
116 20 45
116 21 135
116 22 135
116 23 45
116 24 135
116 25 45
116 26 135
116 27 45
116 28 45
116 29 135
116 30 135
116 31 45
116 32 45
116 33 45
116 34 135
116 35 135
116 36 45
116 37 45
116 38 45
116 39 135
116 40 45
116 41 135
116 42 135
116 43 135
116 44 135
116 45 45
116 46 45
116 47 135
116 48 45
116 49 135
116 50 45
116 51 45
116 52 45
116 53 135
116 54 135
116 55 135
116 56 45
116 57 135
116 58 135
116 59 45
116 60 45
116 61 45
116 62 135
116 63 135
116 64 135
116 65 135
116 66 135
116 67 45
116 68 45
116 69 45
116 70 135
116 71 135
116 72 45
116 73 45
116 74 135
116 75 135
116 76 45
116 77 45
116 78 135
116 79 135
116 80 45
116 81 45
116 82 135
116 83 135
116 84 45
116 85 45
116 86 45
116 87 135
116 88 135
116 89 135
116 90 45
116 91 135
116 92 45
116 93 135
116 94 45
116 95 135
116 97 45
116 98 45
116 99 45
116 100 135
116 101 135
116 102 135
116 103 45
116 104 135
116 105 135
116 106 45
116 107 45
116 108 135
116 109 45
116 110 135
116 111 135
116 112 135
116 113 135
116 114 135
116 115 45
116 116 135
116 117 135
116 118 45
116 119 135
116 120 135
116 121 135
116 122 135
116 123 135
116 124 135
116 125 135
116 126 45
116 127 135
116 128 135
116 129 135
116 130 45
116 131 45
116 132 45
116 133 45
116 134 45
116 135 45
116 136 135
116 137 135
116 138 135
116 139 45
116 140 135
116 141 135
116 142 45
116 143 135
116 144 135
116 145 135
116 146 135
116 147 45
116 148 135
116 149 45
116 150 135
116 151 135
116 152 135
116 153 45
116 154 135
116 155 45
116 156 45
116 157 45
116 158 135
116 159 45
116 160 135
116 161 135
116 162 45
116 163 45
116 164 135
116 165 135
116 166 135
116 167 45
116 168 45
116 169 135
116 170 135
116 171 135
116 172 45
116 173 45
116 174 45
116 175 45
116 176 45
116 177 135
116 178 135
116 179 135
116 180 45
116 181 135
116 182 135
116 183 135
116 184 135
116 185 45
116 186 45
116 187 45
116 188 45
116 189 135
116 190 45
116 191 45
116 192 45
116 193 45
116 194 45
116 195 135
116 196 45
116 197 135
116 198 45
116 199 45
117 0 135
117 1 45
117 2 135
117 3 135
117 4 135
117 5 45
117 6 45
117 7 135
117 8 135
117 9 45
117 10 45
117 11 45
117 12 135
117 13 135
117 14 45
117 15 135
117 16 45
117 17 135
117 18 135
117 19 45
117 20 45
117 21 135
117 22 135
117 23 45
117 24 135
117 25 45
117 26 45
117 27 45
117 28 45
117 29 135
117 30 45
117 31 135
117 32 45
117 33 45
117 34 45
117 35 135
117 36 45
117 37 45
117 38 135
117 39 135
117 40 45
117 41 135
117 42 45
117 43 135
117 44 45
117 45 45
117 46 45
117 47 45
117 48 135
117 49 135
117 50 45
117 51 135
117 52 45
117 53 45
117 54 45
117 55 45
117 56 135
117 57 45
117 58 135
117 59 45
117 60 45
117 61 45
117 62 45
117 63 45
117 64 45
117 65 45
117 66 45
117 67 45
117 68 135
117 69 45
117 70 135
117 71 45
117 72 45
117 73 45
117 74 45
117 75 135
117 76 135
117 77 45
117 78 45
117 79 45
117 80 135
117 81 45
117 82 135
117 83 45
117 84 135
117 85 135
117 86 45
117 87 135
117 88 45
117 89 45
117 90 135
117 91 135
117 92 135
117 93 45
117 94 45
117 95 45
117 97 135
117 98 45
117 99 135
117 100 45
117 101 135
117 102 45
117 103 45
117 104 45
117 105 135
117 106 45
117 107 45
117 108 45
117 109 45
117 110 135
117 111 45
117 112 45
117 113 135
117 114 45
117 115 135
117 116 135
117 117 45
117 118 135
117 119 135
117 120 45
117 121 135
117 122 45
117 123 135
117 124 135
117 125 45
117 126 135
117 127 135
117 128 135
117 130 135
117 131 45
117 132 135
117 133 45
117 134 135
117 135 45
117 136 45
117 137 45
117 138 45
117 139 45
117 140 135
117 141 135
117 142 45
117 143 135
117 144 135
117 145 135
117 146 45
117 147 135
117 148 135
117 149 45
117 150 135
117 151 45
117 152 135
117 153 45
117 154 135
117 155 135
117 157 45
117 158 45
117 159 45
117 160 45
117 161 135
117 162 45
117 163 45
117 164 45
117 165 45
117 166 135
117 167 45
117 168 45
117 169 135
117 170 135
117 171 135
117 172 135
117 173 135
117 174 45
117 175 45
117 176 135
117 177 45
117 178 135
117 179 135
117 180 135
117 181 45
117 182 135
117 183 135
117 184 135
117 185 45
117 186 135
117 187 135
117 188 45
117 189 45
117 190 135
117 191 135
117 192 135
117 193 45
117 194 45
117 196 135
117 197 45
117 198 135
117 199 45
118 0 135
118 1 135
118 2 45
118 3 45
118 4 45
118 5 135
118 6 135
118 7 45
118 8 135
118 9 45
118 10 45
118 11 135
118 12 45
118 13 45
118 14 45
118 15 135
118 16 45
118 17 135
118 18 135
118 19 135
118 20 45
118 21 45
118 22 135
118 23 135
118 24 135
118 25 135
118 26 45
118 27 45
118 28 45
118 29 135
118 30 45
118 31 135
118 32 135
118 33 135
118 34 45
118 35 135
118 36 135
118 37 135
118 38 135
118 39 135
118 40 135
118 41 45
118 42 135
118 43 135
118 44 45
118 45 135
118 46 45
118 47 45
118 48 135
118 49 45
118 50 135
118 51 45
118 52 45
118 53 45
118 54 135
118 55 45
118 56 135
118 57 45
118 58 135
118 59 45
118 60 45
118 61 45
118 62 135
118 63 45
118 64 135
118 65 45
118 66 45
118 67 45
118 68 45
118 69 135
118 70 45
118 71 45
118 72 45
118 73 135
118 74 45
118 75 135
118 76 135
118 77 135
118 78 135
118 79 45
118 80 135
118 81 135
118 82 45
118 84 135
118 85 135
118 86 45
118 87 45
118 88 45
118 89 135
118 90 45
118 91 135
118 92 135
118 93 135
118 94 135
118 95 45
118 97 45
118 98 135
118 99 45
118 100 45
118 101 135
118 102 45
118 104 135
118 105 135
118 106 45
118 107 135
118 108 135
118 109 45
118 110 135
118 111 135
118 112 45
118 113 45
118 114 45
118 115 135
118 116 45
118 117 45
118 118 135
118 119 45
118 120 45
118 121 135
118 122 45
118 123 45
118 124 45
118 125 135
118 126 45
118 127 135
118 128 45
118 129 135
118 130 45
118 131 135
118 132 135
118 133 45
118 134 135
118 135 135
118 136 135
118 137 45
118 138 135
118 139 45
118 140 45
118 141 45
118 142 135
118 143 135
118 145 135
118 146 135
118 147 135
118 148 45
118 150 45
118 151 45
118 152 135
118 153 135
118 154 45
118 155 45
118 156 45
118 157 45
118 158 45
118 159 135
118 160 45
118 161 45
118 162 45
118 163 45
118 164 45
118 165 135
118 166 45
118 167 135
118 168 135
118 169 135
118 170 45
118 171 135
118 172 45
118 173 135
118 174 45
118 175 45
118 176 45
118 177 135
118 178 135
118 179 45
118 180 45
118 181 45
118 182 45
118 183 135
118 184 45
118 185 135
118 186 135
118 187 45
118 188 45
118 189 45
118 190 45
118 191 135
118 192 135
118 193 135
118 194 135
118 195 135
118 196 45
118 197 45
118 198 45
118 199 45
119 0 135
119 1 45
119 2 135
119 3 135
119 4 45
119 5 135
119 6 45
119 7 45
119 8 45
119 9 45
119 10 135
119 11 135
119 12 135
119 13 135
119 14 45
119 15 45
119 16 45
119 17 135
119 18 45
119 19 45
119 20 45
119 21 45
119 22 45
119 23 45
119 24 45
119 25 135
119 26 135
119 27 135
119 28 135
119 29 135
119 30 135
119 31 135
119 32 135
119 33 45
119 34 45
119 35 135
119 36 135
119 37 135
119 38 135
119 39 135
119 40 135
119 41 135
119 42 45
119 43 45
119 44 45
119 45 135
119 46 135
119 47 135
119 48 45
119 49 135
119 50 135
119 51 45
119 52 45
119 53 135
119 54 135
119 55 135
119 56 45
119 57 45
119 58 45
119 59 45
119 60 45
119 61 45
119 62 45
119 63 135
119 64 135
119 65 45
119 66 45
119 67 135
119 68 135
119 69 45
119 70 45
119 71 135
119 72 45
119 73 135
119 74 45
119 75 135
119 76 45
119 77 135
119 78 135
119 79 45
119 80 45
119 81 135
119 82 135
119 83 135
119 84 45
119 85 45
119 86 45
119 87 135
119 88 45
119 89 135
119 90 135
119 91 135
119 92 45
119 93 135
119 94 45
119 95 135
119 97 135
119 98 135
119 99 135
119 100 135
119 101 135
119 102 45
119 103 45
119 104 45
119 105 135
119 106 135
119 107 45
119 108 45
119 109 135
119 110 135
119 111 135
119 112 135
119 113 45
119 114 45
119 115 45
119 116 45
119 117 135
119 118 45
119 119 135
119 120 135
119 121 45
119 122 135
119 123 45
119 124 135
119 125 45
119 126 45
119 127 45
119 128 45
119 129 45
119 130 135
119 131 45
119 132 135
119 133 45
119 134 135
119 135 135
119 136 135
119 137 135
119 138 45
119 139 45
119 141 135
119 142 135
119 143 45
119 144 45
119 145 135
119 146 135
119 147 135
119 148 135
119 149 45
119 150 135
119 151 45
119 152 45
119 153 135
119 154 135
119 155 135
119 156 45
119 157 135
119 158 135
119 159 135
119 160 45
119 161 135
119 162 135
119 163 135
119 164 135
119 165 135
119 166 45
119 167 45
119 168 45
119 169 135
119 170 135
119 171 45
119 172 45
119 173 135
119 174 45
119 175 135
119 176 135
119 177 135
119 178 45
119 179 135
119 180 45
119 181 45
119 182 45
119 183 135
119 184 45
119 185 135
119 186 135
119 187 45
119 188 45
119 189 135
119 190 45
119 191 45
119 192 135
119 193 135
119 194 135
119 195 45
119 196 45
119 197 135
119 198 135
119 199 135
120 0 45
120 1 45
120 2 135
120 3 45
120 4 135
120 5 45
120 6 135
120 7 45
120 8 45
120 9 135
120 10 45
120 11 135
120 12 45
120 13 135
120 14 45
120 15 135
120 16 135
120 17 45
120 18 135
120 19 135
120 20 135
120 21 45
120 22 135
120 23 45
120 24 135
120 25 135
120 26 45
120 27 45
120 28 135
120 29 45
120 30 135
120 31 45
120 32 45
120 33 45
120 34 45
120 35 45
120 36 45
120 37 45
120 38 45
120 39 135
120 40 135
120 41 135
120 42 45
120 43 135
120 44 135
120 45 45
120 46 45
120 47 135
120 48 135
120 49 135
120 50 135
120 51 135
120 52 135
120 53 135
120 54 45
120 55 135
120 56 135
120 57 45
120 58 45
120 59 45
120 60 45
120 61 135
120 62 135
120 63 135
120 64 135
120 65 45
120 66 135
120 67 135
120 68 135
120 69 45
120 70 45
120 71 135
120 72 135
120 73 135
120 74 45
120 75 45
120 76 45
120 77 135
120 78 45
120 79 45
120 80 135
120 81 45
120 82 45
120 83 45
120 84 135
120 85 45
120 86 135
120 87 135
120 88 45
120 89 135
120 90 45
120 91 45
120 92 45
120 93 45
120 95 135
120 97 45
120 98 135
120 99 135
120 100 45
120 101 135
120 102 135
120 103 45
120 104 135
120 105 135
120 106 135
120 107 45
120 108 135
120 109 135
120 110 135
120 111 135
120 112 45
120 113 45
120 114 45
120 115 45
120 116 45
120 117 45
120 118 45
120 119 135
120 120 45
120 121 45
120 122 45
120 123 45
120 124 45
120 125 135
120 126 45
120 127 45
120 128 45
120 129 135
120 130 45
120 131 45
120 132 45
120 133 135
120 134 45
120 135 135
120 136 135
120 137 45
120 138 45
120 139 45
120 140 135
120 141 45
120 142 135
120 143 45
120 144 45
120 145 45
120 146 45
120 147 135
120 148 135
120 149 135
120 150 45
120 151 45
120 152 135
120 153 135
120 154 45
120 155 135
120 156 45
120 157 135
120 158 45
120 159 45
120 160 45
120 161 135
120 162 45
120 163 135
120 164 45
120 165 45
120 166 45
120 167 45
120 168 45
120 169 135
120 170 45
120 171 135
120 172 135
120 173 45
120 174 135
120 175 135
120 176 135
120 177 135
120 178 135
120 179 135
120 180 135
120 181 135
120 182 45
120 183 45
120 184 45
120 185 135
120 186 45
120 187 135
120 188 45
120 190 135
120 191 45
120 192 135
120 193 45
120 194 135
120 195 45
120 196 135
120 197 45
120 198 135
120 199 45
121 0 135
121 1 45
121 2 45
121 3 135
121 4 45
121 5 45
121 6 45
121 7 45
121 8 45
121 9 135
121 10 135
121 11 135
121 12 45
121 13 45
121 14 45
121 15 135
121 16 45
121 17 135
121 18 135
121 19 135
121 20 45
121 21 135
121 22 135
121 23 135
121 24 45
121 25 135
121 26 135
121 27 45
121 28 45
121 29 45
121 30 135
121 31 45
121 32 45
121 33 135
121 34 45
121 35 45
121 36 135
121 37 135
121 38 45
121 39 135
121 40 135
121 41 45
121 42 45
121 43 45
121 44 135
121 45 45
121 46 135
121 47 45
121 48 135
121 49 135
121 50 135
121 51 135
121 52 45
121 53 135
121 54 135
121 55 135
121 56 135
121 57 135
121 58 135
121 59 45
121 60 45
121 61 45
121 62 135
121 63 135
121 64 135
121 65 45
121 66 45
121 67 45
121 68 135
121 69 45
121 70 135
121 71 45
121 72 135
121 73 135
121 74 45
121 75 135
121 76 135
121 77 45
121 78 135
121 79 135
121 80 45
121 81 45
121 82 135
121 83 135
121 84 45
121 85 135
121 86 135
121 87 135
121 88 135
121 89 135
121 90 135
121 91 45
121 92 45
121 93 45
121 94 135
121 95 45
121 97 135
121 98 135
121 99 135
121 100 45
121 101 135
121 102 135
121 103 135
121 104 45
121 105 135
121 107 45
121 108 45
121 109 45
121 110 45
121 111 45
121 112 135
121 113 135
121 114 45
121 115 45
121 116 45
121 117 135
121 118 45
121 119 45
121 120 135
121 121 135
121 122 45
121 123 135
121 124 135
121 125 45
121 126 45
121 127 135
121 128 135
121 129 135
121 130 135
121 131 135
121 132 45
121 133 135
121 135 135
121 136 45
121 137 45
121 138 135
121 139 135
121 140 135
121 141 45
121 142 135
121 143 135
121 144 45
121 145 45
121 146 45
121 147 45
121 148 45
121 149 45
121 150 45
121 151 45
121 152 45
121 153 135
121 154 135
121 155 45
121 156 135
121 157 45
121 158 45
121 159 135
121 160 135
121 161 135
121 162 135
121 163 135
121 164 45
121 165 45
121 166 135
121 167 135
121 168 45
121 169 45
121 170 45
121 171 135
121 172 45
121 173 45
121 174 45
121 175 45
121 176 135
121 177 45
121 178 135
121 179 135
121 180 45
121 181 45
121 182 135
121 183 135
121 184 135
121 185 45
121 186 135
121 187 135
121 188 45
121 189 135
121 190 135
121 191 45
121 192 45
121 193 135
121 194 45
121 195 135
121 196 135
121 197 45
121 198 135
121 199 45
122 0 135
122 1 45
122 2 45
122 3 135
122 4 45
122 5 135
122 6 45
122 7 45
122 8 135
122 9 135
122 10 135
122 11 45
122 12 135
122 13 45
122 14 135
122 15 45
122 16 45
122 17 45
122 18 135
122 19 135
122 20 45
122 21 135
122 22 45
122 23 135
122 24 135
122 25 45
122 26 45
122 27 45
122 28 135
122 29 45
122 30 135
122 31 45
122 32 135
122 33 135
122 34 135
122 36 45
122 37 45
122 38 45
122 39 45
122 40 45
122 41 135
122 42 135
122 43 135
122 44 45
122 45 45
122 46 45
122 47 45
122 48 135
122 49 45
122 50 135
122 51 135
122 52 135
122 53 45
122 54 135
122 55 135
122 56 45
122 57 45
122 58 135
122 59 45
122 60 45
122 61 45
122 62 45
122 63 45
122 64 135
122 65 135
122 66 135
122 67 45
122 68 45
122 69 135
122 70 45
122 71 45
122 72 135
122 73 45
122 74 135
122 75 135
122 76 135
122 77 135
122 78 135
122 79 135
122 80 135
122 81 135
122 82 135
122 83 45
122 84 45
122 85 45
122 86 45
122 87 45
122 88 45
122 89 45
122 90 135
122 91 45
122 92 45
122 93 135
122 94 45
122 95 135
122 97 135
122 98 45
122 99 45
122 100 135
122 101 135
122 102 135
122 103 45
122 104 45
122 105 45
122 106 135
122 107 135
122 108 135
122 109 135
122 110 135
122 111 45
122 112 45
122 113 135
122 114 45
122 115 135
122 116 135
122 117 45
122 118 45
122 119 45
122 120 135
122 121 45
122 122 135
122 123 45
122 124 135
122 125 135
122 126 135
122 127 135
122 128 135
122 129 45
122 130 45
122 132 45
122 133 45
122 134 45
122 135 45
122 136 45
122 137 135
122 138 45
122 139 45
122 140 135
122 141 135
122 142 135
122 143 135
122 144 45
122 145 135
122 146 45
122 147 135
122 148 135
122 149 135
122 150 45
122 151 135
122 152 135
122 153 135
122 154 135
122 155 45
122 156 135
122 157 45
122 158 45
122 159 45
122 160 135
122 161 45
122 162 45
122 163 45
122 164 45
122 165 45
122 166 45
122 167 45
122 168 45
122 169 135
122 170 135
122 171 45
122 172 45
122 173 45
122 174 45
122 175 135
122 176 45
122 177 135
122 178 45
122 179 135
122 180 45
122 181 45
122 182 45
122 183 135
122 184 135
122 185 45
122 186 45
122 187 135
122 188 45
122 189 135
122 190 135
122 191 135
122 192 45
122 193 135
122 194 135
122 195 135
122 196 45
122 197 45
122 198 135
122 199 135
123 0 45
123 1 135
123 2 135
123 3 45
123 4 45
123 5 135
123 6 135
123 7 45
123 8 135
123 9 45
123 10 135
123 11 45
123 12 45
123 13 135
123 14 45
123 15 45
123 16 45
123 17 45
123 18 135
123 19 45
123 20 45
123 21 45
123 22 135
123 23 135
123 24 45
123 25 135
123 26 135
123 27 135
123 28 135
123 29 45
123 30 135
123 31 135
123 32 135
123 33 45
123 34 135
123 35 135
123 36 45
123 37 45
123 38 135
123 39 135
123 40 45
123 41 45
123 42 45
123 43 135
123 44 45
123 45 135
123 46 135
123 47 45
123 48 45
123 49 45
123 50 135
123 51 135
123 52 45
123 53 45
123 54 135
123 55 135
123 56 45
123 57 45
123 58 135
123 59 45
123 60 45
123 61 135
123 62 135
123 63 45
123 64 45
123 65 135
123 66 135
123 67 135
123 68 45
123 69 45
123 70 135
123 71 45
123 72 135
123 73 45
123 74 135
123 75 135
123 76 45
123 77 135
123 78 45
123 79 45
123 80 135
123 81 45
123 82 135
123 83 45
123 84 135
123 85 135
123 86 45
123 87 135
123 88 45
123 89 135
123 90 45
123 91 135
123 92 135
123 93 135
123 94 45
123 95 45
123 97 135
123 98 135
123 99 135
123 100 45
123 101 135
123 102 45
123 103 45
123 104 135
123 105 45
123 106 135
123 107 45
123 108 135
123 109 45
123 110 45
123 111 45
123 112 135
123 113 135
123 114 135
123 116 135
123 117 135
123 118 135
123 119 135
123 120 45
123 121 45
123 122 135
123 123 135
123 124 45
123 125 135
123 127 135
123 128 135
123 129 135
123 130 135
123 131 45
123 132 45
123 133 45
123 134 45
123 135 45
123 136 135
123 137 135
123 138 135
123 139 45
123 140 135
123 141 135
123 142 45
123 143 45
123 144 45
123 145 135
123 146 135
123 147 45
123 148 45
123 149 45
123 150 135
123 151 135
123 152 135
123 153 45
123 154 45
123 155 135
123 156 45
123 157 135
123 158 45
123 159 45
123 160 135
123 161 135
123 162 135
123 163 45
123 164 45
123 165 45
123 166 135
123 167 135
123 168 135
123 169 135
123 170 45
123 171 135
123 172 45
123 173 135
123 174 45
123 175 135
123 176 135
123 177 135
123 178 45
123 179 135
123 180 45
123 181 135
123 182 45
123 183 45
123 184 45
123 185 135
123 186 135
123 187 135
123 188 45
123 189 135
123 190 135
123 191 45
123 192 45
123 193 135
123 194 45
123 195 135
123 196 45
123 197 135
123 198 45
123 199 135
124 0 45
124 1 135
124 2 135
124 3 135
124 4 135
124 5 135
124 6 135
124 7 45
124 8 45
124 9 135
124 10 135
124 11 135
124 12 45
124 13 135
124 14 45
124 15 135
124 16 45
124 17 45
124 18 45
124 19 135
124 20 45
124 21 45
124 22 135
124 23 45
124 24 135
124 25 45
124 26 135
124 27 45
124 29 135
124 30 135
124 31 45
124 32 135
124 33 135
124 34 135
124 35 135
124 36 135
124 37 135
124 38 45
124 39 45
124 40 45
124 41 135
124 43 135
124 44 135
124 45 45
124 46 135
124 47 135
124 48 135
124 49 135
124 50 135
124 51 45
124 52 135
124 53 135
124 54 45
124 55 135
124 56 135
124 57 45
124 58 135
124 60 135
124 61 135
124 62 135
124 63 135
124 64 135
124 65 45
124 66 135
124 67 45
124 68 135
124 69 45
124 70 45
124 71 135
124 72 45
124 73 135
124 74 45
124 75 45
124 76 45
124 77 45
124 78 45
124 79 45
124 80 135
124 81 135
124 82 135
124 83 135
124 84 135
124 85 135
124 86 135
124 87 45
124 88 135
124 89 45
124 90 45
124 91 135
124 92 45
124 93 45
124 94 45
124 95 45
124 97 45
124 98 135
124 99 135
124 100 45
124 101 45
124 102 45
124 103 135
124 104 135
124 105 135
124 106 135
124 107 45
124 108 135
124 109 45
124 110 45
124 111 45
124 112 135
124 113 135
124 114 45
124 115 45
124 116 135
124 117 45
124 118 45
124 119 45
124 120 135
124 121 135
124 122 135
124 123 135
124 124 45
124 125 45
124 126 45
124 127 45
124 128 135
124 129 135
124 130 135
124 131 135
124 132 135
124 133 135
124 134 135
124 135 45
124 136 45
124 137 135
124 138 135
124 139 45
124 140 135
124 141 45
124 142 135
124 143 135
124 144 135
124 145 135
124 146 135
124 147 45
124 148 45
124 149 45
124 150 135
124 151 45
124 152 45
124 153 45
124 154 135
124 155 135
124 156 45
124 157 135
124 158 135
124 159 45
124 160 135
124 161 45
124 162 135
124 163 45
124 164 135
124 165 135
124 166 45
124 167 135
124 168 135
124 169 135
124 170 45
124 171 45
124 172 45
124 173 45
124 174 135
124 175 45
124 176 135
124 177 135
124 178 45
124 179 45
124 180 45
124 181 135
124 182 45
124 183 45
124 184 135
124 185 45
124 186 45
124 187 135
124 188 45
124 189 45
124 190 45
124 191 135
124 192 45
124 193 135
124 194 45
124 195 45
124 196 45
124 197 45
124 198 45
124 199 135
125 0 45
125 1 45
125 2 135
125 3 45
125 4 135
125 5 45
125 6 135
125 7 45
125 8 45
125 9 45
125 10 135
125 11 135
125 12 45
125 13 135
125 14 135
125 15 135
125 16 45
125 17 45
125 18 135
125 19 135
125 20 45
125 21 135
125 22 135
125 23 45
125 24 45
125 25 135
125 26 135
125 27 135
125 28 135
125 29 135
125 30 135
125 31 45
125 32 45
125 33 135
125 34 45
125 35 135
125 36 135
125 37 45
125 38 45
125 39 45
125 40 45
125 41 135
125 42 135
125 43 45
125 44 135
125 45 135
125 46 45
125 47 135
125 48 135
125 49 135
125 50 135
125 51 135
125 52 45
125 53 45
125 54 135
125 55 45
125 56 45
125 57 135
125 58 45
125 59 135
125 60 45
125 61 45
125 62 135
125 63 135
125 64 45
125 65 135
125 66 135
125 67 135
125 68 135
125 69 135
125 70 45
125 71 135
125 72 45
125 73 45
125 74 135
125 75 135
125 76 135
125 77 135
125 78 45
125 79 45
125 80 135
125 81 135
125 82 45
125 83 45
125 84 135
125 85 135
125 86 135
125 87 45
125 88 45
125 89 135
125 90 135
125 91 45
125 92 135
125 93 45
125 94 45
125 95 45
125 96 135
125 109 135
125 110 45
125 111 135
125 112 135
125 113 45
125 114 135
125 115 135
125 116 135
125 117 135
125 118 45
125 119 135
125 120 45
125 121 135
125 122 135
125 123 135
125 124 135
125 125 135
125 126 45
125 127 135
125 128 135
125 129 135
125 130 45
125 131 135
125 132 45
125 133 135
125 134 135
125 135 135
125 136 135
125 137 135
125 138 135
125 139 135
125 140 135
125 141 45
125 142 45
125 143 45
125 144 45
125 145 45
125 146 45
125 147 45
125 148 135
125 149 45
125 150 135
125 151 45
125 152 135
125 153 45
125 154 135
125 155 135
125 156 135
125 157 135
125 158 135
125 159 135
125 160 45
125 161 135
125 162 135
125 163 135
125 164 45
125 165 45
125 166 135
125 167 135
125 168 45
125 169 45
125 170 135
125 171 45
125 172 135
125 173 45
125 174 135
125 175 135
125 176 135
125 177 135
125 178 45
125 179 135
125 180 135
125 181 45
125 182 45
125 183 45
125 184 135
125 185 45
125 186 45
125 187 135
125 188 45
125 189 135
125 190 135
125 191 45
125 192 135
125 193 135
125 194 45
125 195 135
125 196 135
125 197 45
125 198 135
125 199 135
126 0 135
126 1 45
126 2 45
126 3 45
126 4 45
126 5 135
126 6 45
126 7 45
126 8 45
126 9 135
126 10 135
126 11 45
126 12 45
126 13 135
126 14 45
126 15 45
126 16 135
126 17 45
126 18 135
126 20 45
126 21 45
126 22 135
126 23 45
126 24 45
126 25 45
126 26 45
126 27 45
126 28 135
126 29 135
126 30 45
126 31 45
126 32 45
126 33 135
126 34 45
126 35 135
126 36 135
126 37 45
126 38 45
126 39 135
126 40 135
126 41 135
126 42 135
126 43 45
126 44 135
126 45 45
126 46 45
126 47 45
126 48 45
126 49 45
126 50 45
126 51 45
126 52 45
126 53 45
126 54 45
126 55 135
126 56 135
126 57 45
126 58 45
126 59 45
126 60 135
126 61 135
126 62 45
126 63 45
126 64 45
126 65 135
126 66 45
126 67 45
126 68 135
126 69 135
126 70 135
126 72 135
126 73 135
126 74 45
126 75 135
126 76 135
126 77 45
126 78 45
126 79 135
126 80 45
126 81 45
126 82 135
126 83 135
126 84 45
126 85 135
126 86 135
126 87 45
126 88 45
126 89 45
126 90 45
126 91 45
126 92 45
126 93 45
126 94 45
126 95 45
126 96 135
126 97 135
126 98 45
126 99 135
126 100 45
126 101 45
126 102 45
126 103 135
126 104 135
126 105 45
126 106 135
126 107 45
126 108 135
126 110 45
126 111 45
126 112 135
126 113 45
126 114 45
126 115 135
126 116 45
126 117 45
126 118 45
126 119 135
126 120 135
126 121 135
126 122 45
126 123 45
126 124 135
126 125 45
126 126 135
126 127 135
126 128 135
126 129 135
126 130 45
126 131 135
126 132 135
126 133 45
126 134 135
126 135 135
126 136 135
126 137 135
126 138 135
126 139 45
126 140 45
126 141 45
126 142 45
126 143 45
126 144 45
126 145 45
126 146 135
126 147 135
126 148 135
126 149 135
126 150 45
126 151 135
126 152 45
126 153 45
126 154 135
126 155 135
126 156 135
126 157 45
126 158 45
126 159 135
126 160 135
126 161 135
126 162 135
126 163 135
126 164 135
126 165 135
126 166 135
126 167 45
126 168 45
126 169 45
126 170 135
126 171 135
126 172 135
126 173 135
126 174 135
126 175 45
126 176 135
126 177 45
126 178 135
126 179 45
126 180 135
126 181 135
126 182 45
126 183 135
126 184 45
126 185 45
126 186 45
126 187 45
126 188 45
126 189 135
126 190 45
126 191 135
126 192 135
126 193 135
126 194 45
126 195 135
126 196 45
126 197 135
126 198 45
126 199 135
127 0 45
127 1 135
127 2 135
127 3 45
127 4 45
127 5 135
127 6 135
127 7 135
127 8 45
127 10 45
127 11 45
127 12 135
127 13 45
127 14 45
127 15 45
127 16 45
127 17 135
127 18 135
127 19 45
127 20 45
127 21 45
127 22 135
127 23 135
127 24 45
127 25 135
127 26 45
127 27 135
127 28 45
127 29 135
127 30 45
127 31 135
127 32 135
127 33 135
127 34 135
127 35 45
127 36 45
127 37 45
127 38 45
127 39 45
127 40 45
127 41 45
127 42 45
127 43 135
127 44 45
127 45 135
127 46 135
127 47 135
127 48 45
127 49 135
127 50 45
127 51 45
127 52 135
127 53 45
127 54 45
127 55 45
127 56 135
127 57 45
127 58 45
127 59 45
127 60 135
127 61 135
127 62 135
127 63 45
127 64 135
127 65 135
127 66 45
127 67 135
127 68 135
127 69 45
127 70 45
127 71 45
127 72 135
127 73 45
127 74 135
127 75 135
127 76 135
127 77 45
127 78 135
127 79 45
127 80 135
127 81 45
127 82 45
127 83 135
127 84 135
127 85 135
127 86 135
127 87 135
127 88 135
127 89 45
127 90 45
127 91 135
127 92 45
127 93 135
127 94 135
127 95 135
127 96 135
127 97 135
127 98 45
127 99 45
127 100 135
127 101 135
127 102 45
127 103 45
127 104 135
127 105 135
127 106 45
127 107 45
127 108 45
127 110 135
127 111 135
127 112 135
127 113 135
127 114 135
127 115 45
127 116 45
127 117 135
127 118 135
127 119 45
127 120 45
127 121 135
127 122 45
127 123 45
127 124 45
127 125 45
127 126 135
127 127 135
127 128 135
127 129 135
127 130 45
127 131 135
127 132 135
127 133 135
127 134 135
127 135 135
127 136 45
127 137 45
127 138 135
127 139 135
127 140 45
127 141 135
127 142 135
127 143 45
127 144 45
127 145 45
127 146 135
127 147 135
127 148 45
127 149 45
127 150 135
127 151 135
127 152 135
127 153 45
127 154 135
127 155 135
127 156 45
127 157 45
127 158 135
127 159 135
127 160 135
127 161 45
127 162 45
127 163 45
127 164 135
127 165 45
127 166 45
127 167 135
127 168 45
127 169 45
127 170 45
127 171 135
127 172 45
127 173 45
127 174 45
127 175 135
127 176 45
127 177 45
127 178 45
127 179 135
127 180 135
127 181 135
127 182 45
127 183 45
127 184 135
127 185 45
127 186 135
127 187 135
127 188 135
127 189 135
127 190 45
127 191 135
127 192 135
127 193 45
127 194 45
127 195 135
127 196 135
127 197 135
127 198 135
127 199 45
128 0 135
128 1 135
128 2 135
128 3 135
128 4 135
128 5 45
128 6 135
128 7 45
128 8 45
128 9 135
128 10 45
128 11 45
128 12 45
128 13 45
128 14 135
128 15 135
128 16 45
128 17 135
128 18 45
128 19 135
128 20 135
128 21 135
128 23 45
128 24 45
128 25 45
128 26 135
128 27 135
128 28 135
128 29 45
128 30 135
128 31 135
128 32 135
128 33 45
128 34 45
128 35 45
128 36 135
128 37 135
128 38 135
128 39 45
128 40 45
128 41 135
128 42 135
128 43 45
128 44 45
128 45 135
128 46 45
128 47 45
128 48 45
128 49 45
128 50 135
128 51 45
128 52 45
128 53 45
128 54 45
128 55 135
128 56 135
128 57 45
128 58 45
128 59 135
128 60 45
128 61 45
128 62 45
128 63 45
128 64 135
128 65 135
128 66 135
128 67 135
128 68 45
128 69 45
128 70 45
128 71 135
128 72 135
128 73 135
128 74 45
128 75 135
128 76 135
128 77 45
128 78 45
128 79 135
128 80 45
128 81 135
128 82 135
128 83 45
128 84 45
128 85 45
128 86 135
128 87 45
128 88 45
128 89 135
128 90 45
128 91 45
128 92 135
128 93 45
128 94 135
128 95 45
128 96 135
128 97 45
128 98 45
128 99 45
128 100 45
128 101 45
128 102 135
128 103 135
128 104 45
128 105 135
128 106 45
128 107 135
128 108 135
128 110 135
128 111 135
128 112 45
128 113 135
128 114 135
128 115 45
128 116 135
128 117 45
128 118 135
128 119 45
128 120 135
128 121 45
128 122 135
128 123 135
128 124 45
128 125 135
128 126 45
128 127 135
128 128 135
128 129 45
128 130 135
128 131 135
128 132 45
128 133 135
128 134 45
128 135 135
128 136 45
128 137 45
128 138 135
128 139 135
128 140 135
128 141 135
128 142 45
128 143 45
128 144 45
128 145 45
128 146 45
128 147 135
128 148 45
128 149 135
128 150 135
128 151 135
128 152 135
128 153 45
128 154 135
128 155 45
128 156 135
128 157 135
128 158 45
128 159 45
128 160 135
128 161 45
128 162 45
128 163 135
128 164 45
128 165 135
128 166 45
128 167 135
128 168 135
128 169 45
128 170 135
128 171 135
128 172 45
128 173 45
128 174 45
128 175 45
128 176 45
128 177 45
128 178 45
128 179 135
128 180 135
128 181 135
128 182 45
128 183 135
128 184 45
128 185 45
128 186 135
128 187 45
128 188 135
128 189 135
128 190 45
128 191 135
128 192 45
128 193 45
128 194 135
128 195 135
128 196 45
128 197 45
128 198 135
128 199 135
129 0 45
129 1 45
129 2 45
129 3 135
129 4 45
129 5 135
129 6 135
129 7 135
129 8 135
129 9 45
129 10 135
129 11 45
129 12 45
129 13 45
129 14 135
129 15 135
129 16 135
129 17 45
129 18 45
129 19 45
129 20 135
129 21 45
129 22 135
129 23 45
129 24 135
129 25 45
129 26 135
129 27 135
129 28 45
129 29 45
129 30 45
129 31 135
129 32 135
129 33 45
129 34 135
129 35 45
129 36 135
129 37 45
129 38 135
129 39 45
129 40 45
129 41 135
129 42 135
129 43 135
129 44 135
129 45 45
129 46 135
129 47 135
129 48 45
129 49 135
129 50 45
129 51 45
129 52 45
129 53 135
129 54 45
129 55 45
129 56 45
129 57 45
129 58 135
129 60 45
129 61 45
129 62 135
129 63 135
129 64 45
129 65 135
129 66 45
129 67 45
129 68 135
129 69 135
129 70 135
129 71 45
129 72 45
129 73 135
129 74 45
129 75 135
129 76 135
129 77 135
129 78 135
129 79 135
129 80 45
129 81 135
129 82 45
129 83 45
129 84 135
129 85 135
129 86 45
129 87 45
129 88 45
129 89 45
129 90 45
129 91 45
129 92 135
129 93 45
129 94 135
129 95 135
129 96 135
129 97 45
129 98 45
129 99 135
129 100 45
129 101 135
129 102 45
129 103 135
129 104 135
129 105 135
129 106 45
129 107 135
129 108 135
129 110 45
129 111 135
129 112 45
129 113 45
129 114 135
129 115 135
129 116 45
129 117 135
129 118 45
129 119 135
129 120 135
129 121 135
129 122 45
129 123 135
129 124 135
129 125 45
129 126 135
129 127 45
129 129 135
129 130 45
129 131 135
129 132 45
129 133 45
129 134 45
129 135 135
129 136 45
129 137 45
129 138 45
129 139 135
129 140 135
129 141 45
129 142 45
129 143 45
129 144 45
129 145 135
129 146 135
129 147 135
129 148 135
129 149 135
129 151 45
129 152 45
129 153 135
129 154 135
129 155 135
129 156 45
129 157 135
129 158 45
129 159 135
129 160 135
129 161 45
129 162 45
129 163 45
129 164 45
129 165 135
129 166 135
129 167 135
129 168 135
129 169 135
129 170 45
129 171 135
129 172 45
129 173 135
129 174 45
129 175 135
129 176 45
129 177 45
129 178 45
129 179 45
129 180 45
129 181 135
129 182 45
129 183 45
129 184 135
129 185 45
129 186 45
129 187 45
129 188 135
129 189 135
129 190 45
129 191 45
129 192 135
129 193 135
129 194 45
129 195 135
129 196 135
129 197 135
129 198 135
129 199 45
130 0 45
130 1 45
130 2 135
130 3 135
130 4 135
130 5 135
130 6 135
130 7 135
130 8 135
130 9 135
130 10 45
130 11 45
130 12 45
130 13 135
130 14 135
130 15 135
130 16 135
130 17 45
130 18 45
130 19 45
130 20 45
130 21 45
130 22 45
130 23 45
130 24 135
130 25 135
130 26 45
130 27 45
130 28 45
130 29 135
130 30 45
130 31 135
130 32 45
130 33 135
130 34 45
130 35 45
130 36 45
130 37 45
130 38 135
130 39 45
130 40 135
130 41 45
130 42 45
130 43 135
130 44 45
130 45 135
130 46 45
130 47 135
130 48 135
130 49 135
130 50 45
130 51 45
130 52 45
130 53 135
130 54 135
130 55 135
130 56 45
130 57 45
130 58 135
130 60 135
130 61 135
130 62 135
130 63 135
130 64 135
130 65 135
130 66 135
130 67 135
130 68 45
130 69 45
130 70 45
130 71 135
130 72 135
130 73 135
130 74 135
130 75 45
130 76 135
130 77 45
130 78 135
130 79 135
130 80 135
130 81 135
130 82 135
130 83 135
130 84 135
130 85 135
130 86 135
130 87 45
130 88 45
130 89 45
130 90 135
130 91 45
130 92 135
130 93 45
130 94 45
130 95 135
130 96 135
130 97 45
130 98 45
130 99 45
130 100 135
130 101 45
130 102 135
130 103 135
130 104 135
130 105 45
130 106 45
130 107 45
130 108 135
130 110 135
130 111 45
130 113 45
130 114 135
130 115 135
130 116 135
130 117 45
130 118 45
130 119 135
130 120 45
130 121 135
130 122 45
130 123 45
130 124 135
130 125 135
130 126 45
130 127 135
130 128 45
130 129 135
130 130 45
130 131 45
130 132 135
130 133 135
130 134 135
130 135 45
130 136 135
130 137 135
130 138 45
130 139 45
130 140 135
130 141 135
130 142 135
130 143 45
130 144 135
130 145 45
130 146 135
130 147 135
130 148 135
130 149 135
130 150 45
130 151 45
130 152 45
130 153 45
130 154 135
130 155 135
130 156 135
130 157 135
130 158 135
130 159 45
130 160 135
130 161 45
130 162 135
130 163 135
130 164 45
130 165 45
130 166 45
130 167 45
130 168 45
130 169 135
130 170 45
130 171 45
130 172 135
130 173 45
130 174 135
130 175 45
130 176 135
130 177 45
130 178 135
130 179 45
130 180 135
130 181 45
130 182 135
130 183 45
130 184 135
130 185 135
130 186 45
130 187 45
130 188 135
130 189 135
130 190 45
130 191 135
130 192 135
130 193 45
130 194 45
130 195 135
130 196 45
130 197 135
130 198 135
130 199 45
131 0 135
131 1 135
131 2 45
131 3 135
131 4 135
131 5 45
131 6 135
131 7 135
131 8 135
131 9 135
131 10 135
131 11 45
131 12 45
131 13 45
131 14 45
131 15 135
131 16 45
131 17 45
131 18 45
131 19 135
131 20 45
131 21 135
131 22 135
131 23 135
131 24 45
131 25 135
131 26 45
131 27 45
131 28 135
131 29 45
131 30 45
131 31 135
131 32 45
131 33 45
131 34 135
131 35 45
131 36 135
131 37 45
131 38 45
131 40 45
131 41 135
131 42 45
131 43 45
131 44 135
131 45 45
131 46 45
131 47 135
131 48 45
131 49 45
131 50 45
131 51 135
131 52 135
131 53 135
131 54 135
131 55 45
131 56 45
131 57 135
131 58 135
131 59 45
131 60 45
131 61 45
131 62 135
131 63 45
131 64 135
131 65 135
131 66 135
131 67 135
131 68 45
131 69 135
131 70 45
131 71 45
131 72 135
131 73 45
131 74 135
131 75 45
131 76 45
131 77 45
131 78 135
131 79 45
131 80 45
131 81 45
131 82 135
131 83 135
131 84 45
131 85 135
131 86 45
131 87 135
131 88 135
131 89 45
131 90 45
131 91 135
131 92 45
131 93 45
131 94 45
131 95 135
131 96 45
131 97 45
131 98 135
131 99 135
131 100 135
131 101 45
131 102 45
131 103 135
131 104 45
131 105 45
131 106 45
131 107 45
131 108 45
131 110 135
131 111 135
131 112 135
131 113 135
131 114 135
131 115 45
131 116 135
131 117 45
131 118 45
131 119 45
131 120 135
131 121 45
131 122 45
131 123 135
131 124 45
131 125 135
131 126 135
131 128 45
131 129 135
131 130 45
131 131 135
131 132 135
131 133 135
131 134 135
131 135 135
131 136 135
131 137 135
131 138 45
131 139 45
131 140 135
131 141 45
131 142 135
131 143 135
131 144 45
131 145 45
131 146 45
131 147 135
131 148 135
131 149 135
131 150 135
131 151 45
131 152 45
131 153 45
131 155 135
131 156 45
131 157 135
131 158 135
131 159 45
131 160 45
131 161 135
131 162 135
131 163 45
131 164 135
131 165 135
131 166 135
131 167 135
131 168 135
131 169 135
131 170 45
131 171 45
131 172 45
131 173 135
131 174 45
131 175 45
131 176 45
131 177 45
131 178 45
131 179 45
131 180 45
131 181 135
131 182 45
131 183 45
131 184 135
131 185 45
131 186 135
131 187 135
131 188 45
131 189 45
131 190 135
131 191 135
131 192 135
131 193 45
131 194 135
131 195 45
131 196 135
131 197 45
131 198 45
131 199 135
132 0 45
132 1 135
132 2 45
132 3 135
132 4 45
132 5 135
132 6 135
132 7 45
132 8 135
132 9 135
132 10 135
132 11 45
132 12 45
132 13 135
132 14 135
132 15 135
132 16 45
132 17 45
132 18 45
132 19 135
132 20 45
132 21 45
132 22 135
132 23 45
132 24 45
132 25 135
132 26 45
132 27 135
132 28 45
132 29 135
132 30 45
132 31 135
132 32 45
132 33 135
132 34 45
132 35 135
132 36 135
132 37 45
132 38 135
132 39 135
132 40 45
132 41 135
132 42 135
132 43 45
132 44 135
132 45 135
132 46 45
132 47 45
132 48 45
132 49 135
132 50 45
132 51 135
132 52 45
132 53 45
132 54 45
132 55 45
132 56 45
132 57 135
132 58 135
132 59 45
132 60 135
132 61 135
132 62 45
132 63 135
132 64 135
132 65 45
132 66 135
132 67 45
132 68 45
132 69 45
132 70 45
132 71 135
132 72 135
132 73 45
132 74 45
132 75 135
132 76 45
132 77 45
132 78 45
132 79 135
132 80 45
132 81 135
132 82 45
132 83 45
132 84 45
132 85 135
132 86 135
132 87 135
132 88 45
132 89 135
132 90 135
132 91 135
132 92 45
132 93 45
132 94 45
132 95 45
132 96 135
132 97 45
132 98 45
132 99 45
132 100 45
132 101 135
132 102 45
132 103 45
132 104 135
132 105 45
132 106 45
132 107 135
132 108 135
132 110 135
132 111 135
132 112 45
132 113 135
132 114 135
132 115 45
132 116 135
132 117 45
132 118 135
132 119 45
132 120 135
132 121 135
132 122 45
132 123 135
132 124 45
132 125 135
132 126 45
132 127 135
132 128 45
132 129 135
132 130 135
132 131 45
132 132 45
132 133 45
132 134 135
132 135 135
132 136 45
132 137 45
132 138 45
132 139 45
132 140 45
132 141 45
132 142 45
132 143 135
132 144 45
132 145 135
132 146 45
132 147 135
132 148 135
132 149 135
132 150 135
132 151 135
132 152 45
132 153 135
132 154 135
132 155 135
132 156 135
132 157 135
132 158 45
132 159 135
132 160 45
132 161 45
132 162 135
132 163 45
132 164 135
132 165 45
132 166 135
132 167 135
132 168 45
132 169 135
132 170 135
132 171 45
132 172 45
132 173 135
132 174 135
132 175 135
132 176 45
132 178 135
132 179 135
132 180 135
132 181 45
132 182 135
132 183 45
132 184 45
132 185 135
132 186 135
132 187 45
132 188 135
132 189 45
132 190 45
132 191 45
132 192 135
132 193 45
132 194 45
132 195 45
132 196 135
132 197 45
132 198 45
132 199 45
133 0 45
133 1 135
133 2 135
133 3 135
133 4 45
133 5 45
133 6 45
133 7 135
133 8 45
133 9 135
133 10 45
133 11 45
133 12 135
133 13 45
133 14 45
133 15 135
133 16 135
133 17 45
133 18 135
133 19 135
133 20 45
133 21 135
133 22 45
133 23 135
133 24 45
133 26 45
133 27 45
133 28 45
133 29 135
133 30 135
133 31 45
133 32 135
133 33 45
133 34 135
133 35 135
133 36 45
133 37 135
133 38 45
133 39 45
133 40 135
133 41 135
133 42 135
133 43 135
133 44 135
133 45 135
133 46 45
133 47 45
133 48 135
133 49 135
133 50 135
133 51 45
133 52 135
133 53 135
133 54 135
133 55 45
133 56 135
133 57 135
133 58 45
133 59 45
133 60 135
133 61 135
133 62 45
133 63 135
133 64 135
133 65 135
133 66 45
133 67 135
133 68 45
133 69 135
133 70 135
133 71 135
133 72 45
133 73 45
133 74 45
133 75 135
133 76 135
133 77 45
133 78 135
133 79 45
133 80 135
133 81 45
133 82 135
133 83 45
133 84 45
133 85 135
133 86 135
133 87 45
133 88 45
133 89 135
133 90 45
133 91 45
133 92 135
133 93 45
133 94 45
133 95 135
133 96 135
133 97 45
133 98 45
133 99 135
133 100 135
133 101 135
133 102 45
133 103 135
133 104 135
133 105 135
133 106 45
133 107 135
133 108 45
133 110 135
133 111 45
133 112 45
133 113 45
133 114 135
133 115 45
133 116 45
133 117 135
133 118 135
133 119 45
133 120 45
133 121 45
133 122 135
133 123 135
133 124 135
133 125 45
133 126 45
133 127 135
133 128 45
133 129 45
133 130 45
133 131 135
133 132 45
133 133 45
133 134 45
133 135 45
133 136 45
133 137 45
133 138 135
133 139 45
133 140 45
133 141 45
133 142 135
133 143 135
133 144 135
133 145 45
133 146 45
133 147 135
133 148 45
133 149 45
133 150 135
133 151 135
133 152 135
133 153 135
133 154 135
133 155 135
133 156 45
133 157 45
133 158 135
133 159 135
133 160 45
133 161 45
133 162 45
133 163 135
133 164 135
133 165 135
133 166 135
133 167 135
133 168 45
133 169 45
133 170 45
133 171 135
133 172 45
133 173 45
133 174 135
133 175 45
133 176 135
133 177 135
133 178 45
133 179 45
133 180 135
133 181 135
133 182 135
133 183 135
133 184 135
133 185 135
133 186 135
133 187 45
133 188 135
133 189 135
133 190 45
133 191 45
133 192 135
133 193 135
133 194 135
133 195 45
133 196 135
133 197 45
133 198 45
133 199 45
134 0 45
134 1 45
134 2 135
134 3 135
134 4 135
134 5 45
134 6 135
134 7 45
134 8 135
134 9 45
134 10 45
134 11 135
134 13 135
134 14 45
134 15 45
134 16 45
134 17 135
134 18 135
134 19 45
134 20 135
134 21 135
134 22 45
134 23 45
134 24 45
134 25 45
134 26 135
134 27 45
134 28 45
134 29 45
134 30 135
134 31 135
134 32 45
134 33 45
134 34 45
134 35 45
134 36 135
134 37 135
134 38 135
134 39 135
134 40 135
134 41 45
134 42 135
134 43 135
134 44 135
134 45 45
134 46 135
134 47 135
134 48 135
134 49 135
134 50 45
134 51 45
134 52 45
134 53 45
134 54 135
134 55 135
134 56 45
134 57 45
134 58 135
134 59 45
134 60 45
134 61 135
134 62 135
134 63 135
134 64 135
134 65 45
134 66 45
134 67 135
134 68 135
134 69 45
134 70 135
134 71 135
134 72 135
134 73 135
134 74 45
134 75 45
134 76 45
134 77 45
134 78 45
134 79 45
134 80 45
134 81 45
134 82 135
134 83 135
134 84 135
134 85 45
134 86 135
134 87 45
134 88 45
134 89 45
134 90 45
134 91 45
134 92 135
134 93 45
134 94 45
134 95 45
134 96 135
134 97 135
134 98 45
134 99 45
134 100 45
134 101 135
134 102 45
134 103 135
134 104 135
134 105 135
134 106 135
134 107 135
134 108 135
134 110 135
134 111 135
134 112 135
134 113 45
134 114 45
134 115 135
134 116 45
134 117 135
134 118 135
134 119 45
134 120 135
134 121 45
134 122 45
134 123 135
134 124 45
134 125 135
134 126 135
134 127 45
134 128 135
134 129 45
134 130 135
134 131 135
134 132 135
134 133 135
134 134 135
134 135 45
134 136 135
134 137 45
134 138 45
134 139 135
134 140 45
134 141 45
134 142 135
134 143 135
134 144 45
134 145 45
134 146 135
134 147 135
134 148 135
134 149 45
134 150 135
134 151 45
134 152 135
134 153 135
134 154 45
134 155 135
134 156 135
134 157 135
134 158 135
134 159 45
134 160 135
134 161 45
134 162 135
134 163 45
134 164 135
134 165 135
134 166 135
134 167 135
134 168 45
134 169 45
134 170 135
134 171 135
134 172 135
134 173 135
134 174 135
134 175 135
134 176 45
134 177 135
134 178 135
134 179 45
134 180 135
134 181 45
134 182 135
134 183 45
134 184 135
134 185 45
134 186 45
134 187 135
134 188 135
134 189 135
134 190 135
134 191 45
134 192 45
134 193 135
134 194 135
134 195 45
134 196 135
134 197 135
134 198 135
134 199 45
135 0 45
135 1 135
135 2 45
135 3 135
135 4 45
135 5 135
135 6 45
135 7 135
135 8 135
135 9 135
135 10 135
135 11 135
135 12 45
135 13 45
135 14 135
135 15 135
135 16 45
135 17 45
135 18 45
135 19 45
135 20 135
135 21 135
135 22 135
135 23 135
135 24 135
135 25 45
135 26 135
135 27 45
135 28 135
135 29 45
135 30 135
135 31 135
135 32 135
135 33 45
135 34 135
135 35 45
135 36 45
135 37 135
135 38 45
135 39 135
135 40 45
135 41 135
135 42 45
135 43 45
135 44 135
135 45 135
135 46 45
135 47 135
135 48 135
135 49 45
135 50 135
135 51 135
135 52 45
135 53 135
135 54 135
135 55 135
135 56 135
135 57 45
135 58 135
135 59 45
135 60 135
135 61 45
135 62 45
135 63 135
135 64 45
135 65 45
135 66 135
135 67 135
135 68 45
135 69 135
135 70 45
135 71 135
135 72 45
135 73 135
135 74 135
135 75 135
135 76 135
135 77 135
135 78 135
135 79 135
135 80 135
135 81 135
135 82 135
135 83 45
135 84 45
135 85 135
135 86 135
135 87 135
135 88 135
135 89 135
135 91 45
135 92 45
135 93 45
135 94 135
135 95 45
135 96 45
135 97 135
135 98 45
135 99 135
135 100 45
135 101 135
135 102 45
135 103 45
135 104 135
135 105 45
135 106 135
135 107 45
135 108 45
135 109 135
135 110 135
135 111 45
135 112 45
135 113 45
135 114 135
135 115 45
135 116 135
135 117 135
135 118 135
135 119 45
135 120 135
135 121 135
135 122 135
135 123 135
135 124 45
135 125 45
135 126 45
135 127 135
135 128 45
135 129 135
135 130 135
135 131 45
135 133 135
135 134 135
135 135 135
135 136 45
135 137 45
135 138 135
135 139 45
135 140 45
135 141 135
135 142 45
135 143 135
135 144 45
135 145 135
135 146 135
135 147 135
135 148 45
135 149 135
135 150 45
135 151 135
135 152 135
135 153 45
135 154 45
135 155 45
135 156 135
135 157 135
135 158 135
135 159 135
135 160 135
135 161 135
135 162 45
135 163 135
135 164 135
135 165 135
135 166 135
135 167 45
135 168 45
135 169 135
135 170 135
135 171 45
135 172 45
135 173 135
135 174 45
135 175 45
135 176 135
135 177 45
135 178 135
135 179 135
135 180 45
135 181 45
135 183 45
135 184 135
135 185 135
135 186 135
135 187 135
135 188 135
135 189 135
135 190 45
135 191 45
135 192 135
135 193 135
135 194 135
135 195 45
135 196 45
135 197 45
135 198 135
135 199 135
136 0 135
136 1 45
136 2 45
136 3 135
136 4 45
136 5 135
136 6 135
136 7 135
136 8 45
136 9 45
136 10 135
136 11 45
136 12 135
136 13 45
136 14 45
136 15 45
136 16 45
136 17 45
136 18 135
136 19 135
136 20 135
136 21 135
136 22 135
136 23 135
136 24 135
136 25 45
136 26 45
136 27 135
136 28 135
136 29 135
136 30 45
136 31 135
136 32 135
136 33 135
136 34 45
136 35 135
136 36 45
136 37 45
136 38 45
136 39 45
136 40 135
136 41 135
136 42 135
136 43 45
136 44 45
136 45 135
136 46 135
136 47 135
136 48 45
136 49 45
136 50 135
136 51 135
136 52 45
136 53 135
136 54 45
136 55 45
136 56 45
136 57 135
136 58 135
136 59 135
136 60 45
136 61 135
136 62 45
136 63 135
136 64 135
136 65 135
136 66 45
136 67 135
136 68 45
136 69 45
136 70 135
136 71 45
136 73 45
136 74 45
136 75 135
136 76 135
136 77 45
136 78 45
136 79 135
136 80 45
136 81 135
136 82 45
136 83 45
136 84 135
136 85 45
136 86 135
136 87 135
136 88 45
136 89 135
136 90 135
136 91 45
136 92 45
136 93 45
136 94 45
136 95 45
136 96 45
136 97 45
136 98 135
136 99 45
136 100 45
136 101 135
136 102 135
136 103 45
136 104 45
136 105 45
136 106 45
136 107 135
136 108 135
136 109 135
136 112 45
136 113 135
136 114 45
136 115 135
136 116 135
136 117 135
136 118 45
136 119 135
136 120 135
136 121 135
136 122 45
136 123 135
136 124 135
136 125 135
136 126 45
136 127 135
136 128 135
136 129 135
136 130 135
136 131 45
136 132 45
136 133 45
136 134 45
136 135 135
136 136 135
136 137 45
136 139 45
136 140 135
136 141 135
136 142 45
136 143 45
136 144 45
136 145 45
136 146 135
136 147 45
136 148 45
136 149 45
136 150 45
136 151 45
136 152 135
136 153 135
136 154 45
136 155 135
136 156 135
136 157 135
136 158 135
136 159 135
136 160 135
136 161 135
136 162 45
136 163 135
136 164 135
136 165 45
136 166 45
136 167 45
136 168 45
136 169 45
136 171 135
136 172 135
136 173 135
136 174 45
136 175 135
136 176 45
136 177 45
136 178 45
136 179 45
136 180 45
136 181 135
136 182 135
136 183 45
136 184 135
136 185 135
136 186 135
136 187 135
136 188 45
136 189 45
136 190 135
136 191 135
136 192 135
136 193 135
136 194 45
136 195 45
136 196 45
136 197 135
136 198 135
136 199 135
137 0 135
137 1 135
137 2 135
137 3 45
137 4 45
137 5 135
137 6 135
137 7 45
137 8 45
137 9 45
137 10 45
137 11 45
137 12 135
137 13 135
137 14 135
137 15 135
137 16 135
137 17 45
137 18 45
137 19 45
137 20 135
137 21 135
137 22 45
137 23 45
137 24 45
137 25 135
137 26 135
137 27 45
137 28 135
137 29 135
137 30 45
137 31 135
137 32 45
137 33 135
137 34 45
137 35 45
137 36 45
137 37 45
137 38 135
137 39 135
137 40 45
137 41 45
137 42 135
137 43 45
137 44 135
137 45 135
137 46 45
137 47 135
137 48 45
137 49 135
137 50 45
137 51 45
137 52 135
137 53 135
137 54 45
137 55 45
137 57 135
137 58 45
137 59 135
137 60 135
137 61 45
137 62 45
137 63 45
137 64 135
137 65 135
137 66 45
137 67 135
137 68 135
137 69 45
137 70 45
137 71 45
137 72 45
137 73 135
137 74 45
137 75 135
137 76 45
137 77 45
137 78 45
137 79 135
137 80 135
137 81 45
137 82 45
137 83 45
137 84 45
137 85 135
137 86 135
137 87 135
137 88 45
137 89 45
137 90 135
137 91 45
137 92 45
137 93 45
137 94 135
137 95 135
137 96 45
137 97 135
137 98 135
137 99 45
137 100 135
137 101 45
137 102 45
137 103 45
137 104 135
137 105 45
137 106 45
137 107 45
137 108 45
137 109 45
137 111 45
137 112 135
137 113 135
137 114 135
137 115 135
137 116 45
137 117 45
137 118 45
137 119 45
137 120 45
137 121 45
137 122 45
137 123 45
137 124 135
137 125 135
137 126 45
137 127 45
137 128 135
137 129 135
137 130 45
137 131 135
137 132 135
137 133 45
137 134 45
137 135 135
137 136 135
137 137 45
137 138 135
137 139 45
137 140 135
137 141 45
137 142 135
137 143 135
137 144 135
137 145 135
137 146 135
137 147 135
137 148 45
137 149 45
137 150 135
137 151 135
137 152 45
137 153 135
137 154 135
137 155 135
137 156 45
137 157 45
137 158 45
137 159 45
137 160 135
137 161 135
137 162 45
137 163 135
137 164 45
137 165 135
137 166 45
137 167 135
137 168 45
137 169 135
137 170 135
137 171 135
137 172 135
137 173 135
137 174 45
137 175 45
137 176 135
137 177 135
137 178 135
137 179 45
137 180 45
137 181 135
137 182 135
137 183 45
137 184 45
137 185 45
137 186 135
137 187 45
137 188 135
137 189 45
137 190 45
137 191 135
137 192 135
137 193 135
137 194 45
137 195 45
137 196 45
137 197 135
137 198 135
137 199 45
138 0 45
138 1 135
138 2 45
138 3 135
138 4 135
138 5 135
138 6 135
138 7 45
138 8 45
138 9 45
138 10 45
138 11 135
138 12 135
138 13 45
138 14 135
138 15 45
138 16 45
138 17 135
138 18 135
138 19 135
138 20 135
138 21 135
138 22 135
138 23 135
138 24 45
138 25 135
138 26 135
138 27 45
138 28 45
138 29 135
138 30 135
138 32 45
138 33 45
138 34 135
138 35 135
138 36 45
138 37 135
138 38 45
138 39 45
138 40 135
138 41 135
138 42 135
138 43 135
138 44 135
138 45 135
138 46 135
138 47 45
138 48 45
138 49 135
138 50 135
138 51 45
138 52 45
138 53 135
138 54 135
138 55 135
138 56 135
138 57 135
138 58 45
138 59 135
138 60 45
138 61 135
138 62 135
138 63 45
138 64 135
138 65 45
138 66 45
138 67 135
138 68 45
138 69 45
138 70 45
138 71 135
138 72 135
138 73 45
138 74 135
138 75 135
138 76 45
138 77 135
138 78 135
138 79 45
138 80 45
138 81 135
138 82 135
138 83 135
138 84 45
138 85 135
138 86 135
138 87 45
138 88 45
138 89 135
138 90 135
138 91 45
138 92 135
138 93 45
138 94 135
138 95 135
138 96 45
138 97 135
138 98 45
138 99 135
138 100 45
138 101 135
138 102 45
138 103 45
138 104 135
138 105 135
138 106 45
138 107 135
138 108 135
138 109 45
138 111 135
138 112 45
138 113 135
138 114 45
138 115 135
138 116 135
138 117 135
138 118 135
138 119 135
138 120 135
138 121 45
138 122 45
138 123 45
138 124 135
138 125 45
138 126 135
138 127 135
138 128 135
138 129 135
138 130 45
138 131 45
138 132 45
138 133 45
138 134 135
138 135 135
138 136 135
138 137 135
138 138 135
138 139 135
138 140 45
138 141 135
138 142 135
138 143 135
138 144 45
138 145 135
138 146 135
138 147 45
138 148 45
138 149 135
138 150 45
138 151 45
138 152 135
138 153 135
138 154 45
138 155 135
138 156 135
138 157 45
138 158 135
138 159 135
138 160 135
138 161 135
138 162 135
138 163 135
138 164 45
138 165 135
138 166 45
138 167 45
138 168 45
138 169 135
138 170 45
138 171 135
138 172 135
138 173 135
138 174 135
138 175 135
138 176 135
138 177 135
138 178 45
138 179 45
138 180 135
138 182 45
138 183 135
138 184 135
138 185 135
138 186 45
138 187 45
138 188 45
138 189 135
138 190 135
138 191 45
138 192 45
138 193 45
138 194 135
138 195 135
138 196 135
138 197 45
138 198 45
138 199 45
139 0 135
139 1 135
139 2 45
139 3 135
139 4 135
139 5 45
139 6 45
139 7 45
139 8 135
139 9 45
139 10 135
139 11 45
139 12 135
139 13 135
139 14 45
139 15 45
139 16 45
139 17 45
139 18 45
139 19 45
139 20 45
139 21 135
139 22 135
139 24 45
139 25 45
139 26 135
139 27 135
139 28 135
139 29 135
139 30 135
139 31 45
139 32 135
139 33 135
139 34 135
139 35 135
139 36 135
139 37 45
139 38 135
139 39 135
139 40 135
139 41 45
139 42 135
139 43 135
139 44 45
139 45 45
139 46 135
139 47 45
139 48 135
139 49 135
139 50 45
139 51 45
139 52 135
139 53 45
139 54 45
139 55 45
139 56 135
139 57 45
139 58 135
139 59 45
139 60 135
139 61 135
139 62 45
139 63 135
139 64 135
139 65 135
139 66 135
139 67 135
139 68 45
139 69 45
139 70 45
139 71 45
139 72 135
139 73 45
139 74 45
139 76 45
139 77 45
139 78 135
139 79 135
139 80 45
139 81 135
139 82 135
139 83 45
139 84 135
139 85 45
139 86 135
139 87 135
139 88 135
139 89 135
139 90 45
139 91 135
139 92 45
139 93 45
139 94 135
139 95 135
139 96 135
139 97 135
139 98 135
139 99 45
139 100 135
139 101 45
139 102 135
139 103 45
139 104 135
139 105 135
139 106 135
139 107 135
139 108 45
139 111 135
139 112 45
139 113 45
139 114 135
139 115 45
139 116 45
139 117 135
139 118 135
139 119 135
139 120 45
139 121 135
139 122 45
139 123 45
139 124 45
139 125 135
139 126 45
139 127 45
139 128 45
139 129 45
139 130 45
139 131 135
139 132 45
139 133 135
139 134 45
139 135 135
139 136 135
139 137 45
139 138 135
139 139 135
139 140 45
139 141 135
139 142 135
139 143 135
139 144 135
139 145 45
139 146 45
139 147 135
139 148 45
139 149 135
139 150 135
139 151 45
139 152 45
139 153 45
139 154 135
139 155 45
139 156 135
139 157 45
139 158 45
139 159 135
139 160 135
139 161 135
139 162 45
139 163 135
139 164 135
139 165 135
139 166 135
139 167 135
139 168 135
139 169 45
139 170 45
139 171 45
139 172 45
139 173 135
139 174 135
139 175 135
139 176 45
139 177 45
139 178 135
139 179 135
139 180 135
139 181 135
139 182 135
139 183 135
139 184 45
139 185 135
139 186 45
139 187 45
139 188 45
139 189 45
139 190 45
139 191 45
139 192 45
139 193 45
139 194 45
139 195 45
139 196 135
139 197 135
139 198 135
139 199 45
140 0 45
140 1 45
140 2 45
140 3 135
140 4 45
140 5 135
140 6 45
140 7 135
140 8 45
140 9 135
140 10 135
140 11 45
140 12 45
140 13 135
140 14 45
140 15 135
140 16 45
140 17 45
140 18 45
140 19 135
140 20 45
140 21 135
140 22 45
140 23 135
140 24 135
140 25 135
140 26 45
140 27 45
140 28 135
140 29 135
140 30 135
140 31 45
140 32 135
140 33 135
140 34 45
140 35 135
140 36 135
140 37 135
140 38 135
140 39 45
140 40 135
140 41 45
140 42 135
140 43 135
140 44 135
140 45 135
140 46 135
140 47 135
140 48 135
140 49 45
140 50 45
140 51 45
140 52 135
140 53 45
140 54 135
140 55 45
140 56 45
140 57 45
140 58 45
140 59 135
140 60 45
140 61 45
140 62 135
140 63 45
140 64 135
140 65 45
140 66 135
140 67 135
140 68 135
140 69 135
140 70 135
140 71 135
140 72 45
140 73 45
140 74 45
140 75 45
140 76 135
140 77 135
140 78 45
140 79 135
140 80 45
140 82 135
140 83 135
140 84 135
140 85 135
140 86 135
140 87 45
140 88 45
140 89 45
140 90 45
140 91 45
140 92 135
140 93 45
140 94 135
140 95 135
140 96 45
140 97 135
140 98 135
140 99 45
140 100 45
140 101 45
140 102 45
140 103 45
140 104 45
140 105 135
140 106 45
140 107 45
140 108 45
140 109 135
140 111 45
140 112 135
140 113 45
140 114 135
140 115 135
140 116 45
140 117 45
140 118 135
140 119 45
140 120 45
140 121 135
140 122 135
140 123 135
140 124 45
140 125 45
140 126 45
140 127 45
140 128 135
140 129 45
140 130 135
140 131 135
140 132 45
140 133 45
140 134 135
140 135 45
140 136 135
140 137 135
140 138 135
140 139 45
140 140 45
140 141 45
140 142 135
140 143 45
140 144 135
140 145 45
140 146 135
140 147 135
140 148 135
140 149 135
140 150 45
140 151 135
140 152 45
140 153 45
140 154 135
140 155 135
140 156 135
140 157 135
140 158 135
140 159 135
140 160 135
140 161 45
140 162 45
140 163 135
140 164 45
140 165 45
140 166 45
140 167 135
140 168 45
140 169 135
140 170 135
140 171 45
140 172 135
140 173 135
140 174 135
140 175 45
140 176 45
140 177 135
140 178 135
140 179 135
140 180 135
140 181 45
140 182 135
140 183 45
140 184 45
140 185 45
140 186 45
140 187 45
140 188 45
140 189 45
140 190 45
140 191 135
140 192 135
140 193 135
140 194 45
140 195 45
140 196 135
140 197 135
140 198 135
140 199 135
141 0 135
141 1 135
141 2 135
141 3 45
141 4 135
141 5 135
141 6 45
141 7 135
141 8 45
141 9 45
141 10 135
141 11 135
141 12 45
141 14 45
141 15 45
141 16 45
141 17 135
141 18 45
141 19 45
141 20 135
141 21 135
141 22 45
141 23 45
141 24 135
141 25 135
141 26 45
141 27 45
141 29 45
141 30 135
141 31 135
141 32 45
141 33 45
141 34 45
141 35 135
141 36 135
141 37 135
141 38 45
141 39 45
141 40 135
141 41 135
141 42 135
141 43 135
141 44 45
141 45 135
141 46 45
141 47 45
141 48 135
141 49 135
141 50 135
141 51 135
141 52 135
141 53 135
141 54 135
141 55 135
141 56 45
141 57 45
141 58 45
141 59 135
141 60 135
141 61 135
141 62 45
141 63 45
141 64 45
141 65 45
141 66 45
141 67 45
141 68 135
141 69 135
141 70 45
141 71 45
141 72 135
141 73 135
141 74 135
141 75 135
141 76 45
141 77 135
141 78 135
141 79 135
141 80 135
141 81 45
141 82 45
141 83 135
141 84 135
141 85 135
141 86 135
141 87 135
141 88 135
141 89 135
141 90 45
141 91 135
141 92 135
141 93 135
141 94 135
141 95 45
141 96 45
141 97 45
141 98 45
141 99 135
141 100 135
141 101 45
141 102 135
141 103 45
141 104 135
141 105 135
141 106 135
141 107 135
141 108 135
141 109 45
141 111 135
141 112 135
141 113 135
141 114 45
141 115 45
141 116 45
141 117 45
141 118 135
141 119 45
141 120 45
141 121 45
141 122 45
141 123 45
141 124 135
141 125 135
141 126 45
141 127 135
141 128 135
141 129 45
141 130 45
141 131 135
141 132 45
141 133 45
141 134 45
141 135 135
141 136 135
141 137 135
141 138 135
141 139 45
141 140 135
141 141 135
141 142 45
141 143 45
141 144 135
141 145 135
141 146 135
141 147 135
141 148 45
141 149 135
141 150 135
141 151 45
141 152 135
141 154 45
141 155 135
141 156 45
141 157 45
141 158 45
141 159 45
141 160 135
141 161 135
141 162 45
141 163 45
141 164 135
141 165 135
141 166 135
141 167 135
141 168 135
141 169 45
141 170 135
141 171 135
141 172 135
141 173 45
141 174 45
141 175 135
141 176 45
141 177 45
141 178 45
141 179 45
141 180 45
141 181 135
141 182 45
141 183 45
141 184 45
141 185 45
141 186 45
141 187 45
141 188 135
141 189 45
141 190 135
141 191 135
141 192 45
141 193 135
141 194 135
141 195 45
141 196 45
141 197 45
141 198 135
141 199 45
142 0 135
142 1 135
142 2 45
142 3 45
142 4 45
142 5 135
142 6 135
142 7 45
142 8 45
142 9 135
142 10 45
142 11 45
142 12 135
142 13 45
142 14 135
142 15 45
142 16 135
142 17 135
142 18 135
142 19 135
142 20 45
142 21 45
142 22 45
142 23 135
142 24 45
142 25 135
142 26 135
142 27 45
142 28 45
142 29 45
142 30 135
142 31 45
142 32 135
142 33 45
142 35 135
142 36 135
142 37 135
142 38 135
142 39 45
142 40 135
142 41 45
142 42 135
142 43 45
142 44 135
142 45 45
142 46 45
142 47 45
142 48 45
142 49 45
142 50 135
142 51 45
142 52 45
142 53 135
142 54 45
142 55 135
142 56 45
142 57 135
142 58 135
142 59 135
142 60 45
142 61 45
142 62 45
142 63 135
142 64 135
142 65 45
142 66 135
142 67 45
142 68 135
142 69 135
142 70 135
142 71 45
142 72 45
142 73 135
142 74 45
142 75 45
142 76 135
142 77 135
142 78 135
142 79 135
142 80 45
142 81 135
142 82 45
142 83 135
142 84 135
142 85 45
142 86 135
142 87 45
142 88 45
142 89 135
142 90 45
142 91 45
142 92 135
142 93 135
142 94 135
142 95 45
142 96 135
142 97 45
142 98 45
142 99 45
142 100 45
142 101 135
142 102 135
142 103 45
142 104 45
142 105 45
142 106 135
142 107 45
142 108 45
142 109 45
142 110 135
142 119 135
142 120 45
142 121 45
142 122 45
142 123 45
142 124 135
142 125 135
142 126 45
142 127 135
142 128 45
142 129 45
142 130 45
142 131 135
142 132 135
142 133 135
142 134 135
142 135 135
142 136 135
142 137 45
142 138 45
142 139 45
142 140 135
142 141 135
142 142 45
142 143 45
142 144 45
142 145 45
142 146 45
142 147 45
142 148 45
142 149 135
142 150 135
142 151 45
142 152 45
142 153 45
142 154 135
142 156 45
142 157 45
142 158 135
142 159 135
142 160 45
142 161 135
142 162 135
142 163 135
142 164 135
142 165 45
142 166 135
142 167 45
142 168 45
142 169 45
142 170 135
142 171 45
142 172 135
142 173 45
142 174 135
142 175 45
142 176 135
142 177 135
142 178 45
142 179 45
142 180 45
142 181 45
142 182 135
142 183 135
142 184 135
142 185 45
142 186 45
142 187 135
142 188 135
142 189 45
142 190 135
142 191 45
142 192 135
142 193 135
142 194 45
142 195 135
142 196 45
142 197 135
142 198 45
142 199 45
143 0 135
143 1 135
143 2 45
143 3 45
143 4 45
143 5 135
143 6 135
143 7 45
143 8 135
143 9 135
143 10 45
143 11 135
143 12 45
143 13 135
143 15 45
143 16 45
143 17 135
143 18 45
143 19 135
143 20 135
143 21 135
143 22 45
143 23 135
143 24 45
143 25 135
143 26 135
143 27 135
143 28 135
143 29 135
143 30 45
143 31 135
143 32 135
143 33 45
143 34 45
143 35 45
143 36 135
143 37 135
143 38 135
143 39 135
143 40 45
143 41 135
143 42 135
143 43 135
143 44 135
143 45 45
143 46 45
143 47 45
143 48 135
143 49 135
143 50 45
143 51 135
143 52 135
143 53 135
143 54 45
143 55 45
143 56 135
143 57 45
143 58 45
143 59 45
143 60 135
143 61 45
143 62 135
143 63 45
143 64 45
143 65 135
143 66 135
143 67 135
143 68 135
143 69 135
143 70 45
143 71 45
143 72 45
143 73 135
143 74 45
143 75 135
143 76 135
143 77 45
143 78 135
143 79 45
143 80 45
143 81 45
143 82 45
143 83 45
143 84 45
143 85 45
143 86 45
143 87 135
143 88 45
143 89 135
143 90 135
143 91 135
143 92 45
143 93 135
143 94 135
143 95 135
143 96 135
143 97 135
143 98 135
143 99 135
143 100 45
143 101 135
143 102 135
143 103 135
143 104 135
143 105 135
143 106 45
143 107 135
143 108 45
143 109 135
143 110 135
143 111 45
143 112 45
143 113 135
143 114 45
143 115 135
143 116 45
143 117 45
143 118 45
143 120 135
143 121 135
143 122 45
143 123 45
143 124 45
143 125 135
143 126 135
143 127 45
143 128 135
143 129 45
143 130 45
143 131 45
143 132 135
143 133 45
143 134 135
143 135 45
143 136 45
143 137 135
143 138 45
143 139 45
143 140 45
143 141 45
143 142 135
143 143 135
143 144 45
143 145 45
143 146 135
143 147 135
143 148 45
143 149 45
143 150 45
143 151 45
143 152 135
143 153 45
143 154 45
143 155 135
143 156 45
143 157 135
143 158 45
143 159 135
143 160 135
143 161 45
143 162 45
143 163 45
143 164 135
143 165 45
143 166 45
143 167 45
143 168 45
143 169 45
143 170 135
143 171 45
143 172 135
143 173 45
143 174 135
143 175 135
143 176 45
143 177 135
143 178 135
143 179 45
143 180 45
143 181 45
143 182 45
143 183 135
143 184 45
143 185 45
143 186 45
143 187 45
143 188 135
143 189 135
143 190 135
143 191 135
143 192 45
143 193 45
143 194 135
143 195 135
143 196 135
143 197 45
143 198 45
143 199 135
144 0 135
144 1 45
144 2 45
144 3 45
144 4 135
144 5 45
144 6 135
144 7 45
144 8 135
144 9 135
144 10 45
144 11 45
144 12 135
144 13 135
144 14 45
144 15 45
144 16 45
144 17 135
144 18 45
144 19 45
144 20 135
144 21 135
144 22 135
144 23 45
144 24 135
144 25 135
144 26 135
144 27 135
144 28 45
144 29 45
144 30 45
144 31 45
144 32 45
144 33 135
144 34 135
144 35 135
144 36 135
144 37 135
144 38 135
144 39 45
144 40 45
144 41 135
144 42 135
144 44 45
144 45 45
144 46 135
144 47 45
144 48 45
144 49 45
144 50 135
144 51 45
144 52 135
144 53 45
144 54 135
144 55 135
144 56 135
144 57 135
144 58 45
144 59 135
144 60 45
144 61 45
144 62 135
144 63 135
144 64 135
144 65 45
144 66 135
144 67 45
144 68 45
144 69 135
144 70 135
144 71 135
144 72 45
144 73 135
144 74 135
144 75 135
144 76 45
144 77 45
144 78 45
144 79 135
144 80 135
144 81 135
144 82 45
144 83 135
144 84 45
144 85 45
144 86 135
144 87 45
144 88 45
144 89 135
144 90 45
144 91 135
144 92 45
144 93 45
144 94 135
144 95 135
144 96 45
144 97 135
144 98 135
144 99 45
144 100 135
144 101 135
144 102 45
144 103 135
144 104 135
144 105 135
144 106 135
144 107 45
144 108 45
144 109 135
144 110 45
144 111 45
144 112 45
144 113 45
144 114 135
144 115 45
144 116 135
144 117 135
144 118 45
144 120 45
144 121 135
144 122 45
144 123 135
144 124 45
144 125 45
144 126 45
144 127 45
144 128 45
144 129 45
144 130 45
144 131 135
144 132 45
144 133 45
144 134 135
144 135 135
144 136 135
144 137 45
144 138 135
144 139 45
144 140 45
144 141 135
144 142 135
144 143 135
144 144 45
144 145 45
144 146 135
144 147 45
144 148 135
144 149 45
144 150 135
144 151 45
144 152 45
144 153 135
144 154 45
144 155 135
144 156 135
144 157 45
144 158 135
144 159 135
144 160 45
144 161 135
144 162 45
144 163 45
144 164 135
144 165 45
144 166 45
144 167 135
144 168 135
144 169 135
144 170 135
144 171 45
144 172 135
144 173 135
144 174 135
144 175 45
144 176 135
144 177 135
144 178 45
144 179 135
144 180 135
144 181 45
144 182 135
144 183 135
144 184 45
144 185 45
144 186 45
144 187 135
144 188 45
144 189 135
144 190 45
144 191 135
144 192 45
144 193 45
144 194 45
144 195 135
144 196 45
144 197 135
144 198 135
144 199 135
145 0 45
145 1 135
145 2 45
145 3 45
145 4 135
145 5 135
145 6 135
145 7 45
145 8 45
145 9 135
145 10 45
145 11 135
145 13 45
145 14 45
145 15 135
145 16 45
145 17 45
145 18 45
145 19 45
145 20 135
145 21 135
145 22 135
145 23 45
145 24 135
145 25 45
145 26 135
145 27 135
145 28 135
145 29 135
145 30 45
145 31 45
145 32 45
145 33 135
145 34 45
145 35 135
145 36 45
145 37 135
145 38 45
145 39 45
145 40 135
145 42 135
145 43 45
145 44 135
145 45 45
145 46 135
145 47 45
145 48 45
145 49 135
145 50 45
145 51 45
145 52 135
145 53 45
145 54 135
145 55 135
145 56 45
145 57 45
145 58 135
145 59 45
145 60 45
145 61 45
145 62 45
145 63 135
145 64 45
145 65 45
145 66 45
145 67 135
145 68 135
145 69 45
145 70 135
145 71 45
145 72 135
145 73 45
145 74 45
145 75 45
145 76 45
145 77 45
145 78 45
145 79 45
145 80 45
145 82 45
145 83 45
145 84 45
145 85 45
145 86 135
145 87 135
145 88 45
145 89 45
145 90 135
145 91 45
145 92 45
145 93 135
145 94 45
145 95 135
145 96 45
145 97 135
145 98 45
145 99 135
145 100 45
145 101 135
145 102 135
145 103 135
145 104 135
145 105 45
145 106 135
145 107 135
145 108 135
145 109 45
145 110 135
145 111 135
145 112 135
145 113 135
145 114 45
145 115 135
145 116 45
145 118 45
145 120 135
145 121 135
145 122 45
145 123 45
145 124 135
145 125 135
145 126 135
145 127 135
145 128 45
145 129 45
145 130 45
145 131 45
145 132 45
145 133 135
145 134 135
145 135 45
145 136 45
145 137 45
145 138 135
145 139 45
145 140 45
145 141 45
145 142 45
145 143 135
145 144 135
145 145 45
145 146 45
145 147 135
145 148 45
145 149 45
145 150 45
145 151 45
145 152 45
145 153 45
145 154 45
145 155 45
145 156 135
145 157 45
145 158 135
145 159 45
145 160 45
145 161 135
145 162 135
145 163 45
145 164 45
145 165 135
145 166 45
145 167 45
145 168 135
145 169 45
145 170 135
145 171 135
145 172 45
145 173 135
145 174 45
145 175 135
145 176 135
145 177 135
145 178 135
145 179 45
145 180 135
145 181 135
145 182 135
145 183 135
145 184 45
145 185 135
145 186 45
145 187 45
145 188 45
145 189 135
145 190 45
145 191 45
145 192 45
145 193 45
145 194 45
145 195 135
145 196 45
145 197 45
145 198 45
145 199 45
146 0 135
146 1 45
146 2 135
146 3 135
146 4 135
146 5 135
146 6 45
146 7 135
146 8 45
146 9 45
146 10 135
146 11 135
146 12 45
146 13 45
146 14 45
146 15 45
146 16 45
146 17 135
146 18 45
146 19 135
146 20 135
146 21 135
146 22 135
146 23 45
146 24 135
146 25 45
146 26 45
146 27 45
146 28 135
146 29 135
146 30 45
146 31 45
146 32 45
146 33 45
146 34 135
146 35 135
146 36 135
146 37 135
146 38 45
146 39 135
146 40 135
146 41 135
146 42 45
146 43 45
146 44 135
146 45 135
146 46 45
146 47 135
146 48 135
146 49 135
146 50 135
146 51 45
146 52 45
146 53 135
146 54 135
146 55 135
146 56 135
146 57 135
146 58 135
146 59 45
146 60 45
146 61 135
146 62 45
146 63 135
146 64 135
146 65 135
146 66 135
146 67 135
146 68 135
146 69 45
146 70 45
146 71 45
146 72 45
146 73 135
146 74 45
146 75 45
146 76 45
146 77 135
146 78 45
146 79 135
146 80 135
146 81 135
146 82 135
146 83 45
146 84 135
146 85 45
146 86 135
146 87 45
146 88 135
146 89 135
146 90 45
146 91 135
146 92 45
146 93 45
146 94 45
146 95 45
146 96 135
146 97 135
146 98 135
146 99 135
146 100 45
146 101 45
146 102 135
146 103 45
146 104 45
146 105 45
146 106 135
146 107 45
146 108 45
146 109 135
146 110 45
146 111 45
146 112 45
146 113 45
146 114 45
146 115 135
146 116 45
146 117 45
146 118 45
146 120 135
146 121 45
146 122 45
146 123 135
146 124 45
146 125 45
146 126 45
146 127 135
146 128 45
146 129 135
146 130 135
146 131 135
146 132 135
146 133 45
146 134 45
146 135 45
146 136 135
146 137 135
146 138 135
146 139 135
146 140 135
146 141 135
146 142 135
146 143 135
146 144 135
146 145 45
146 146 135
146 147 45
146 148 45
146 149 135
146 150 135
146 151 45
146 152 45
146 153 135
146 154 45
146 155 45
146 156 45
146 157 135
146 158 45
146 159 135
146 160 135
146 161 135
146 162 45
146 164 135
146 165 135
146 166 135
146 167 135
146 168 45
146 169 135
146 170 45
146 171 135
146 172 135
146 173 135
146 174 45
146 175 45
146 176 45
146 178 135
146 179 45
146 180 45
146 181 45
146 182 45
146 183 135
146 184 45
146 185 45
146 186 135
146 187 135
146 188 135
146 189 135
146 190 135
146 191 135
146 192 45
146 193 135
146 194 45
146 195 45
146 196 45
146 197 45
146 198 45
146 199 45
147 0 135
147 1 135
147 2 135
147 3 135
147 4 135
147 5 135
147 6 45
147 7 135
147 8 45
147 9 45
147 10 135
147 11 45
147 12 135
147 13 135
147 14 45
147 15 135
147 16 45
147 17 45
147 18 135
147 19 45
147 20 45
147 21 135
147 22 135
147 23 45
147 24 45
147 25 135
147 26 135
147 27 45
147 28 135
147 29 135
147 30 45
147 31 45
147 32 135
147 33 45
147 34 135
147 35 135
147 36 45
147 37 135
147 38 45
147 39 45
147 40 135
147 41 135
147 42 45
147 43 135
147 44 135
147 45 135
147 46 135
147 47 45
147 48 45
147 49 45
147 50 135
147 51 45
147 52 45
147 53 135
147 54 135
147 55 45
147 56 45
147 57 45
147 58 135
147 59 135
147 60 45
147 61 135
147 62 45
147 63 135
147 64 45
147 65 135
147 66 45
147 67 135
147 68 45
147 69 135
147 70 135
147 71 45
147 72 135
147 73 135
147 74 45
147 75 135
147 76 45
147 77 135
147 78 45
147 79 135
147 80 135
147 81 135
147 82 135
147 83 45
147 84 45
147 85 45
147 86 45
147 87 45
147 88 45
147 89 135
147 90 135
147 91 45
147 92 135
147 93 135
147 94 45
147 95 45
147 96 45
147 97 45
147 98 45
147 99 45
147 100 45
147 101 45
147 102 135
147 103 135
147 104 135
147 105 45
147 106 135
147 107 45
147 108 135
147 109 45
147 110 45
147 111 45
147 112 45
147 113 45
147 114 45
147 115 45
147 116 135
147 117 135
147 118 45
147 120 45
147 121 135
147 122 45
147 123 45
147 124 45
147 125 45
147 126 45
147 127 135
147 128 45
147 129 45
147 130 135
147 131 135
147 132 45
147 133 135
147 134 45
147 135 45
147 136 135
147 137 45
147 138 45
147 139 45
147 140 135
147 141 45
147 142 135
147 143 135
147 144 45
147 145 45
147 146 135
147 147 135
147 148 45
147 150 45
147 151 45
147 152 135
147 153 135
147 154 135
147 155 135
147 156 45
147 157 135
147 158 135
147 159 135
147 160 135
147 161 45
147 162 135
147 163 45
147 164 135
147 165 45
147 166 135
147 167 135
147 168 45
147 169 135
147 170 135
147 171 45
147 172 45
147 173 135
147 174 45
147 175 135
147 176 45
147 177 135
147 178 135
147 179 135
147 180 45
147 181 135
147 182 45
147 183 45
147 184 45
147 186 135
147 187 45
147 188 45
147 189 135
147 190 45
147 191 45
147 192 45
147 193 135
147 194 45
147 195 135
147 196 135
147 197 45
147 198 135
147 199 135
148 0 135
148 1 45
148 2 45
148 3 45
148 4 45
148 5 135
148 6 135
148 7 45
148 8 45
148 10 135
148 11 135
148 12 135
148 13 45
148 14 45
148 15 135
148 16 45
148 17 135
148 18 135
148 19 45
148 20 135
148 21 45
148 22 135
148 23 45
148 24 135
148 25 45
148 26 45
148 27 135
148 28 45
148 29 135
148 30 45
148 31 135
148 32 135
148 33 45
148 34 45
148 35 135
148 36 135
148 37 135
148 38 135
148 39 135
148 40 45
148 41 135
148 42 135
148 43 135
148 44 135
148 45 45
148 46 45
148 47 135
148 48 135
148 49 135
148 50 135
148 51 135
148 52 45
148 53 45
148 54 45
148 55 45
148 56 135
148 57 135
148 58 45
148 59 135
148 60 135
148 61 135
148 62 135
148 63 45
148 64 45
148 65 45
148 66 45
148 67 45
148 68 135
148 69 45
148 70 135
148 71 45
148 72 45
148 73 135
148 74 45
148 75 135
148 76 45
148 77 135
148 78 45
148 79 45
148 80 45
148 81 135
148 82 45
148 83 135
148 84 45
148 85 135
148 86 45
148 87 45
148 88 135
148 89 135
148 90 45
148 91 45
148 92 45
148 93 45
148 94 135
148 95 135
148 96 45
148 97 135
148 98 45
148 99 45
148 100 135
148 101 135
148 102 135
148 103 135
148 104 135
148 105 45
148 106 135
148 107 45
148 108 135
148 109 135
148 110 45
148 111 135
148 112 135
148 113 135
148 114 135
148 115 45
148 116 45
148 117 45
148 118 135
148 119 135
148 129 135
148 130 45
148 131 135
148 132 45
148 133 135
148 134 45
148 135 45
148 136 135
148 137 135
148 138 135
148 139 45
148 140 45
148 141 45
148 142 45
148 143 45
148 144 45
148 145 135
148 146 135
148 147 135
148 148 135
148 149 135
148 150 135
148 151 135
148 152 45
148 153 45
148 154 45
148 155 45
148 156 45
148 157 45
148 158 135
148 159 45
148 160 45
148 161 45
148 162 45
148 163 45
148 164 135
148 165 45
148 166 135
148 167 135
148 168 135
148 169 135
148 170 45
148 171 135
148 172 45
148 173 135
148 174 135
148 175 45
148 176 45
148 177 45
148 178 45
148 179 45
148 180 45
148 181 45
148 182 45
148 183 135
148 184 135
148 185 45
148 186 135
148 187 135
148 188 135
148 189 45
148 190 135
148 191 45
148 192 135
148 193 135
148 194 135
148 195 135
148 196 45
148 197 135
148 198 45
148 199 45
149 0 45
149 1 135
149 2 135
149 3 135
149 4 45
149 5 45
149 6 45
149 7 135
149 8 45
149 9 45
149 10 135
149 11 45
149 12 45
149 13 45
149 14 45
149 15 45
149 16 135
149 17 45
149 18 45
149 19 135
149 20 135
149 21 135
149 22 45
149 23 135
149 24 45
149 25 45
149 26 135
149 28 135
149 29 135
149 30 135
149 31 135
149 32 45
149 33 135
149 34 135
149 35 45
149 36 45
149 37 135
149 38 45
149 39 45
149 40 45
149 41 45
149 42 45
149 43 135
149 44 45
149 45 45
149 46 135
149 47 45
149 48 135
149 49 135
149 50 45
149 51 45
149 52 45
149 53 45
149 54 135
149 55 135
149 56 135
149 57 45
149 58 45
149 59 135
149 60 45
149 61 135
149 62 135
149 63 45
149 64 45
149 65 45
149 66 45
149 67 45
149 68 135
149 69 45
149 70 135
149 71 45
149 72 135
149 73 45
149 74 45
149 75 135
149 76 135
149 77 45
149 78 135
149 79 135
149 80 45
149 81 135
149 82 45
149 83 45
149 84 135
149 85 45
149 86 135
149 87 45
149 88 135
149 89 45
149 90 135
149 91 135
149 92 45
149 93 135
149 94 45
149 95 135
149 96 135
149 97 45
149 98 45
149 99 45
149 100 45
149 101 135
149 102 135
149 103 45
149 104 45
149 105 135
149 106 45
149 107 45
149 108 45
149 109 135
149 110 45
149 111 45
149 112 135
149 113 45
149 114 45
149 115 45
149 116 135
149 117 135
149 118 45
149 119 135
149 120 135
149 121 135
149 122 135
149 123 45
149 124 45
149 125 45
149 126 45
149 127 45
149 128 45
149 129 45
149 130 135
149 131 135
149 132 135
149 133 135
149 134 135
149 135 45
149 136 135
149 137 45
149 138 135
149 139 45
149 140 135
149 141 135
149 142 135
149 143 135
149 144 45
149 145 135
149 146 45
149 147 135
149 148 45
149 149 45
149 150 135
149 151 45
149 152 135
149 153 135
149 154 45
149 155 45
149 156 45
149 157 135
149 158 135
149 159 45
149 160 135
149 161 135
149 162 45
149 163 135
149 164 135
149 165 45
149 166 135
149 167 135
149 168 45
149 169 45
149 170 135
149 171 135
149 172 135
149 173 45
149 174 135
149 175 45
149 176 45
149 177 45
149 178 45
149 179 135
149 180 135
149 181 45
149 182 45
149 183 45
149 184 135
149 185 45
149 186 45
149 187 45
149 188 45
149 189 45
149 190 45
149 191 135
149 192 135
149 193 45
149 194 135
149 195 45
149 196 135
149 197 135
149 198 45
149 199 45
150 0 135
150 1 135
150 2 45
150 3 135
150 4 135
150 5 135
150 6 135
150 7 45
150 8 135
150 9 135
150 10 45
150 11 135
150 12 135
150 13 45
150 14 45
150 15 45
150 16 135
150 17 45
150 18 45
150 19 45
150 20 135
150 21 45
150 23 45
150 24 135
150 25 135
150 26 45
150 27 45
150 28 135
150 29 135
150 30 135
150 31 135
150 32 45
150 33 135
150 34 135
150 35 45
150 36 45
150 37 45
150 38 45
150 39 135
150 40 45
150 41 135
150 42 45
150 43 45
150 44 45
150 45 135
150 46 135
150 47 45
150 48 45
150 49 135
150 50 45
150 51 45
150 52 135
150 53 135
150 54 135
150 55 135
150 56 45
150 57 135
150 58 45
150 59 45
150 60 45
150 61 45
150 62 45
150 64 45
150 65 45
150 66 135
150 67 135
150 68 45
150 69 45
150 70 135
150 71 135
150 72 45
150 73 135
150 74 135
150 75 45
150 76 135
150 77 135
150 78 135
150 79 135
150 80 135
150 81 135
150 82 45
150 83 45
150 84 45
150 85 135
150 86 135
150 87 45
150 88 135
150 89 135
150 90 135
150 91 45
150 92 45
150 93 45
150 94 135
150 95 45
150 96 135
150 97 135
150 98 135
150 99 135
150 100 45
150 101 45
150 102 45
150 103 135
150 104 45
150 105 135
150 106 135
150 107 135
150 108 135
150 109 45
150 110 135
150 111 45
150 112 135
150 113 45
150 114 45
150 115 135
150 116 45
150 117 135
150 118 135
150 119 135
150 120 135
150 121 45
150 122 135
150 123 135
150 124 45
150 125 135
150 126 135
150 127 135
150 129 135
150 130 45
150 131 135
150 132 45
150 133 135
150 134 135
150 135 45
150 137 135
150 138 135
150 139 45
150 140 135
150 141 45
150 142 135
150 143 135
150 144 135
150 145 135
150 146 135
150 147 135
150 148 135
150 149 45
150 150 135
150 151 135
150 152 45
150 153 135
150 154 45
150 155 45
150 156 135
150 157 45
150 158 135
150 159 135
150 160 45
150 161 135
150 162 135
150 163 45
150 164 45
150 165 135
150 166 135
150 167 45
150 168 45
150 169 45
150 170 45
150 171 135
150 172 135
150 173 45
150 174 45
150 175 135
150 176 135
150 177 45
150 178 135
150 179 135
150 180 135
150 181 135
150 182 45
150 183 45
150 184 45
150 185 45
150 186 135
150 187 45
150 188 45
150 189 45
150 190 135
150 191 45
150 192 135
150 193 45
150 194 45
150 195 135
150 196 135
150 197 45
150 198 45
150 199 45
151 0 135
151 1 45
151 2 135
151 3 45
151 4 135
151 5 45
151 6 45
151 7 135
151 8 45
151 9 135
151 10 135
151 11 45
151 12 135
151 13 135
151 14 135
151 15 135
151 16 45
151 17 135
151 18 45
151 19 45
151 20 45
151 21 45
151 22 135
151 23 135
151 24 135
151 25 45
151 26 45
151 27 45
151 28 135
151 29 45
151 30 45
151 31 45
151 32 135
151 33 45
151 34 135
151 35 45
151 36 135
151 37 135
151 38 135
151 39 135
151 40 135
151 41 45
151 42 135
151 43 135
151 44 135
151 45 45
151 46 135
151 47 45
151 48 135
151 49 45
151 50 135
151 51 135
151 52 45
151 53 135
151 54 45
151 55 45
151 56 135
151 57 45
151 58 135
151 59 45
151 60 135
151 61 135
151 62 45
151 63 45
151 64 135
151 65 135
151 66 45
151 67 45
151 68 45
151 69 135
151 70 135
151 71 135
151 72 135
151 73 135
151 74 45
151 75 135
151 76 45
151 77 45
151 78 45
151 79 45
151 80 45
151 81 135
151 82 45
151 83 135
151 84 135
151 85 45
151 86 45
151 87 135
151 88 135
151 89 135
151 90 45
151 91 45
151 92 45
151 93 45
151 94 45
151 95 135
151 96 45
151 97 45
151 98 45
151 99 135
151 100 45
151 101 45
151 102 135
151 103 45
151 104 135
151 105 45
151 106 45
151 107 45
151 108 45
151 109 135
151 110 135
151 111 135
151 112 45
151 113 135
151 114 45
151 115 45
151 116 45
151 117 45
151 118 45
151 119 45
151 120 45
151 121 45
151 122 45
151 123 135
151 124 45
151 125 45
151 126 45
151 127 45
151 128 135
151 129 135
151 130 135
151 131 45
151 132 45
151 133 45
151 134 135
151 135 135
151 136 135
151 137 135
151 138 45
151 139 135
151 141 45
151 142 45
151 143 135
151 144 135
151 145 45
151 146 135
151 147 45
151 148 135
151 149 45
151 150 135
151 151 135
151 152 135
151 153 135
151 154 135
151 155 135
151 156 135
151 157 135
151 158 135
151 159 45
151 160 135
151 161 135
151 162 135
151 163 45
151 164 45
151 165 45
151 166 135
151 167 45
151 168 45
151 169 45
151 170 45
151 171 135
151 172 135
151 173 135
151 174 135
151 175 135
151 176 45
151 177 135
151 178 135
151 179 135
151 180 45
151 181 135
151 182 135
151 183 45
151 184 135
151 185 45
151 186 45
151 187 135
151 188 45
151 189 135
151 190 135
151 191 135
151 192 135
151 193 45
151 194 135
151 195 135
151 196 135
151 197 45
151 198 45
151 199 135
152 0 45
152 1 135
152 2 45
152 3 135
152 4 135
152 5 135
152 6 135
152 7 45
152 9 135
152 10 135
152 11 45
152 12 45
152 13 45
152 14 135
152 15 45
152 16 45
152 17 45
152 18 45
152 19 45
152 20 135
152 21 135
152 22 45
152 23 45
152 24 135
152 25 45
152 26 45
152 27 45
152 28 135
152 29 45
152 30 135
152 31 135
152 32 45
152 33 135
152 34 45
152 35 45
152 36 45
152 37 135
152 38 45
152 39 135
152 40 45
152 41 135
152 42 135
152 43 135
152 44 45
152 45 135
152 46 135
152 47 45
152 48 135
152 49 45
152 50 135
152 51 135
152 52 45
152 53 135
152 54 135
152 55 135
152 56 135
152 57 45
152 58 135
152 59 45
152 60 45
152 61 135
152 62 45
152 63 45
152 64 45
152 65 135
152 66 45
152 67 45
152 68 45
152 69 135
152 70 45
152 71 45
152 72 45
152 73 135
152 74 135
152 75 135
152 76 45
152 77 135
152 78 135
152 79 135
152 80 45
152 81 45
152 82 135
152 83 135
152 84 135
152 85 135
152 86 45
152 87 45
152 88 45
152 89 45
152 90 135
152 91 45
152 92 45
152 93 45
152 94 135
152 95 135
152 96 45
152 97 135
152 98 135
152 99 135
152 100 45
152 101 135
152 102 135
152 103 45
152 104 135
152 105 45
152 106 135
152 107 135
152 108 135
152 109 135
152 110 45
152 111 135
152 112 135
152 113 135
152 114 135
152 115 135
152 116 135
152 117 135
152 118 45
152 119 135
152 120 45
152 121 45
152 122 135
152 123 45
152 124 45
152 125 45
152 126 135
152 127 45
152 128 45
152 129 45
152 130 135
152 131 45
152 132 45
152 133 135
152 134 45
152 135 135
152 136 135
152 137 45
152 138 45
152 139 135
152 140 45
152 141 135
152 142 45
152 143 45
152 144 45
152 145 45
152 146 135
152 147 45
152 148 135
152 149 135
152 150 45
152 151 135
152 152 45
152 153 45
152 154 135
152 155 135
152 156 135
152 157 45
152 158 45
152 159 45
152 160 135
152 161 135
152 162 45
152 163 45
152 164 135
152 165 45
152 166 45
152 167 45
152 168 135
152 169 135
152 170 45
152 171 45
152 172 135
152 173 135
152 174 45
152 175 45
152 176 135
152 177 45
152 178 135
152 179 135
152 180 45
152 181 45
152 182 45
152 183 45
152 184 135
152 185 135
152 186 45
152 187 135
152 188 45
152 189 45
152 190 45
152 191 45
152 192 45
152 193 45
152 194 45
152 195 135
152 196 135
152 197 135
152 198 45
152 199 45
153 0 135
153 1 45
153 2 45
153 3 135
153 4 135
153 5 135
153 6 45
153 7 45
153 8 45
153 9 135
153 10 45
153 11 135
153 12 45
153 13 135
153 14 45
153 15 45
153 16 45
153 17 45
153 18 135
153 19 45
153 20 45
153 21 135
153 22 45
153 23 45
153 24 45
153 25 135
153 26 135
153 27 45
153 28 135
153 29 45
153 30 45
153 31 135
153 32 45
153 33 135
153 34 135
153 35 135
153 36 45
153 37 45
153 38 135
153 39 45
153 40 135
153 41 135
153 42 135
153 43 135
153 44 135
153 45 135
153 46 45
153 47 45
153 48 45
153 49 135
153 50 45
153 51 135
153 52 45
153 53 45
153 54 135
153 55 45
153 56 45
153 57 135
153 58 45
153 59 135
153 60 45
153 61 135
153 62 135
153 63 135
153 64 45
153 65 45
153 66 45
153 67 135
153 68 45
153 69 135
153 70 135
153 71 45
153 72 135
153 73 135
153 74 135
153 75 45
153 76 135
153 77 135
153 78 45
153 79 45
153 80 135
153 81 45
153 82 45
153 83 135
153 84 135
153 85 135
153 86 45
153 87 45
153 88 45
153 89 135
153 90 135
153 91 135
153 92 135
153 93 135
153 94 45
153 95 45
153 96 45
153 97 45
153 98 135
153 99 45
153 100 45
153 101 45
153 102 135
153 103 45
153 104 135
153 105 45
153 106 135
153 107 135
153 108 45
153 109 135
153 110 45
153 111 135
153 112 45
153 113 45
153 114 45
153 115 45
153 116 135
153 117 135
153 118 45
153 119 135
153 120 45
153 121 135
153 122 45
153 123 45
153 124 45
153 125 45
153 126 45
153 127 45
153 129 135
153 130 135
153 131 135
153 132 135
153 133 45
153 134 135
153 135 135
153 136 135
153 137 135
153 138 45
153 139 45
153 140 135
153 141 45
153 142 45
153 143 135
153 144 135
153 145 135
153 146 45
153 147 135
153 148 45
153 149 45
153 150 135
153 151 135
153 152 135
153 153 135
153 154 135
153 155 45
153 156 45
153 157 45
153 158 45
153 159 135
153 160 135
153 161 135
153 162 135
153 163 135
153 164 135
153 165 135
153 166 135
153 167 45
153 168 45
153 169 135
153 170 135
153 171 45
153 172 135
153 173 135
153 174 135
153 175 45
153 176 45
153 177 135
153 178 135
153 179 135
153 180 45
153 181 135
153 182 135
153 183 45
153 184 45
153 185 45
153 186 135
153 187 45
153 188 135
153 189 45
153 190 45
153 191 135
153 192 45
153 193 135
153 194 45
153 195 135
153 196 135
153 197 135
153 198 45
153 199 135
154 0 45
154 1 45
154 2 45
154 3 45
154 4 45
154 5 45
154 6 135
154 7 45
154 8 45
154 9 135
154 10 135
154 11 135
154 12 135
154 13 45
154 14 45
154 15 45
154 16 45
154 17 45
154 19 45
154 20 45
154 21 45
154 22 45
154 23 135
154 24 45
154 25 135
154 26 45
154 27 45
154 28 135
154 29 45
154 30 45
154 31 135
154 32 135
154 33 135
154 34 45
154 35 45
154 36 45
154 37 135
154 38 135
154 39 135
154 40 135
154 41 135
154 42 45
154 43 135
154 44 45
154 45 135
154 47 135
154 48 135
154 49 45
154 50 135
154 51 45
154 52 135
154 53 45
154 54 135
154 55 135
154 56 135
154 57 45
154 58 135
154 59 45
154 60 135
154 61 135
154 62 45
154 63 135
154 64 135
154 65 135
154 66 135
154 67 135
154 68 45
154 69 135
154 70 135
154 71 135
154 72 135
154 73 45
154 74 45
154 75 135
154 76 45
154 77 135
154 78 135
154 79 45
154 80 45
154 81 45
154 82 45
154 83 45
154 84 135
154 85 135
154 86 135
154 87 135
154 88 135
154 89 135
154 90 45
154 91 135
154 92 45
154 93 135
154 94 135
154 95 45
154 96 135
154 97 45
154 98 135
154 99 45
154 100 45
154 101 45
154 102 45
154 103 45
154 104 45
154 105 45
154 106 45
154 107 45
154 108 135
154 109 135
154 110 135
154 111 135
154 112 135
154 113 45
154 114 135
154 115 135
154 116 135
154 117 45
154 118 135
154 119 135
154 120 135
154 121 135
154 122 135
154 123 135
154 124 45
154 125 45
154 126 45
154 127 135
154 129 45
154 130 135
154 131 45
154 132 45
154 133 45
154 134 135
154 135 45
154 136 45
154 137 135
154 138 135
154 139 45
154 140 135
154 141 45
154 142 45
154 143 135
154 144 135
154 145 135
154 146 135
154 147 135
154 148 135
154 149 45
154 150 45
154 151 45
154 152 45
154 153 45
154 154 135
154 155 135
154 156 45
154 157 135
154 158 135
154 159 135
154 160 135
154 161 45
154 162 135
154 163 45
154 164 45
154 165 135
154 166 45
154 167 45
154 168 45
154 169 135
154 170 45
154 171 135
154 172 135
154 173 135
154 174 135
154 175 45
154 176 135
154 177 135
154 178 45
154 179 135
154 180 135
154 181 45
154 183 45
154 184 135
154 185 135
154 186 45
154 187 135
154 188 45
154 189 45
154 190 45
154 191 45
154 192 135
154 193 45
154 194 45
154 195 45
154 196 45
154 197 45
154 198 45
154 199 135
155 0 135
155 1 45
155 2 135
155 3 45
155 4 135
155 5 135
155 7 135
155 8 135
155 9 135
155 10 135
155 11 45
155 12 135
155 13 45
155 14 45
155 15 45
155 16 45
155 17 45
155 18 45
155 19 135
155 20 45
155 21 135
155 22 45
155 23 45
155 24 45
155 25 135
155 26 135
155 27 45
155 28 135
155 29 45
155 30 135
155 31 45
155 32 135
155 33 45
155 34 135
155 35 135
155 36 45
155 37 45
155 38 45
155 39 135
155 40 135
155 41 135
155 42 135
155 43 45
155 44 135
155 45 45
155 46 45
155 47 45
155 48 45
155 49 45
155 50 45
155 51 135
155 52 135
155 53 45
155 54 135
155 55 135
155 56 135
155 57 45
155 58 45
155 59 45
155 60 45
155 61 45
155 62 135
155 63 45
155 64 135
155 65 135
155 66 45
155 67 45
155 68 45
155 69 45
155 70 45
155 71 135
155 72 45
155 73 45
155 74 135
155 75 45
155 76 45
155 77 135
155 78 45
155 79 45
155 80 45
155 81 45
155 82 135
155 83 45
155 84 135
155 85 135
155 86 135
155 87 45
155 88 45
155 89 135
155 90 45
155 91 135
155 92 45
155 93 135
155 94 45
155 95 45
155 96 135
155 97 45
155 98 135
155 99 45
155 100 45
155 101 135
155 102 135
155 103 135
155 104 135
155 105 45
155 106 135
155 107 135
155 108 45
155 109 45
155 110 135
155 111 45
155 112 45
155 113 45
155 114 135
155 115 45
155 116 135
155 117 45
155 118 135
155 119 45
155 120 45
155 121 135
155 122 135
155 123 135
155 124 135
155 125 45
155 126 45
155 127 135
155 129 135
155 130 45
155 131 135
155 132 45
155 133 45
155 134 135
155 135 135
155 136 135
155 137 135
155 138 135
155 139 45
155 140 45
155 141 135
155 142 135
155 143 45
155 144 45
155 145 135
155 146 135
155 147 135
155 148 135
155 149 135
155 150 135
155 151 45
155 152 135
155 153 135
155 154 45
155 155 135
155 156 135
155 157 135
155 158 135
155 159 45
155 160 135
155 161 45
155 162 135
155 163 135
155 164 45
155 165 135
155 166 45
155 167 45
155 168 45
155 169 45
155 170 135
155 171 135
155 172 45
155 174 135
155 175 45
155 176 135
155 177 135
155 178 45
155 179 45
155 180 45
155 181 45
155 182 45
155 183 45
155 184 45
155 185 45
155 186 135
155 187 135
155 188 135
155 189 135
155 190 45
155 191 45
155 192 135
155 193 45
155 194 135
155 195 135
155 196 45
155 197 45
155 198 135
155 199 135
156 0 135
156 1 135
156 2 45
156 3 135
156 4 135
156 5 135
156 6 135
156 7 45
156 8 135
156 9 135
156 10 135
156 11 45
156 12 45
156 13 45
156 14 45
156 15 45
156 16 45
156 17 135
156 18 45
156 19 135
156 20 135
156 21 45
156 22 135
156 23 45
156 24 135
156 25 45
156 26 45
156 27 45
156 28 135
156 29 45
156 30 45
156 31 45
156 32 45
156 33 135
156 34 135
156 35 135
156 36 135
156 37 135
156 38 135
156 39 45
156 40 45
156 41 135
156 42 135
156 43 45
156 44 135
156 45 135
156 46 135
156 47 45
156 48 135
156 49 135
156 50 45
156 51 45
156 52 135
156 53 45
156 54 135
156 55 45
156 56 135
156 57 45
156 58 135
156 59 45
156 60 135
156 61 45
156 62 135
156 63 45
156 64 45
156 65 135
156 66 45
156 67 45
156 68 45
156 69 45
156 70 135
156 71 135
156 72 135
156 73 45
156 74 45
156 75 45
156 76 135
156 77 45
156 78 45
156 79 45
156 80 45
156 81 135
156 82 135
156 83 135
156 84 135
156 85 45
156 86 45
156 87 135
156 88 45
156 89 135
156 90 45
156 91 135
156 92 135
156 93 45
156 94 135
156 95 45
156 96 135
156 98 135
156 99 45
156 100 45
156 101 45
156 102 45
156 103 45
156 104 135
156 105 45
156 106 45
156 107 45
156 108 135
156 109 45
156 110 45
156 111 45
156 112 135
156 113 45
156 114 135
156 115 45
156 116 45
156 117 135
156 118 45
156 119 135
156 120 135
156 121 135
156 122 135
156 123 45
156 124 135
156 125 45
156 126 135
156 127 45
156 128 135
156 139 135
156 140 135
156 141 135
156 142 45
156 143 45
156 144 135
156 145 135
156 146 135
156 147 45
156 148 135
156 149 45
156 150 45
156 151 45
156 152 135
156 153 45
156 154 45
156 155 135
156 156 135
156 157 135
156 158 45
156 159 45
156 160 135
156 161 45
156 162 135
156 163 45
156 164 135
156 165 135
156 166 45
156 167 45
156 168 45
156 169 45
156 170 135
156 171 135
156 172 135
156 173 135
156 174 45
156 175 135
156 176 135
156 177 135
156 178 135
156 179 45
156 180 45
156 181 135
156 183 45
156 184 135
156 185 135
156 186 135
156 187 135
156 188 135
156 189 45
156 190 45
156 191 45
156 192 45
156 193 135
156 194 135
156 195 135
156 196 135
156 197 135
156 198 45
156 199 135
157 0 135
157 1 45
157 2 45
157 3 45
157 4 45
157 5 45
157 6 45
157 7 45
157 8 135
157 9 45
157 10 135
157 11 135
157 12 135
157 13 45
157 14 45
157 15 135
157 16 45
157 17 45
157 18 135
157 19 135
157 21 45
157 22 45
157 23 45
157 24 135
157 25 45
157 26 45
157 27 135
157 28 135
157 29 135
157 30 135
157 31 45
157 32 45
157 33 45
157 34 135
157 35 45
157 36 135
157 37 45
157 38 135
157 39 135
157 40 135
157 41 45
157 42 45
157 43 135
157 44 45
157 45 45
157 46 135
157 47 135
157 48 45
157 49 135
157 50 45
157 51 135
157 52 135
157 53 135
157 54 45
157 55 135
157 56 135
157 57 45
157 58 45
157 59 45
157 60 135
157 61 135
157 62 135
157 63 45
157 64 45
157 65 45
157 66 135
157 67 135
157 68 135
157 69 45
157 70 45
157 71 135
157 72 45
157 73 45
157 74 135
157 75 135
157 76 135
157 77 45
157 78 135
157 79 45
157 80 135
157 81 45
157 82 135
157 83 135
157 84 45
157 85 45
157 86 135
157 87 135
157 88 45
157 89 135
157 90 135
157 91 45
157 92 45
157 93 45
157 94 135
157 95 135
157 96 135
157 97 135
157 98 45
157 99 45
157 100 45
157 101 135
157 102 45
157 103 45
157 104 45
157 105 45
157 106 45
157 107 45
157 108 45
157 109 135
157 110 135
157 111 45
157 112 135
157 113 135
157 114 135
157 115 45
157 116 135
157 117 135
157 118 135
157 119 135
157 120 45
157 121 45
157 122 135
157 123 45
157 124 135
157 125 135
157 126 135
157 127 45
157 128 135
157 129 135
157 130 135
157 131 45
157 132 45
157 133 45
157 134 135
157 135 135
157 136 135
157 137 135
157 138 135
157 140 45
157 141 135
157 142 135
157 143 45
157 144 45
157 145 45
157 146 45
157 147 135
157 148 45
157 149 135
157 150 135
157 151 45
157 152 135
157 153 45
157 154 45
157 155 45
157 156 135
157 157 45
157 158 135
157 159 135
157 160 135
157 161 135
157 162 45
157 163 45
157 164 135
157 165 135
157 166 45
157 167 135
157 168 135
157 169 45
157 170 135
157 171 135
157 172 45
157 173 45
157 174 45
157 175 135
157 176 45
157 177 45
157 178 135
157 179 135
157 180 45
157 181 45
157 182 135
157 183 45
157 184 135
157 185 135
157 186 45
157 187 135
157 188 135
157 189 45
157 190 45
157 191 45
157 192 135
157 193 135
157 194 135
157 195 135
157 196 135
157 197 45
157 198 45
157 199 45
158 0 135
158 1 135
158 2 135
158 3 135
158 4 45
158 5 45
158 6 135
158 7 45
158 8 45
158 9 135
158 10 135
158 11 135
158 12 45
158 13 45
158 14 135
158 15 135
158 16 135
158 17 45
158 18 135
158 19 135
158 20 135
158 21 45
158 22 45
158 23 45
158 24 45
158 25 135
158 26 45
158 27 135
158 28 45
158 29 135
158 30 45
158 31 45
158 32 135
158 33 135
158 34 135
158 35 45
158 36 135
158 37 135
158 38 45
158 40 135
158 41 135
158 42 135
158 43 45
158 44 135
158 45 135
158 46 45
158 47 135
158 48 45
158 49 45
158 50 45
158 51 45
158 52 135
158 53 45
158 54 135
158 55 135
158 56 135
158 57 45
158 58 45
158 59 45
158 60 45
158 61 45
158 62 45
158 63 135
158 64 45
158 65 45
158 66 135
158 67 135
158 68 45
158 69 45
158 70 135
158 71 135
158 72 45
158 73 45
158 74 45
158 75 45
158 76 135
158 77 135
158 78 45
158 79 135
158 80 45
158 81 135
158 82 135
158 83 45
158 84 135
158 85 45
158 86 135
158 87 135
158 88 45
158 89 45
158 90 135
158 91 135
158 92 45
158 93 45
158 94 135
158 95 135
158 96 45
158 97 45
158 98 45
158 99 135
158 100 45
158 101 135
158 102 45
158 103 135
158 104 135
158 105 135
158 106 135
158 107 135
158 108 135
158 109 45
158 110 45
158 111 135
158 112 135
158 113 45
158 114 45
158 115 135
158 116 135
158 117 45
158 118 45
158 119 135
158 120 45
158 121 45
158 122 135
158 123 45
158 124 45
158 125 45
158 126 45
158 127 45
158 128 45
158 129 135
158 130 45
158 131 45
158 132 135
158 133 45
158 134 135
158 135 45
158 136 135
158 137 135
158 138 135
158 140 45
158 141 135
158 142 45
158 143 45
158 144 135
158 145 135
158 146 45
158 147 45
158 148 45
158 149 135
158 150 135
158 151 45
158 152 45
158 153 135
158 154 135
158 155 45
158 156 45
158 157 45
158 158 45
158 159 45
158 160 135
158 161 135
158 162 45
158 163 45
158 164 45
158 165 45
158 166 45
158 167 45
158 168 135
158 169 45
158 171 45
158 172 135
158 173 45
158 174 135
158 175 45
158 176 45
158 177 45
158 178 45
158 179 135
158 180 135
158 181 135
158 182 135
158 183 135
158 184 45
158 185 135
158 186 135
158 187 45
158 188 45
158 189 135
158 190 45
158 191 135
158 192 45
158 193 45
158 194 45
158 195 135
158 196 45
158 197 135
158 198 135
158 199 45
159 0 45
159 1 45
159 2 135
159 3 45
159 4 135
159 5 45
159 6 45
159 7 45
159 8 135
159 9 135
159 10 45
159 11 135
159 12 135
159 13 135
159 14 135
159 15 135
159 16 45
159 17 45
159 18 135
159 19 135
159 20 135
159 21 45
159 22 135
159 23 45
159 25 45
159 26 135
159 27 135
159 28 45
159 29 45
159 30 135
159 31 135
159 32 135
159 33 45
159 34 45
159 35 45
159 36 135
159 37 135
159 38 135
159 39 135
159 40 135
159 41 135
159 42 135
159 43 45
159 44 45
159 45 45
159 46 45
159 47 135
159 48 45
159 49 135
159 50 45
159 51 45
159 52 45
159 53 45
159 54 135
159 55 135
159 56 45
159 57 45
159 58 135
159 59 135
159 60 135
159 61 135
159 62 135
159 63 45
159 64 135
159 65 45
159 66 135
159 67 135
159 68 45
159 69 45
159 70 135
159 71 45
159 72 135
159 73 135
159 74 135
159 75 135
159 76 135
159 77 45
159 78 135
159 79 135
159 81 45
159 82 135
159 83 45
159 84 45
159 85 135
159 86 45
159 87 45
159 88 45
159 89 135
159 90 45
159 91 45
159 92 45
159 93 45
159 94 135
159 95 135
159 96 135
159 97 135
159 98 45
159 99 45
159 100 45
159 101 45
159 102 45
159 103 135
159 104 45
159 105 135
159 106 135
159 107 45
159 108 135
159 109 45
159 110 135
159 111 135
159 112 135
159 113 45
159 114 45
159 115 45
159 116 45
159 117 135
159 118 45
159 119 45
159 120 45
159 121 45
159 122 135
159 123 135
159 124 45
159 125 45
159 126 135
159 127 45
159 128 135
159 129 135
159 130 45
159 131 135
159 132 45
159 133 135
159 134 45
159 135 135
159 136 135
159 137 45
159 138 135
159 139 135
159 146 135
159 147 135
159 148 45
159 149 135
159 150 45
159 151 135
159 152 135
159 153 135
159 154 45
159 155 135
159 156 45
159 157 135
159 158 45
159 160 45
159 161 135
159 162 45
159 163 135
159 164 45
159 165 45
159 166 135
159 167 135
159 168 45
159 169 135
159 170 45
159 171 45
159 172 135
159 173 45
159 174 135
159 175 45
159 176 45
159 177 135
159 178 135
159 179 45
159 180 45
159 181 45
159 182 45
159 183 45
159 184 45
159 185 45
159 186 45
159 187 45
159 188 45
159 189 135
159 190 135
159 191 135
159 192 45
159 193 135
159 194 135
159 195 45
159 196 135
159 197 135
159 198 45
159 199 135
160 0 135
160 1 45
160 2 45
160 3 135
160 4 135
160 5 135
160 6 135
160 7 45
160 8 135
160 9 45
160 10 135
160 11 135
160 12 45
160 13 135
160 14 45
160 15 135
160 16 135
160 17 135
160 18 45
160 19 45
160 20 135
160 21 45
160 22 135
160 23 45
160 24 45
160 25 45
160 27 135
160 28 45
160 29 45
160 30 45
160 31 45
160 32 135
160 33 45
160 34 45
160 35 135
160 36 45
160 37 45
160 38 45
160 39 135
160 40 45
160 41 135
160 42 135
160 43 45
160 45 135
160 46 45
160 47 45
160 48 45
160 49 135
160 50 135
160 51 135
160 52 45
160 53 135
160 54 135
160 55 135
160 56 135
160 57 135
160 58 135
160 59 135
160 60 135
160 61 45
160 62 45
160 63 135
160 64 135
160 65 135
160 66 45
160 67 135
160 68 45
160 69 45
160 70 45
160 71 45
160 72 135
160 73 135
160 74 135
160 75 135
160 76 45
160 77 45
160 78 135
160 79 45
160 80 135
160 81 45
160 82 45
160 83 45
160 84 135
160 85 135
160 86 45
160 87 135
160 88 135
160 89 135
160 90 135
160 91 45
160 93 135
160 94 135
160 95 45
160 96 45
160 97 135
160 98 45
160 99 135
160 100 135
160 101 45
160 102 45
160 103 45
160 104 45
160 105 135
160 106 135
160 107 45
160 108 135
160 109 135
160 110 135
160 111 135
160 112 45
160 113 45
160 114 135
160 115 45
160 116 45
160 118 45
160 119 135
160 120 45
160 121 135
160 122 45
160 123 45
160 124 135
160 125 135
160 126 135
160 127 45
160 128 135
160 129 45
160 130 135
160 131 45
160 132 135
160 133 135
160 134 45
160 135 45
160 136 45
160 137 45
160 138 45
160 139 45
160 140 45
160 141 45
160 142 135
160 143 135
160 144 45
160 145 45
160 147 135
160 148 45
160 149 135
160 150 45
160 151 135
160 152 135
160 153 135
160 154 45
160 155 45
160 156 135
160 157 135
160 158 45
160 159 45
160 160 45
160 161 45
160 162 135
160 163 45
160 164 45
160 165 45
160 166 135
160 167 45
160 168 135
160 169 45
160 170 45
160 171 135
160 172 135
160 173 45
160 175 135
160 176 45
160 177 45
160 178 135
160 179 45
160 180 45
160 181 135
160 182 45
160 183 135
160 184 135
160 185 45
160 186 135
160 187 135
160 188 135
160 189 135
160 190 45
160 191 45
160 192 45
160 193 45
160 194 45
160 195 135
160 196 135
160 197 135
160 198 135
160 199 45
161 0 45
161 1 45
161 2 135
161 3 135
161 4 135
161 5 45
161 7 45
161 8 135
161 9 135
161 10 45
161 11 135
161 12 135
161 13 45
161 14 45
161 15 45
161 16 135
161 17 135
161 18 45
161 19 135
161 20 135
161 21 45
161 22 135
161 23 135
161 24 135
161 25 45
161 26 45
161 27 45
161 28 45
161 29 45
161 30 135
161 31 135
161 32 135
161 33 45
161 34 135
161 35 135
161 36 45
161 37 45
161 38 135
161 39 135
161 40 135
161 42 135
161 43 135
161 44 45
161 45 45
161 46 135
161 47 45
161 48 135
161 49 45
161 50 45
161 51 135
161 52 135
161 53 135
161 54 45
161 55 45
161 56 135
161 57 135
161 58 135
161 59 45
161 60 135
161 61 135
161 62 135
161 63 135
161 64 135
161 65 45
161 66 45
161 67 135
161 68 135
161 69 45
161 70 135
161 71 135
161 72 135
161 73 45
161 74 45
161 75 135
161 76 135
161 77 135
161 78 135
161 79 45
161 81 45
161 82 45
161 83 135
161 84 45
161 85 45
161 86 45
161 87 45
161 88 45
161 89 45
161 90 135
161 91 135
161 92 45
161 93 135
161 94 135
161 95 45
161 96 135
161 97 45
161 98 135
161 99 135
161 100 45
161 101 45
161 102 135
161 103 45
161 104 135
161 105 45
161 106 45
161 107 45
161 108 45
161 109 135
161 110 45
161 111 45
161 112 135
161 113 45
161 114 45
161 115 135
161 116 45
161 117 45
161 118 135
161 119 45
161 120 45
161 121 45
161 122 135
161 123 45
161 124 45
161 125 45
161 126 135
161 127 135
161 128 135
161 129 135
161 130 135
161 131 135
161 132 135
161 133 135
161 134 45
161 135 45
161 136 135
161 137 135
161 138 45
161 139 45
161 140 135
161 141 135
161 143 45
161 144 135
161 145 45
161 147 45
161 148 45
161 149 135
161 150 135
161 151 135
161 152 135
161 153 135
161 154 45
161 155 135
161 156 135
161 157 45
161 158 135
161 159 135
161 160 135
161 161 135
161 162 45
161 163 45
161 164 135
161 165 135
161 166 135
161 167 135
161 168 45
161 169 45
161 170 45
161 171 135
161 172 135
161 173 135
161 174 135
161 175 135
161 176 135
161 177 45
161 178 45
161 179 45
161 180 135
161 181 45
161 182 135
161 183 135
161 184 45
161 185 135
161 186 135
161 187 45
161 188 135
161 189 45
161 190 135
161 191 45
161 192 135
161 193 45
161 194 135
161 195 45
161 196 135
161 197 45
161 198 45
161 199 45
162 0 135
162 1 45
162 2 45
162 3 45
162 4 135
162 5 45
162 6 135
162 7 135
162 8 135
162 9 135
162 10 135
162 11 45
162 12 135
162 13 45
162 14 135
162 15 135
162 16 135
162 17 45
162 18 45
162 19 135
162 20 135
162 21 135
162 22 135
162 23 135
162 24 135
162 25 45
162 26 135
162 27 135
162 28 135
162 29 45
162 30 135
162 31 45
162 32 135
162 33 135
162 34 135
162 35 45
162 36 135
162 37 135
162 38 135
162 39 135
162 40 135
162 41 135
162 42 45
162 43 45
162 44 135
162 45 45
162 46 135
162 47 45
162 48 45
162 49 135
162 50 135
162 51 135
162 52 135
162 53 45
162 54 135
162 55 45
162 56 45
162 57 45
162 58 135
162 59 45
162 60 45
162 61 45
162 62 45
162 63 135
162 64 135
162 65 135
162 66 45
162 67 45
162 68 45
162 69 135
162 70 135
162 71 45
162 72 135
162 73 45
162 74 45
162 75 135
162 76 45
162 77 45
162 78 45
162 79 135
162 80 45
162 81 45
162 82 135
162 83 135
162 84 45
162 85 135
162 86 45
162 87 135
162 88 45
162 89 45
162 90 45
162 91 45
162 92 45
162 93 45
162 94 45
162 95 45
162 96 135
162 97 135
162 98 135
162 99 135
162 100 135
162 101 135
162 102 45
162 103 45
162 104 135
162 105 135
162 106 135
162 107 135
162 108 45
162 109 45
162 110 135
162 111 45
162 112 135
162 113 135
162 114 45
162 115 135
162 116 135
162 117 45
162 118 135
162 119 135
162 120 45
162 121 45
162 122 135
162 123 45
162 124 135
162 125 45
162 126 45
162 127 135
162 128 45
162 129 45
162 130 45
162 131 45
162 132 45
162 133 135
162 134 45
162 135 45
162 136 45
162 137 135
162 138 135
162 139 45
162 140 45
162 141 45
162 142 135
162 143 135
162 144 45
162 145 135
162 147 45
162 148 135
162 149 135
162 150 45
162 151 135
162 152 45
162 153 45
162 154 135
162 155 45
162 156 45
162 157 135
162 158 135
162 159 135
162 160 45
162 161 45
162 162 135
162 163 135
162 164 45
162 165 45
162 166 45
162 167 45
162 168 135
162 169 45
162 170 45
162 171 45
162 172 135
162 173 45
162 174 135
162 175 135
162 176 135
162 177 45
162 178 45
162 179 45
162 180 45
162 181 45
162 182 135
162 183 135
162 184 135
162 185 45
162 186 45
162 187 45
162 188 45
162 189 135
162 190 135
162 191 45
162 192 45
162 193 45
162 194 45
162 195 45
162 196 135
162 197 135
162 198 135
162 199 45
163 0 135
163 1 45
163 2 45
163 3 45
163 4 135
163 5 135
163 6 45
163 7 135
163 8 135
163 9 45
163 10 135
163 11 135
163 12 45
163 13 135
163 14 45
163 15 135
163 16 45
163 17 135
163 18 45
163 19 135
163 20 45
163 21 135
163 22 45
163 23 135
163 24 45
163 25 135
163 26 135
163 27 135
163 28 135
163 29 135
163 30 135
163 31 45
163 32 45
163 33 45
163 34 135
163 35 135
163 36 135
163 37 45
163 38 45
163 39 45
163 40 135
163 41 135
163 42 45
163 43 45
163 44 135
163 45 45
163 46 135
163 47 45
163 48 135
163 49 45
163 50 135
163 51 135
163 52 135
163 53 45
163 54 135
163 55 135
163 56 45
163 57 45
163 58 135
163 59 135
163 60 135
163 61 135
163 62 135
163 63 135
163 64 135
163 65 45
163 66 45
163 67 45
163 68 135
163 69 135
163 70 45
163 71 45
163 72 135
163 73 135
163 74 45
163 75 135
163 76 45
163 77 135
163 78 45
163 79 135
163 80 135
163 81 45
163 82 45
163 83 135
163 84 45
163 85 135
163 86 45
163 87 135
163 88 45
163 89 45
163 90 45
163 91 45
163 93 45
163 94 45
163 95 135
163 96 45
163 98 135
163 99 45
163 100 45
163 101 135
163 102 45
163 103 45
163 104 45
163 105 45
163 106 135
163 107 45
163 108 45
163 109 45
163 110 45
163 111 45
163 112 45
163 113 135
163 114 135
163 115 45
163 116 45
163 117 45
163 118 135
163 119 45
163 120 45
163 121 135
163 122 45
163 123 45
163 124 135
163 125 135
163 126 135
163 127 45
163 128 45
163 129 45
163 130 135
163 131 45
163 132 135
163 133 135
163 134 45
163 135 135
163 136 135
163 137 135
163 138 135
163 139 135
163 140 135
163 141 45
163 142 45
163 143 45
163 144 135
163 145 135
163 147 45
163 148 45
163 149 135
163 150 135
163 151 135
163 152 135
163 153 45
163 154 45
163 155 45
163 156 45
163 157 135
163 158 45
163 159 135
163 160 45
163 161 135
163 162 45
163 163 135
163 164 135
163 165 135
163 166 45
163 167 45
163 168 45
163 169 45
163 170 45
163 171 135
163 172 45
163 173 135
163 174 45
163 175 45
163 176 135
163 177 135
163 178 135
163 179 45
163 180 135
163 181 135
163 182 135
163 183 135
163 184 135
163 185 135
163 186 135
163 187 45
163 188 45
163 189 45
163 190 45
163 191 45
163 192 135
163 194 45
163 195 45
163 196 135
163 197 45
163 198 45
163 199 135
164 0 45
164 1 135
164 2 135
164 3 45
164 4 135
164 5 135
164 6 45
164 7 135
164 8 45
164 9 45
164 10 135
164 11 135
164 12 135
164 13 45
164 14 135
164 15 135
164 16 45
164 17 45
164 18 135
164 19 135
164 20 45
164 21 135
164 22 135
164 23 135
164 24 45
164 25 135
164 26 45
164 27 45
164 28 45
164 29 45
164 30 45
164 31 135
164 32 135
164 33 135
164 34 135
164 35 135
164 36 45
164 37 135
164 38 135
164 39 45
164 40 135
164 41 45
164 42 135
164 43 45
164 44 135
164 45 45
164 46 135
164 47 45
164 48 45
164 49 45
164 50 45
164 51 45
164 52 135
164 53 45
164 54 135
164 55 45
164 56 45
164 57 135
164 58 45
164 59 45
164 60 135
164 61 135
164 62 135
164 63 135
164 64 45
164 65 45
164 66 45
164 67 45
164 68 135
164 69 45
164 70 45
164 71 135
164 72 135
164 73 45
164 74 45
164 75 45
164 76 135
164 77 135
164 78 135
164 79 45
164 80 45
164 81 135
164 82 45
164 83 45
164 84 45
164 85 135
164 86 135
164 87 45
164 88 45
164 89 45
164 90 135
164 91 45
164 92 135
164 93 135
164 94 45
164 95 45
164 96 135
164 97 135
164 98 45
164 99 135
164 100 45
164 101 135
164 102 45
164 103 135
164 104 135
164 105 45
164 106 135
164 107 45
164 108 45
164 109 135
164 110 45
164 111 45
164 112 45
164 113 45
164 114 45
164 115 45
164 116 135
164 117 135
164 118 45
164 119 135
164 120 135
164 121 45
164 122 135
164 123 135
164 124 45
164 125 45
164 126 45
164 127 135
164 128 135
164 129 135
164 130 135
164 131 45
164 132 45
164 133 45
164 134 135
164 135 45
164 136 45
164 137 45
164 138 45
164 139 45
164 140 135
164 141 45
164 142 45
164 143 45
164 144 45
164 145 135
164 147 45
164 148 135
164 149 45
164 150 45
164 151 45
164 152 45
164 153 45
164 154 45
164 155 135
164 156 45
164 157 135
164 158 135
164 159 45
164 160 135
164 161 135
164 162 135
164 163 135
164 164 135
164 165 45
164 166 45
164 167 135
164 168 135
164 169 135
164 171 45
164 172 135
164 173 135
164 174 135
164 175 135
164 176 135
164 177 135
164 178 135
164 179 45
164 180 135
164 181 135
164 182 45
164 183 45
164 184 135
164 185 135
164 186 135
164 187 45
164 188 45
164 189 135
164 190 135
164 191 45
164 192 135
164 193 45
164 194 45
164 195 135
164 196 135
164 197 45
164 198 135
164 199 45
165 0 135
165 1 135
165 2 135
165 3 45
165 4 135
165 5 135
165 6 45
165 7 45
165 8 45
165 9 135
165 10 45
165 11 45
165 12 135
165 13 45
165 14 45
165 15 135
165 16 135
165 17 135
165 18 45
165 19 45
165 20 135
165 21 135
165 22 135
165 23 45
165 24 135
165 25 45
165 26 135
165 27 45
165 28 45
165 29 45
165 30 45
165 31 45
165 32 45
165 33 135
165 34 135
165 35 45
165 36 45
165 37 135
165 38 135
165 39 135
165 40 135
165 41 45
165 42 135
165 43 135
165 44 45
165 47 135
165 48 45
165 49 135
165 50 45
165 51 135
165 52 135
165 53 45
165 54 135
165 55 135
165 56 135
165 57 135
165 58 45
165 59 45
165 60 45
165 61 135
165 62 135
165 63 135
165 64 45
165 65 135
165 66 135
165 67 45
165 68 45
165 69 45
165 70 135
165 71 45
165 72 45
165 73 135
165 74 135
165 75 135
165 76 135
165 77 135
165 78 45
165 80 45
165 81 45
165 82 45
165 83 135
165 84 135
165 85 135
165 86 135
165 87 135
165 88 135
165 89 135
165 90 45
165 91 45
165 92 135
165 93 45
165 94 135
165 95 135
165 96 135
165 97 135
165 98 45
165 99 45
165 100 45
165 101 135
165 102 45
165 103 45
165 105 135
165 106 135
165 108 45
165 109 45
165 110 45
165 111 45
165 112 45
165 113 45
165 114 135
165 115 45
165 116 45
165 117 135
165 118 45
165 119 45
165 120 45
165 121 135
165 122 45
165 123 45
165 124 45
165 125 135
165 126 135
165 127 135
165 128 45
165 129 135
165 130 135
165 131 135
165 132 135
165 133 45
165 134 45
165 135 45
165 136 135
165 137 135
165 138 45
165 139 135
165 140 45
165 141 45
165 142 45
165 143 135
165 144 45
165 145 45
165 147 45
165 148 135
165 149 45
165 150 135
165 151 45
165 152 45
165 153 135
165 154 45
165 155 135
165 156 135
165 157 45
165 158 45
165 159 45
165 160 135
165 161 45
165 162 45
165 163 135
165 164 45
165 165 45
165 166 135
165 167 45
165 168 45
165 169 45
165 170 45
165 171 135
165 172 45
165 173 45
165 174 135
165 175 45
165 176 45
165 177 45
165 178 45
165 179 135
165 180 135
165 181 45
165 182 135
165 183 45
165 184 135
165 185 45
165 186 135
165 187 45
165 188 45
165 189 135
165 190 45
165 191 135
165 192 45
165 193 45
165 194 45
165 195 45
165 196 135
165 197 45
165 198 135
165 199 45
166 0 45
166 1 45
166 2 45
166 3 45
166 4 45
166 5 135
166 6 45
166 7 135
166 8 135
166 9 135
166 10 135
166 11 45
166 12 45
166 13 45
166 14 135
166 15 45
166 16 45
166 17 135
166 18 45
166 19 45
166 20 45
166 21 135
166 22 45
166 23 45
166 24 135
166 25 45
166 26 45
166 27 45
166 28 135
166 29 45
166 30 135
166 31 45
166 32 135
166 33 45
166 34 135
166 35 135
166 36 45
166 37 135
166 38 45
166 39 135
166 40 135
166 41 45
166 42 45
166 43 135
166 44 45
166 45 135
166 46 45
166 47 45
166 48 45
166 49 135
166 50 45
166 51 135
166 52 45
166 53 45
166 54 135
166 55 45
166 56 135
166 57 45
166 58 135
166 59 45
166 60 45
166 61 45
166 62 135
166 63 45
166 64 135
166 65 45
166 66 135
166 67 135
166 68 45
166 69 135
166 70 45
166 71 135
166 72 135
166 73 135
166 74 45
166 75 135
166 76 45
166 77 45
166 78 45
166 79 135
166 80 45
166 81 135
166 82 135
166 83 45
166 84 135
166 85 135
166 86 135
166 87 135
166 88 135
166 89 135
166 90 135
166 91 45
166 92 45
166 93 135
166 94 135
166 95 135
166 96 135
166 97 45
166 98 135
166 99 135
166 100 135
166 101 45
166 102 45
166 103 135
166 104 45
166 105 135
166 106 135
166 107 135
166 108 45
166 109 135
166 110 45
166 111 45
166 112 45
166 113 135
166 114 45
166 115 45
166 116 45
166 117 45
166 118 135
166 119 45
166 120 135
166 121 45
166 122 45
166 123 135
166 124 45
166 125 45
166 126 45
166 127 45
166 128 45
166 129 135
166 130 45
166 131 45
166 132 45
166 133 135
166 134 135
166 135 135
166 136 45
166 137 135
166 138 135
166 139 135
166 140 135
166 141 45
166 142 135
166 143 135
166 144 45
166 145 135
166 147 45
166 148 135
166 149 135
166 150 45
166 151 135
166 152 45
166 153 45
166 154 135
166 155 45
166 156 45
166 157 45
166 158 45
166 159 135
166 160 45
166 161 45
166 162 135
166 163 135
166 164 135
166 165 45
166 166 135
166 167 135
166 168 45
166 169 45
166 170 135
166 171 135
166 172 45
166 173 135
166 174 45
166 175 45
166 176 45
166 177 45
166 178 135
166 179 135
166 180 45
166 181 45
166 182 45
166 183 45
166 184 45
166 185 135
166 186 45
166 187 45
166 188 135
166 189 135
166 190 135
166 191 45
166 192 135
166 193 45
166 194 45
166 195 45
166 196 135
166 197 135
166 198 45
166 199 45
167 0 135
167 1 135
167 2 135
167 3 135
167 4 45
167 5 45
167 6 135
167 7 45
167 8 135
167 9 45
167 10 45
167 11 45
167 12 45
167 13 135
167 14 135
167 15 135
167 16 135
167 17 135
167 20 45
167 21 135
167 22 45
167 23 45
167 24 45
167 25 135
167 26 135
167 27 45
167 28 135
167 29 45
167 30 45
167 31 45
167 32 135
167 33 135
167 34 45
167 35 45
167 36 45
167 37 135
167 38 45
167 39 135
167 40 135
167 41 45
167 42 45
167 43 135
167 44 45
167 45 135
167 46 135
167 47 45
167 48 45
167 49 135
167 50 45
167 51 135
167 52 45
167 53 135
167 54 135
167 55 45
167 56 135
167 57 45
167 58 45
167 59 45
167 60 45
167 61 135
167 62 135
167 63 45
167 64 135
167 65 135
167 66 45
167 67 135
167 68 45
167 69 135
167 70 45
167 71 45
167 72 45
167 73 45
167 74 45
167 75 45
167 76 135
167 77 45
167 78 135
167 79 135
167 80 135
167 81 45
167 82 135
167 83 135
167 84 45
167 85 135
167 86 135
167 87 135
167 88 45
167 89 45
167 90 135
167 91 135
167 92 45
167 93 135
167 94 45
167 95 45
167 96 45
167 97 45
167 98 45
167 99 135
167 100 135
167 101 45
167 102 135
167 103 45
167 104 135
167 105 135
167 106 45
167 107 135
167 108 135
167 109 45
167 110 135
167 111 45
167 112 45
167 113 135
167 114 45
167 115 135
167 116 135
167 117 45
167 118 45
167 120 135
167 121 135
167 122 45
167 123 135
167 124 45
167 125 135
167 126 45
167 127 135
167 128 45
167 129 45
167 130 135
167 131 135
167 132 135
167 133 45
167 134 45
167 135 45
167 136 45
167 137 135
167 138 45
167 139 135
167 140 135
167 141 45
167 142 135
167 143 135
167 144 135
167 145 45
167 146 135
167 154 135
167 155 135
167 156 135
167 157 45
167 158 135
167 159 45
167 160 45
167 161 135
167 162 45
167 163 135
167 164 135
167 165 135
167 166 45
167 167 135
167 168 135
167 169 45
167 170 135
167 171 135
167 172 135
167 173 45
167 174 45
167 175 135
167 176 45
167 177 135
167 178 135
167 179 45
167 180 45
167 181 45
167 182 135
167 183 45
167 184 135
167 185 135
167 186 135
167 187 45
167 188 135
167 189 45
167 190 135
167 191 45
167 192 135
167 193 135
167 194 45
167 195 135
167 196 135
167 197 45
167 198 45
167 199 45
168 1 45
168 2 45
168 3 135
168 4 45
168 5 135
168 6 45
168 7 45
168 8 135
168 9 135
168 10 135
168 11 135
168 12 135
168 13 45
168 14 135
168 15 45
168 16 135
168 17 45
168 18 135
168 19 135
168 20 45
168 21 135
168 22 135
168 23 135
168 24 45
168 25 135
168 26 45
168 27 45
168 28 45
168 29 45
168 30 45
168 31 135
168 32 45
168 33 45
168 34 135
168 35 135
168 36 45
168 37 135
168 38 135
168 39 45
168 40 45
168 41 45
168 42 45
168 43 135
168 44 45
168 45 45
168 46 135
168 47 135
168 48 45
168 49 135
168 50 45
168 51 135
168 52 45
168 53 135
168 54 135
168 55 135
168 56 45
168 57 45
168 58 135
168 59 135
168 60 135
168 61 135
168 62 45
168 63 135
168 64 45
168 65 135
168 66 45
168 67 135
168 68 45
168 69 135
168 70 45
168 71 45
168 72 135
168 74 45
168 75 45
168 76 135
168 77 45
168 78 45
168 79 45
168 80 45
168 81 45
168 82 45
168 83 45
168 84 135
168 85 135
168 86 135
168 87 135
168 88 45
168 89 45
168 90 45
168 91 135
168 92 135
168 93 135
168 94 45
168 95 135
168 97 45
168 98 45
168 99 135
168 100 135
168 101 135
168 102 135
168 103 135
168 104 45
168 105 45
168 106 135
168 107 45
168 108 135
168 109 45
168 110 135
168 111 135
168 112 135
168 113 135
168 114 135
168 115 135
168 116 135
168 117 45
168 118 135
168 119 135
168 120 45
168 121 135
168 122 135
168 123 135
168 124 45
168 125 45
168 126 135
168 127 135
168 128 135
168 129 135
168 130 45
168 131 45
168 132 45
168 133 45
168 134 135
168 135 135
168 136 45
168 137 135
168 138 135
168 139 45
168 140 45
168 141 45
168 142 45
168 143 135
168 144 45
168 145 135
168 146 135
168 147 45
168 148 135
168 149 45
168 150 135
168 151 45
168 152 135
168 153 45
168 155 45
168 156 45
168 157 45
168 158 45
168 159 135
168 160 45
168 161 135
168 162 45
168 163 135
168 164 135
168 165 135
168 166 45
168 167 135
168 168 45
168 169 45
168 170 135
168 171 45
168 172 135
168 173 135
168 174 45
168 175 45
168 176 45
168 177 45
168 178 45
168 179 45
168 180 135
168 181 135
168 182 135
168 183 135
168 184 45
168 185 45
168 186 135
168 187 45
168 188 45
168 189 135
168 190 135
168 191 45
168 192 45
168 193 135
168 194 135
168 195 45
168 196 135
168 197 135
168 198 135
168 199 45
169 0 135
169 1 135
169 2 45
169 3 45
169 4 45
169 5 135
169 6 135
169 7 45
169 8 135
169 9 135
169 10 135
169 11 135
169 12 45
169 13 135
169 14 135
169 15 45
169 16 135
169 17 135
169 18 135
169 19 135
169 20 135
169 22 45
169 23 135
169 24 135
169 25 45
169 26 45
169 27 135
169 28 135
169 29 135
169 30 135
169 31 45
169 32 45
169 33 45
169 34 45
169 35 135
169 36 45
169 37 45
169 38 135
169 39 45
169 40 45
169 41 135
169 42 135
169 43 135
169 44 45
169 45 45
169 46 135
169 47 135
169 48 135
169 49 135
169 50 45
169 51 135
169 52 135
169 53 45
169 54 135
169 55 45
169 56 135
169 57 45
169 58 45
169 59 45
169 60 45
169 61 45
169 62 135
169 63 45
169 64 45
169 65 135
169 66 45
169 67 135
169 68 135
169 69 135
169 70 135
169 71 45
169 72 45
169 73 135
169 74 45
169 75 135
169 76 135
169 77 135
169 78 45
169 79 135
169 80 135
169 81 45
169 82 135
169 83 45
169 84 45
169 85 45
169 86 45
169 87 45
169 88 45
169 89 45
169 90 45
169 91 135
169 92 135
169 93 45
169 94 135
169 95 45
169 96 135
169 97 45
169 98 45
169 99 135
169 100 135
169 101 135
169 102 135
169 103 135
169 104 135
169 105 135
169 106 135
169 107 45
169 108 45
169 109 135
169 110 45
169 111 135
169 112 135
169 113 45
169 114 45
169 115 135
169 116 45
169 117 45
169 118 45
169 119 135
169 120 135
169 121 45
169 122 45
169 123 45
169 124 45
169 125 135
169 126 45
169 127 45
169 128 135
169 129 45
169 130 45
169 131 135
169 132 45
169 133 135
169 134 45
169 135 45
169 136 135
169 137 135
169 138 45
169 139 135
169 140 45
169 141 45
169 142 45
169 143 45
169 144 135
169 145 135
169 146 135
169 147 135
169 148 135
169 149 45
169 150 135
169 151 45
169 152 135
169 153 45
169 155 135
169 156 135
169 157 135
169 158 135
169 159 45
169 160 45
169 161 135
169 162 135
169 163 135
169 164 135
169 165 135
169 166 45
169 167 45
169 168 45
169 169 135
169 170 135
169 171 135
169 172 135
169 173 135
169 174 135
169 176 135
169 177 45
169 178 135
169 179 45
169 180 135
169 181 45
169 182 45
169 183 45
169 184 135
169 185 135
169 186 45
169 187 135
169 188 45
169 189 45
169 190 135
169 191 135
169 192 45
169 193 45
169 194 45
169 195 45
169 196 45
169 197 45
169 198 45
169 199 135
170 0 135
170 1 135
170 2 45
170 3 45
170 4 135
170 5 45
170 6 135
170 7 45
170 8 135
170 9 135
170 10 45
170 11 135
170 12 45
170 13 45
170 14 45
170 15 135
170 16 45
170 17 45
170 18 45
170 19 45
170 20 45
170 21 45
170 22 135
170 23 135
170 24 135
170 25 135
170 26 45
170 27 135
170 28 135
170 29 45
170 30 135
170 31 135
170 32 45
170 33 135
170 34 45
170 35 135
170 36 45
170 37 135
170 38 135
170 39 45
170 40 135
170 41 45
170 42 135
170 43 135
170 44 45
170 45 45
170 46 45
170 47 135
170 48 45
170 49 45
170 50 135
170 51 45
170 52 135
170 53 135
170 54 45
170 55 135
170 56 45
170 57 135
170 58 45
170 59 135
170 60 135
170 61 135
170 62 45
170 63 135
170 64 45
170 65 45
170 66 45
170 67 135
170 68 45
170 70 45
170 71 135
170 72 45
170 73 135
170 74 45
170 75 135
170 76 135
170 77 135
170 78 135
170 79 45
170 80 45
170 81 135
170 82 135
170 83 45
170 84 135
170 85 45
170 86 45
170 87 135
170 88 45
170 89 45
170 90 45
170 91 45
170 92 135
170 93 45
170 94 135
170 95 135
170 96 45
170 97 135
170 98 45
170 99 135
170 100 45
170 101 45
170 102 135
170 103 45
170 104 135
170 105 45
170 106 135
170 107 45
170 108 135
170 109 45
170 110 45
170 111 45
170 112 45
170 113 45
170 114 45
170 115 135
170 116 135
170 117 135
170 118 45
170 119 45
170 120 135
170 121 135
170 122 135
170 123 135
170 124 45
170 125 135
170 126 45
170 127 135
170 128 135
170 129 135
170 130 135
170 131 135
170 132 45
170 133 135
170 134 135
170 135 135
170 136 135
170 137 45
170 138 45
170 139 135
170 140 135
170 141 45
170 142 135
170 143 45
170 144 135
170 145 45
170 146 135
170 147 45
170 148 45
170 149 45
170 150 45
170 151 135
170 152 135
170 153 45
170 155 45
170 156 135
170 157 45
170 158 45
170 159 135
170 160 45
170 161 45
170 162 45
170 163 45
170 164 45
170 165 135
170 166 135
170 167 135
170 168 45
170 169 45
170 170 45
170 171 45
170 172 45
170 173 45
170 174 135
170 175 135
170 176 45
170 177 135
170 178 135
170 179 135
170 180 45
170 181 45
170 182 45
170 183 45
170 184 135
170 185 135
170 186 45
170 187 135
170 188 135
170 189 45
170 191 45
170 192 45
170 193 135
170 194 135
170 195 135
170 196 45
170 197 45
170 198 135
170 199 45
171 0 135
171 1 135
171 2 45
171 3 45
171 4 135
171 5 45
171 6 135
171 7 45
171 8 45
171 9 135
171 10 45
171 11 45
171 12 45
171 13 135
171 14 45
171 15 135
171 16 135
171 17 45
171 18 135
171 19 45
171 20 45
171 21 45
171 22 135
171 23 45
171 24 135
171 25 135
171 26 135
171 27 135
171 28 135
171 29 45
171 30 135
171 31 45
171 32 45
171 33 135
171 34 135
171 35 135
171 36 45
171 37 135
171 38 45
171 39 45
171 40 45
171 41 45
171 42 135
171 43 135
171 44 135
171 45 135
171 46 135
171 47 45
171 48 135
171 49 45
171 50 45
171 51 45
171 52 45
171 53 45
171 54 45
171 55 45
171 56 45
171 57 45
171 58 135
171 59 45
171 60 135
171 61 45
171 62 45
171 63 45
171 64 135
171 65 135
171 66 135
171 67 135
171 68 135
171 69 45
171 70 135
171 71 45
171 72 135
171 73 135
171 74 135
171 75 45
171 76 135
171 77 135
171 78 45
171 79 45
171 80 45
171 81 135
171 82 45
171 83 135
171 84 135
171 85 135
171 86 135
171 87 45
171 88 45
171 89 45
171 90 135
171 91 135
171 92 135
171 93 45
171 94 135
171 95 45
171 96 135
171 97 135
171 98 45
171 99 45
171 100 45
171 101 135
171 102 135
171 103 135
171 104 45
171 105 135
171 106 135
171 107 135
171 108 45
171 109 135
171 110 135
171 111 135
171 112 135
171 113 135
171 114 45
171 115 135
171 116 45
171 117 45
171 118 45
171 119 45
171 120 45
171 121 45
171 122 45
171 123 135
171 124 45
171 125 45
171 126 135
171 127 135
171 128 45
171 129 45
171 130 45
171 131 135
171 132 45
171 133 135
171 134 45
171 135 45
171 136 45
171 137 135
171 138 45
171 139 135
171 140 135
171 141 45
171 142 45
171 143 135
171 144 135
171 145 135
171 146 135
171 147 45
171 148 135
171 149 45
171 150 135
171 151 135
171 152 45
171 153 45
171 155 45
171 156 45
171 157 135
171 158 135
171 159 135
171 160 135
171 161 45
171 162 45
171 164 45
171 165 135
171 166 45
171 167 135
171 168 135
171 169 45
171 170 45
171 171 135
171 172 135
171 173 45
171 174 135
171 175 135
171 176 135
171 177 45
171 178 135
171 179 45
171 180 135
171 181 135
171 182 45
171 183 135
171 184 45
171 185 135
171 186 45
171 187 135
171 188 45
171 189 45
171 190 135
171 191 135
171 192 45
171 193 135
171 194 135
171 195 45
171 196 45
171 197 45
171 198 45
171 199 135
172 0 135
172 1 45
172 2 45
172 3 45
172 4 135
172 5 135
172 6 45
172 7 45
172 8 135
172 9 135
172 10 45
172 11 135
172 12 45
172 13 45
172 14 135
172 15 135
172 16 135
172 17 135
172 18 45
172 19 135
172 20 45
172 21 135
172 22 45
172 23 135
172 24 45
172 25 135
172 26 45
172 27 135
172 28 45
172 29 45
172 30 45
172 31 135
172 32 45
172 33 135
172 34 45
172 35 45
172 36 45
172 37 45
172 38 135
172 39 135
172 40 135
172 41 45
172 42 135
172 43 135
172 44 135
172 45 135
172 46 45
172 47 135
172 48 45
172 49 45
172 50 135
172 51 45
172 52 135
172 53 135
172 54 45
172 55 135
172 56 45
172 57 45
172 58 135
172 59 135
172 60 45
172 61 135
172 62 45
172 63 45
172 64 135
172 65 135
172 66 135
172 67 45
172 68 45
172 69 45
172 70 45
172 71 45
172 72 135
172 73 135
172 74 135
172 75 135
172 76 135
172 77 45
172 78 45
172 79 135
172 80 45
172 81 45
172 82 135
172 83 135
172 84 45
172 86 45
172 87 45
172 88 135
172 89 45
172 90 45
172 91 45
172 92 135
172 93 135
172 94 135
172 95 45
172 96 45
172 97 45
172 98 135
172 99 135
172 100 45
172 101 45
172 102 135
172 103 45
172 104 135
172 105 45
172 106 45
172 107 135
172 108 45
172 109 45
172 110 45
172 111 135
172 112 45
172 113 135
172 114 135
172 115 135
172 116 135
172 117 45
172 118 45
172 119 135
172 120 45
172 121 135
172 123 135
172 124 135
172 125 45
172 126 45
172 127 45
172 128 135
172 129 45
172 130 135
172 131 45
172 132 45
172 133 45
172 134 45
172 135 135
172 136 45
172 137 135
172 138 135
172 139 45
172 141 135
172 142 135
172 143 135
172 144 135
172 145 45
172 146 135
172 147 135
172 148 135
172 149 45
172 150 45
172 151 135
172 152 135
172 153 135
172 155 45
172 156 45
172 157 135
172 158 135
172 159 45
172 160 135
172 161 135
172 162 45
172 163 135
172 164 135
172 165 135
172 166 135
172 167 135
172 168 135
172 169 135
172 170 135
172 171 45
172 172 135
172 173 45
172 174 135
172 175 45
172 176 135
172 177 135
172 178 45
172 179 45
172 180 45
172 181 135
172 182 45
172 183 135
172 184 45
172 185 45
172 186 45
172 187 45
172 188 45
172 189 45
172 190 135
172 191 135
172 192 45
172 193 45
172 194 135
172 195 45
172 196 45
172 197 135
172 198 45
172 199 45
173 0 135
173 1 135
173 2 135
173 3 135
173 4 45
173 5 45
173 6 45
173 7 45
173 8 45
173 9 135
173 10 45
173 11 45
173 12 135
173 13 135
173 14 45
173 15 45
173 16 45
173 17 45
173 18 45
173 19 45
173 20 135
173 21 135
173 22 135
173 23 135
173 24 45
173 25 135
173 26 135
173 27 45
173 28 45
173 29 135
173 30 135
173 31 45
173 32 135
173 33 45
173 34 45
173 35 135
173 36 45
173 37 135
173 38 135
173 39 135
173 40 45
173 41 45
173 42 45
173 43 45
173 44 135
173 45 135
173 46 135
173 47 45
173 48 45
173 49 45
173 50 45
173 51 45
173 52 45
173 53 45
173 54 135
173 55 135
173 56 45
173 57 135
173 58 135
173 59 45
173 60 135
173 61 135
173 62 45
173 63 45
173 64 45
173 65 135
173 66 135
173 67 45
173 68 45
173 69 45
173 70 45
173 71 135
173 72 45
173 73 45
173 74 45
173 75 45
173 76 45
173 77 135
173 78 135
173 79 45
173 80 45
173 81 135
173 82 135
173 83 135
173 84 135
173 85 45
173 86 45
173 87 135
173 88 45
173 89 135
173 90 135
173 91 135
173 92 135
173 93 135
173 94 135
173 95 45
173 96 45
173 97 135
173 98 45
173 99 45
173 100 45
173 101 45
173 102 45
173 103 135
173 104 45
173 105 45
173 106 45
173 107 45
173 108 45
173 109 135
173 110 45
173 111 45
173 112 45
173 113 135
173 114 45
173 115 45
173 116 45
173 117 45
173 119 45
173 120 45
173 121 135
173 122 135
173 123 45
173 124 135
173 125 135
173 126 45
173 127 45
173 128 45
173 129 45
173 130 45
173 131 135
173 132 135
173 133 45
173 134 45
173 135 45
173 136 135
173 137 135
173 138 135
173 139 135
173 140 135
173 141 135
173 142 45
173 143 135
173 144 135
173 145 135
173 146 45
173 147 45
173 148 45
173 149 45
173 150 135
173 151 135
173 152 45
173 153 135
173 154 135
173 157 135
173 158 45
173 159 45
173 179 135
173 180 45
173 181 135
173 182 135
173 183 45
173 184 45
173 185 45
173 186 45
173 187 45
173 188 45
173 189 45
173 190 135
173 191 135
173 192 135
173 193 135
173 194 135
173 195 135
173 196 45
173 197 45
173 198 135
173 199 135
174 0 45
174 1 135
174 2 135
174 3 45
174 4 45
174 5 45
174 6 45
174 7 135
174 8 135
174 9 135
174 10 135
174 11 45
174 12 45
174 13 135
174 14 45
174 15 135
174 17 45
174 18 45
174 19 135
174 20 135
174 21 135
174 22 135
174 23 135
174 24 135
174 25 135
174 26 135
174 27 45
174 28 135
174 29 135
174 30 135
174 31 135
174 32 135
174 33 135
174 34 135
174 35 135
174 36 45
174 37 45
174 38 135
174 39 45
174 40 135
174 41 45
174 42 45
174 43 45
174 44 45
174 45 135
174 46 45
174 47 45
174 48 45
174 49 135
174 50 135
174 51 45
174 52 135
174 53 135
174 54 45
174 55 135
174 56 135
174 57 135
174 58 45
174 59 135
174 60 45
174 61 135
174 62 45
174 63 135
174 64 45
174 65 45
174 66 45
174 67 135
174 68 135
174 69 135
174 70 135
174 71 135
174 72 135
174 73 45
174 74 135
174 75 45
174 76 135
174 77 135
174 78 45
174 79 135
174 80 45
174 81 135
174 82 135
174 83 45
174 84 45
174 85 135
174 86 45
174 87 135
174 88 135
174 89 135
174 90 135
174 91 135
174 92 135
174 93 135
174 94 45
174 95 45
174 96 45
174 97 135
174 98 45
174 99 135
174 100 45
174 101 45
174 102 45
174 103 45
174 104 45
174 105 135
174 106 135
174 107 45
174 108 45
174 109 135
174 110 135
174 111 135
174 112 45
174 113 45
174 114 135
174 115 45
174 117 45
174 118 135
174 119 135
174 120 45
174 121 45
174 122 135
174 123 135
174 124 135
174 125 45
174 126 135
174 127 45
174 128 45
174 129 135
174 130 45
174 131 45
174 132 135
174 133 135
174 134 135
174 135 45
174 136 135
174 137 45
174 138 135
174 139 135
174 140 45
174 141 45
174 142 45
174 143 135
174 144 135
174 145 135
174 146 45
174 147 45
174 148 45
174 149 135
174 150 135
174 151 45
174 152 45
174 153 45
174 154 135
174 155 45
174 156 45
174 157 135
174 159 45
174 160 135
174 161 135
174 162 45
174 163 45
174 164 45
174 165 135
174 166 45
174 167 45
174 168 135
174 169 45
174 170 135
174 171 135
174 172 45
174 173 45
174 174 45
174 175 45
174 176 135
174 177 135
174 178 45
174 179 135
174 193 135
174 194 135
174 195 45
174 197 135
174 198 135
174 199 45
175 0 45
175 1 135
175 2 135
175 3 45
175 4 135
175 5 45
175 6 135
175 7 135
175 8 135
175 9 135
175 10 45
175 11 45
175 12 45
175 13 135
175 14 45
175 15 135
175 16 135
175 17 45
175 18 45
175 19 45
175 20 135
175 21 45
175 22 135
175 23 135
175 24 45
175 25 135
175 26 45
175 27 45
175 28 135
175 29 135
175 30 135
175 31 45
175 32 45
175 33 45
175 34 45
175 35 45
175 36 135
175 37 45
175 38 45
175 39 45
175 40 45
175 41 135
175 42 135
175 43 135
175 44 135
175 45 45
175 46 45
175 47 45
175 48 45
175 49 135
175 50 135
175 51 45
175 52 45
175 53 135
175 54 135
175 55 45
175 56 135
175 57 135
175 58 135
175 59 45
175 60 45
175 61 135
175 62 45
175 63 45
175 64 135
175 65 135
175 66 135
175 67 135
175 68 135
175 69 45
175 70 135
175 71 45
175 72 135
175 73 135
175 74 45
175 75 45
175 76 45
175 77 135
175 78 45
175 79 45
175 80 45
175 81 45
175 82 45
175 83 135
175 84 45
175 85 45
175 86 135
175 87 135
175 88 45
175 89 135
175 90 45
175 91 135
175 92 135
175 93 45
175 94 135
175 95 135
175 96 45
175 98 135
175 99 135
175 100 135
175 101 45
175 102 135
175 103 45
175 104 45
175 105 135
175 106 45
175 107 45
175 108 135
175 109 45
175 110 135
175 111 45
175 112 45
175 113 45
175 114 45
175 115 135
175 116 45
175 117 135
175 118 45
175 119 135
175 120 135
175 121 45
175 122 45
175 123 45
175 124 135
175 125 45
175 126 45
175 127 135
175 128 135
175 129 45
175 130 135
175 132 135
175 133 45
175 134 45
175 135 45
175 136 135
175 137 45
175 138 135
175 139 135
175 140 45
175 141 45
175 142 45
175 143 135
175 144 135
175 145 45
175 146 45
175 147 45
175 148 45
175 149 45
175 150 135
175 151 135
175 152 45
175 153 45
175 154 135
175 155 45
175 156 45
175 157 45
175 158 135
175 159 135
175 160 45
175 161 135
175 162 135
175 163 45
175 164 135
175 165 135
175 166 45
175 167 135
175 168 45
175 169 45
175 170 135
175 171 135
175 172 135
175 173 135
175 174 135
175 175 135
175 176 45
175 177 135
175 178 135
175 179 45
175 180 135
175 181 45
175 182 135
175 183 45
175 184 135
175 185 135
175 186 45
175 187 45
175 188 135
175 189 45
175 190 45
175 191 45
175 192 135
175 194 45
175 195 45
175 196 45
175 197 135
175 198 135
175 199 135
176 0 45
176 1 45
176 2 135
176 3 135
176 4 45
176 5 45
176 6 135
176 7 45
176 8 45
176 9 135
176 10 135
176 11 45
176 12 135
176 13 45
176 14 135
176 15 45
176 16 45
176 17 45
176 18 135
176 19 135
176 20 45
176 21 45
176 22 135
176 23 45
176 24 45
176 25 45
176 26 135
176 27 45
176 28 135
176 29 45
176 30 45
176 31 135
176 32 45
176 33 135
176 34 45
176 35 45
176 36 135
176 37 45
176 38 135
176 39 135
176 40 135
176 41 135
176 42 135
176 43 135
176 44 45
176 45 45
176 46 135
176 47 45
176 48 135
176 49 45
176 50 45
176 51 135
176 52 135
176 53 135
176 54 135
176 55 45
176 56 45
176 57 135
176 58 135
176 59 135
176 60 45
176 61 45
176 62 135
176 63 45
176 64 135
176 65 45
176 66 135
176 67 135
176 68 135
176 69 45
176 70 135
176 71 45
176 72 135
176 73 135
176 74 135
176 75 45
176 76 135
176 77 45
176 78 45
176 79 135
176 80 135
176 81 45
176 82 45
176 83 45
176 84 135
176 85 45
176 86 135
176 87 135
176 88 45
176 89 135
176 90 135
176 91 135
176 92 135
176 93 45
176 94 135
176 95 135
176 96 135
176 97 45
176 98 135
176 99 45
176 100 135
176 101 135
176 102 135
176 103 135
176 104 45
176 105 135
176 106 45
176 107 45
176 108 135
176 109 135
176 110 135
176 111 135
176 113 135
176 114 135
176 115 45
176 116 45
176 117 135
176 118 45
176 119 45
176 120 45
176 121 135
176 122 135
176 123 45
176 124 45
176 125 45
176 126 45
176 127 45
176 128 135
176 129 135
176 130 135
176 131 135
176 132 45
176 133 135
176 134 45
176 135 45
176 136 135
176 137 135
176 138 135
176 140 45
176 141 135
176 142 45
176 143 45
176 144 45
176 145 135
176 146 135
176 147 135
176 148 45
176 149 135
176 150 45
176 151 135
176 152 45
176 153 135
176 154 135
176 155 135
176 156 45
176 157 135
176 158 45
176 159 45
176 160 135
176 161 45
176 162 45
176 163 45
176 164 135
176 166 45
176 167 45
176 168 45
176 169 45
176 170 45
176 171 135
176 172 45
176 173 45
176 174 45
176 175 135
176 176 45
176 177 45
176 178 135
176 179 45
176 180 135
176 181 45
176 182 135
176 183 135
176 184 45
176 185 45
176 186 135
176 187 135
176 188 45
176 189 135
176 190 45
176 191 45
176 192 45
176 194 45
176 195 45
176 196 135
176 197 45
176 198 45
176 199 45
177 0 135
177 1 45
177 2 45
177 3 45
177 4 45
177 5 135
177 6 135
177 7 135
177 8 135
177 9 135
177 10 135
177 11 135
177 12 45
177 13 45
177 14 45
177 15 135
177 16 45
177 17 45
177 18 45
177 19 135
177 20 135
177 21 45
177 22 135
177 23 45
177 24 135
177 25 45
177 26 45
177 27 45
177 28 135
177 29 45
177 30 135
177 31 45
177 32 45
177 33 45
177 34 45
177 35 45
177 36 45
177 37 135
177 38 135
177 39 45
177 40 135
177 41 45
177 42 135
177 43 135
177 44 135
177 45 45
177 46 135
177 47 135
177 48 135
177 49 45
177 50 45
177 51 45
177 52 45
177 53 135
177 54 135
177 55 135
177 56 135
177 57 135
177 58 135
177 59 45
177 60 135
177 61 45
177 62 135
177 63 135
177 64 135
177 65 45
177 66 135
177 67 45
177 68 45
177 69 45
177 70 135
177 71 135
177 72 45
177 73 45
177 74 135
177 75 45
177 76 45
177 77 45
177 78 45
177 79 45
177 80 45
177 81 135
177 82 45
177 83 135
177 84 45
177 85 45
177 86 45
177 87 135
177 88 45
177 89 135
177 90 135
177 91 45
177 92 135
177 93 135
177 94 135
177 95 135
177 96 45
177 97 45
177 98 45
177 99 45
177 100 45
177 101 45
177 102 45
177 103 45
177 104 135
177 105 135
177 106 135
177 107 135
177 108 135
177 109 135
177 110 135
177 111 135
177 112 45
177 113 45
177 114 45
177 115 135
177 116 135
177 117 45
177 118 45
177 119 135
177 120 45
177 121 45
177 122 135
177 123 45
177 125 45
177 126 45
177 127 135
177 128 135
177 129 45
177 130 135
177 131 45
177 132 45
177 133 135
177 134 135
177 135 135
177 136 135
177 137 45
177 138 135
177 139 135
177 140 135
177 141 45
177 142 135
177 143 135
177 144 45
177 145 135
177 146 45
177 147 135
177 148 45
177 149 135
177 150 45
177 151 45
177 152 45
177 153 135
177 154 45
177 155 45
177 156 45
177 157 135
177 158 45
177 159 135
177 160 45
177 161 135
177 162 135
177 163 45
177 164 45
177 165 45
177 166 135
177 167 45
177 168 45
177 169 135
177 170 135
177 171 135
177 172 135
177 173 135
177 174 135
177 175 45
177 176 45
177 177 45
177 179 45
177 180 45
177 181 45
177 182 45
177 183 45
177 184 135
177 185 135
177 186 45
177 187 135
177 188 45
177 189 135
177 190 135
177 191 135
177 192 135
177 194 45
177 195 135
177 196 135
177 197 135
177 198 135
177 199 45
178 0 45
178 1 45
178 2 135
178 3 135
178 4 135
178 5 45
178 6 45
178 7 135
178 8 135
178 9 135
178 10 45
178 11 45
178 12 135
178 13 135
178 14 135
178 15 45
178 16 45
178 17 135
178 18 45
178 19 135
178 20 135
178 21 45
178 22 135
178 23 135
178 24 45
178 25 135
178 26 135
178 27 45
178 28 45
178 29 135
178 30 45
178 31 45
178 32 45
178 33 45
178 34 45
178 35 135
178 36 135
178 37 45
178 38 45
178 39 135
178 40 135
178 41 135
178 42 135
178 43 135
178 44 45
178 45 135
178 46 45
178 47 45
178 48 135
178 49 135
178 50 135
178 51 45
178 52 135
178 53 45
178 54 135
178 55 45
178 56 135
178 57 45
178 58 135
178 59 45
178 60 135
178 61 135
178 62 135
178 63 135
178 64 45
178 65 135
178 66 135
178 67 135
178 68 135
178 69 45
178 70 135
178 72 135
178 73 135
178 74 135
178 75 135
178 76 45
178 77 45
178 78 45
178 79 135
178 80 135
178 81 135
178 82 135
178 83 135
178 84 45
178 85 135
178 86 135
178 87 45
178 88 135
178 89 45
178 90 135
178 91 135
178 92 45
178 93 45
178 94 45
178 95 45
178 96 135
178 97 135
178 98 135
178 99 45
178 100 45
178 101 135
178 102 135
178 103 135
178 104 135
178 105 45
178 106 45
178 107 45
178 108 135
178 109 45
178 110 45
178 111 135
178 112 45
178 113 45
178 114 45
178 115 135
178 116 135
178 117 135
178 118 135
178 119 135
178 120 45
178 121 45
178 122 135
178 123 45
178 124 135
178 125 135
178 126 135
178 127 135
178 128 135
178 129 45
178 130 135
178 131 135
178 132 45
178 133 135
178 134 45
178 135 45
178 136 135
178 137 45
178 138 135
178 139 45
178 140 45
178 141 45
178 142 135
178 143 135
178 144 135
178 145 45
178 146 45
178 147 45
178 148 45
178 149 135
178 150 135
178 151 135
178 152 45
178 153 135
178 154 45
178 155 135
178 156 135
178 157 135
178 158 45
178 159 45
178 160 45
178 161 45
178 162 135
178 163 45
178 164 45
178 165 45
178 166 45
178 167 135
178 168 45
178 169 45
178 170 45
178 171 45
178 172 135
178 173 135
178 174 135
178 175 45
178 176 135
178 177 45
178 178 45
178 179 45
178 180 135
178 181 135
178 182 135
178 183 45
178 184 45
178 185 135
178 186 135
178 187 45
178 188 135
178 189 45
178 191 135
178 192 45
178 194 45
178 195 45
178 196 135
178 197 45
178 198 45
178 199 135
179 0 45
179 1 135
179 2 45
179 3 135
179 4 45
179 5 45
179 6 45
179 7 45
179 8 45
179 9 135
179 10 45
179 11 45
179 12 45
179 13 135
179 14 45
179 15 45
179 16 135
179 17 45
179 18 135
179 19 135
179 20 45
179 21 135
179 22 45
179 23 45
179 24 135
179 25 135
179 26 45
179 27 135
179 28 135
179 29 135
179 30 45
179 31 135
179 32 135
179 33 135
179 34 135
179 35 45
179 36 135
179 37 135
179 38 45
179 39 135
179 40 135
179 41 45
179 42 45
179 43 45
179 44 45
179 45 45
179 46 45
179 47 135
179 48 45
179 49 45
179 50 45
179 51 135
179 52 135
179 53 45
179 54 135
179 55 135
179 56 45
179 57 45
179 58 135
179 59 135
179 60 135
179 61 45
179 62 135
179 63 45
179 64 135
179 65 45
179 66 135
179 67 135
179 68 135
179 70 45
179 71 135
179 72 135
179 74 45
179 75 45
179 76 45
179 77 135
179 78 135
179 79 45
179 80 135
179 81 45
179 82 135
179 83 45
179 84 45
179 85 45
179 86 45
179 87 135
179 88 45
179 89 135
179 90 135
179 91 45
179 92 135
179 93 135
179 94 45
179 95 135
179 96 135
179 97 45
179 98 135
179 99 135
179 100 135
179 101 45
179 102 45
179 103 135
179 104 45
179 105 45
179 106 135
179 107 135
179 108 135
179 109 135
179 110 135
179 111 135
179 112 135
179 113 135
179 114 45
179 115 45
179 116 45
179 117 135
179 119 135
179 120 135
179 121 45
179 122 45
179 123 135
179 124 45
179 125 135
179 126 45
179 127 45
179 128 135
179 129 45
179 130 45
179 132 135
179 133 45
179 134 45
179 135 135
179 136 135
179 137 135
179 138 135
179 139 135
179 140 135
179 141 45
179 142 135
179 143 135
179 144 45
179 145 45
179 146 45
179 147 135
179 148 135
179 149 135
179 150 45
179 151 45
179 152 135
179 153 135
179 154 45
179 155 135
179 156 45
179 157 45
179 158 135
179 159 135
179 160 135
179 161 45
179 162 45
179 163 45
179 164 45
179 165 135
179 166 45
179 167 45
179 168 135
179 169 135
179 170 135
179 171 135
179 172 45
179 173 135
179 174 45
179 175 45
179 176 45
179 178 45
179 179 45
179 180 45
179 181 135
179 182 135
179 183 45
179 184 45
179 185 45
179 186 135
179 187 135
179 188 135
179 189 135
179 190 135
179 191 135
179 192 135
179 193 135
179 199 135
180 0 135
180 1 135
180 2 45
180 3 135
180 4 135
180 5 45
180 6 135
180 7 45
180 8 135
180 9 45
180 10 135
180 11 135
180 12 135
180 13 45
180 14 45
180 15 135
180 16 45
180 17 135
180 18 135
180 19 135
180 20 45
180 21 45
180 22 45
180 23 45
180 24 45
180 25 135
180 26 135
180 27 45
180 28 45
180 29 135
180 30 45
180 31 45
180 32 135
180 33 45
180 34 45
180 35 45
180 36 45
180 37 45
180 38 45
180 39 135
180 40 135
180 41 135
180 42 45
180 43 135
180 44 135
180 45 45
180 46 45
180 47 135
180 48 45
180 49 45
180 50 45
180 51 45
180 52 135
180 53 45
180 54 45
180 55 45
180 56 45
180 57 45
180 58 135
180 59 135
180 60 45
180 61 45
180 62 135
180 63 45
180 64 45
180 65 45
180 66 135
180 67 45
180 68 45
180 69 45
180 70 45
180 71 135
180 72 45
180 73 135
180 74 135
180 75 135
180 76 45
180 77 135
180 78 135
180 79 135
180 80 45
180 81 135
180 82 45
180 83 135
180 84 135
180 85 45
180 86 135
180 87 45
180 88 135
180 89 45
180 90 135
180 91 45
180 92 135
180 93 135
180 94 45
180 95 135
180 96 135
180 97 135
180 98 135
180 99 45
180 100 135
180 101 135
180 102 45
180 103 45
180 104 135
180 105 135
180 106 45
180 107 45
180 108 45
180 109 45
180 110 45
180 111 135
180 112 135
180 113 135
180 114 135
180 115 135
180 116 135
180 117 135
180 119 45
180 120 45
180 121 45
180 122 135
180 123 45
180 124 45
180 125 135
180 126 135
180 127 135
180 128 135
180 129 135
180 130 135
180 131 45
180 132 45
180 133 135
180 134 45
180 135 45
180 136 45
180 137 135
180 138 45
180 139 45
180 140 135
180 141 45
180 142 45
180 143 135
180 144 135
180 145 45
180 146 45
180 147 135
180 148 45
180 149 45
180 150 45
180 151 135
180 152 45
180 153 135
180 154 135
180 155 45
180 156 45
180 157 135
180 158 135
180 159 135
180 160 135
180 161 45
180 162 45
180 163 45
180 164 135
180 165 135
180 166 135
180 167 135
180 168 135
180 169 135
180 170 45
180 171 135
180 172 135
180 173 45
180 174 135
180 175 45
180 176 45
180 177 135
180 178 135
180 179 135
180 180 135
180 181 45
180 182 45
180 183 45
180 184 135
180 185 45
180 186 45
180 187 135
180 188 135
180 189 135
180 190 135
180 191 45
180 192 135
180 193 135
180 194 45
180 195 45
180 196 135
180 197 45
180 198 135
181 0 135
181 1 45
181 2 45
181 3 45
181 4 135
181 5 135
181 6 135
181 7 135
181 8 45
181 9 135
181 10 45
181 11 135
181 12 135
181 13 45
181 14 135
181 15 135
181 16 45
181 17 45
181 18 45
181 19 45
181 20 45
181 21 135
181 22 135
181 23 135
181 24 45
181 25 45
181 26 135
181 27 45
181 28 45
181 29 45
181 30 135
181 31 45
181 32 135
181 33 45
181 34 135
181 35 45
181 36 135
181 37 45
181 38 135
181 39 45
181 40 45
181 41 45
181 42 45
181 43 135
181 44 135
181 45 135
181 46 135
181 47 135
181 48 45
181 49 45
181 50 135
181 51 45
181 52 135
181 53 45
181 54 135
181 55 45
181 56 45
181 57 135
181 58 135
181 59 135
181 60 45
181 61 45
181 62 135
181 63 135
181 64 45
181 65 135
181 66 45
181 67 135
181 68 45
181 69 45
181 70 135
181 71 135
181 72 45
181 73 135
181 74 45
181 75 135
181 76 45
181 77 45
181 78 45
181 79 135
181 80 135
181 81 135
181 82 135
181 83 135
181 84 45
181 85 45
181 86 135
181 87 135
181 88 135
181 89 45
181 90 135
181 91 135
181 92 45
181 93 135
181 94 135
181 95 45
181 96 45
181 97 45
181 98 45
181 99 45
181 100 135
181 101 135
181 103 45
181 104 135
181 105 45
181 106 135
181 107 135
181 108 45
181 109 135
181 110 45
181 111 45
181 112 45
181 113 45
181 114 45
181 115 135
181 116 45
181 117 45
181 118 135
181 119 135
181 120 135
181 121 45
181 122 135
181 123 135
181 124 45
181 125 135
181 126 45
181 127 135
181 128 45
181 129 135
181 130 135
181 131 135
181 132 45
181 133 45
181 134 45
181 135 45
181 136 135
181 137 45
181 138 135
181 139 135
181 140 135
181 141 135
181 142 45
181 143 45
181 144 135
181 145 45
181 146 45
181 147 135
181 148 135
181 149 45
181 150 45
181 151 135
181 152 45
181 153 45
181 154 45
181 155 45
181 156 45
181 157 135
181 159 135
181 160 45
181 161 135
181 162 135
181 163 135
181 164 135
181 165 135
181 166 45
181 167 135
181 168 45
181 169 135
181 170 45
181 171 45
181 172 45
181 173 45
181 174 135
181 175 135
181 176 135
181 177 45
181 178 135
181 180 135
181 181 45
181 182 135
181 183 135
181 184 45
181 185 135
181 186 135
181 187 45
181 188 135
181 189 135
181 190 45
181 191 135
181 192 45
181 193 45
181 194 135
181 195 135
181 196 135
181 197 135
181 198 135
182 0 45
182 1 45
182 2 45
182 3 135
182 4 135
182 5 135
182 6 45
182 7 135
182 8 135
182 9 135
182 10 45
182 11 135
182 12 45
182 13 135
182 14 135
182 15 135
182 16 45
182 17 45
182 18 45
182 19 45
182 20 45
182 21 45
182 22 45
182 23 45
182 24 135
182 25 45
182 26 45
182 27 135
182 28 135
182 29 45
182 30 45
182 31 45
182 32 45
182 33 135
182 34 45
182 35 135
182 36 135
182 37 135
182 38 135
182 39 135
182 40 135
182 41 45
182 42 45
182 43 135
182 44 45
182 45 135
182 46 45
182 47 45
182 48 45
182 49 135
182 50 135
182 51 45
182 52 45
182 53 135
182 54 135
182 55 45
182 56 135
182 57 135
182 58 135
182 59 135
182 60 135
182 61 135
182 62 135
182 63 45
182 64 135
182 65 135
182 66 135
182 67 45
182 68 45
182 69 135
182 70 135
182 71 135
182 72 135
182 73 135
182 74 45
182 75 135
182 76 45
182 77 45
182 78 135
182 79 135
182 80 135
182 81 45
182 82 135
182 83 45
182 84 135
182 85 45
182 86 45
182 87 135
182 88 135
182 89 135
182 90 45
182 91 45
182 92 45
182 93 45
182 94 135
182 95 45
182 96 45
182 97 135
182 98 135
182 99 135
182 100 45
182 101 135
182 102 45
182 103 135
182 104 45
182 105 45
182 106 45
182 107 135
182 108 45
182 109 45
182 110 135
182 111 45
182 112 45
182 113 135
182 114 45
182 115 45
182 116 45
182 117 45
182 118 135
182 119 135
182 120 45
182 121 135
182 122 45
182 123 45
182 124 45
182 125 135
182 126 135
182 127 135
182 128 45
182 129 45
182 130 135
182 131 135
182 132 45
182 133 135
182 134 45
182 135 135
182 136 135
182 137 45
182 138 45
182 139 45
182 140 135
182 141 45
182 142 135
182 143 135
182 144 135
182 145 135
182 146 45
182 147 45
182 148 45
182 149 135
182 150 135
182 151 135
182 152 135
182 153 45
182 154 135
182 155 45
182 156 45
182 157 135
182 158 45
182 159 45
182 160 45
182 161 45
182 162 135
182 163 45
182 164 135
182 165 135
182 166 45
182 167 135
182 168 135
182 169 45
182 170 135
182 171 45
182 172 45
182 173 135
182 174 135
182 175 45
182 176 135
182 177 45
182 178 135
182 179 135
182 180 135
182 181 135
182 182 45
182 183 135
182 184 135
182 185 45
182 186 135
182 187 135
182 188 135
182 189 45
182 190 45
182 191 45
182 192 135
182 193 135
182 194 135
182 195 135
182 196 45
182 197 45
182 198 45
183 0 45
183 1 45
183 2 45
183 3 45
183 4 135
183 5 135
183 6 45
183 7 45
183 8 45
183 9 45
183 10 135
183 11 135
183 12 135
183 13 45
183 14 45
183 15 45
183 16 45
183 17 135
183 18 135
183 19 135
183 20 45
183 21 135
183 22 135
183 23 45
183 24 45
183 25 45
183 26 45
183 27 135
183 28 135
183 29 45
183 30 135
183 31 135
183 32 135
183 33 135
183 34 45
183 35 135
183 36 45
183 37 135
183 38 45
183 39 135
183 40 45
183 41 45
183 42 45
183 43 135
183 44 45
183 45 45
183 46 135
183 47 135
183 48 45
183 49 45
183 50 45
183 51 135
183 52 135
183 53 135
183 54 45
183 55 135
183 56 135
183 57 135
183 58 45
183 59 45
183 60 135
183 61 135
183 62 45
183 63 45
183 64 45
183 65 135
183 66 135
183 67 135
183 68 45
183 69 45
183 70 135
183 71 135
183 72 45
183 73 45
183 74 45
183 75 135
183 76 135
183 77 45
183 78 135
183 79 135
183 81 135
183 82 45
183 83 135
183 84 45
183 85 45
183 86 45
183 87 135
183 88 45
183 89 45
183 90 45
183 91 135
183 92 45
183 93 45
183 94 45
183 95 45
183 96 135
183 97 135
183 98 135
183 99 45
183 100 135
183 101 45
183 102 45
183 103 135
183 104 45
183 105 45
183 106 135
183 107 45
183 108 45
183 109 45
183 110 135
183 111 135
183 112 135
183 113 45
183 114 135
183 115 45
183 116 135
183 117 135
183 118 45
183 119 45
183 120 45
183 121 45
183 122 45
183 123 135
183 124 45
183 125 135
183 126 135
183 127 45
183 128 45
183 129 135
183 130 45
183 131 45
183 132 135
183 133 135
183 134 135
183 135 45
183 136 135
183 137 45
183 138 45
183 139 45
183 140 45
183 141 135
183 142 45
183 143 135
183 144 45
183 145 135
183 146 135
183 147 135
183 148 135
183 149 135
183 150 135
183 151 135
183 152 135
183 153 135
183 154 135
183 155 135
183 156 135
183 157 45
183 158 45
183 159 135
183 161 135
183 162 135
183 163 135
183 164 45
183 165 45
183 166 45
183 167 45
183 168 45
183 169 45
183 170 45
183 171 135
183 172 45
183 173 135
183 174 45
183 175 45
183 176 45
183 177 45
183 178 135
183 179 135
183 180 135
183 181 45
183 182 45
183 183 135
183 184 135
183 185 45
183 186 135
183 187 45
183 188 135
183 189 45
183 190 45
183 191 45
183 192 45
183 193 45
183 194 135
183 195 45
183 196 45
183 197 45
183 198 45
184 0 45
184 1 135
184 2 135
184 3 135
184 4 45
184 5 45
184 6 45
184 7 135
184 8 135
184 9 135
184 10 45
184 11 135
184 12 45
184 13 45
184 14 135
184 15 135
184 16 135
184 17 45
184 18 135
184 19 45
184 20 45
184 21 45
184 22 45
184 23 45
184 24 45
184 25 135
184 26 135
184 27 45
184 28 135
184 29 135
184 30 45
184 31 135
184 32 45
184 33 135
184 34 135
184 35 45
184 36 45
184 37 135
184 38 45
184 39 135
184 40 45
184 41 135
184 42 45
184 43 135
184 44 45
184 45 135
184 46 135
184 48 45
184 49 135
184 50 45
184 51 135
184 52 45
184 53 135
184 54 45
184 55 45
184 56 45
184 57 45
184 58 45
184 59 45
184 60 45
184 61 45
184 62 45
184 63 135
184 64 45
184 65 135
184 67 45
184 68 45
184 69 45
184 70 135
184 71 135
184 72 135
184 73 135
184 74 135
184 75 45
184 76 135
184 77 135
184 78 45
184 79 45
184 80 45
184 81 135
184 82 45
184 83 135
184 84 45
184 85 135
184 86 45
184 87 135
184 88 45
184 89 45
184 90 135
184 92 135
184 93 45
184 94 135
184 95 135
184 96 45
184 97 135
184 98 45
184 99 45
184 100 135
184 101 135
184 102 45
184 103 45
184 104 135
184 105 135
184 106 45
184 107 135
184 108 45
184 109 135
184 110 45
184 111 45
184 112 135
184 113 135
184 114 45
184 115 135
184 116 45
184 117 135
184 118 45
184 119 135
184 121 45
184 122 135
184 123 45
184 124 45
184 125 45
184 126 45
184 127 45
184 128 135
184 129 135
184 130 135
184 131 135
184 132 135
184 133 45
184 134 135
184 135 45
184 136 135
184 137 45
184 138 45
184 139 135
184 140 45
184 141 135
184 142 135
184 143 45
184 144 45
184 145 135
184 146 135
184 147 135
184 148 45
184 149 45
184 150 135
184 151 45
184 152 135
184 153 45
184 154 135
184 155 135
184 156 135
184 157 45
184 158 45
184 159 45
184 160 45
184 161 45
184 162 45
184 163 135
184 164 135
184 165 45
184 166 135
184 167 45
184 168 45
184 169 45
184 170 45
184 171 45
184 172 45
184 173 45
184 174 45
184 175 45
184 176 135
184 177 45
184 178 45
184 179 135
184 180 135
184 181 45
184 182 135
184 183 135
184 184 135
184 185 135
184 186 135
184 187 135
184 188 45
184 189 135
184 190 45
184 191 45
184 192 45
184 193 135
184 194 135
184 195 45
184 196 45
184 197 135
184 198 45
185 0 135
185 1 45
185 2 135
185 3 135
185 4 45
185 5 135
185 6 45
185 7 45
185 8 45
185 9 45
185 10 45
185 11 45
185 12 45
185 13 45
185 14 45
185 15 45
185 16 135
185 17 45
185 18 45
185 19 135
185 20 135
185 21 135
185 22 135
185 23 135
185 24 135
185 25 135
185 26 135
185 27 45
185 28 45
185 29 45
185 30 45
185 31 45
185 32 45
185 33 135
185 34 45
185 35 135
185 36 45
185 37 135
185 38 45
185 39 135
185 40 45
185 41 45
185 42 135
185 43 135
185 44 135
185 45 45
185 46 45
185 47 45
185 48 45
185 49 45
185 50 135
185 51 135
185 52 45
185 53 45
185 54 45
185 55 135
185 56 135
185 57 135
185 58 135
185 60 135
185 61 135
185 62 45
185 63 45
185 64 45
185 65 135
185 66 45
185 67 45
185 68 45
185 69 135
185 70 135
185 71 45
185 72 135
185 73 45
185 74 45
185 75 45
185 76 135
185 77 135
185 78 45
185 79 135
185 80 45
185 81 45
185 82 45
185 83 135
185 84 45
185 85 45
185 86 135
185 88 135
185 89 45
185 90 135
185 91 45
185 92 45
185 93 135
185 94 45
185 95 45
185 96 135
185 97 45
185 98 135
185 99 45
185 100 45
185 101 135
185 102 45
185 103 45
185 104 45
185 105 135
185 106 135
185 107 45
185 108 135
185 109 135
185 110 135
185 111 135
185 112 135
185 113 135
185 114 135
185 115 135
185 116 45
185 117 45
185 118 135
185 119 135
185 120 135
185 121 45
185 122 135
185 123 45
185 124 135
185 125 45
185 126 45
185 127 135
185 128 45
185 129 135
185 130 45
185 131 45
185 132 135
185 133 45
185 134 45
185 135 135
185 136 45
185 137 45
185 138 45
185 139 45
185 140 45
185 141 135
185 142 135
185 143 45
185 144 135
185 145 45
185 146 135
185 147 45
185 148 135
185 149 45
185 150 135
185 151 45
185 152 45
185 153 45
185 154 45
185 155 45
185 156 135
185 157 135
185 158 135
185 159 45
185 160 135
185 161 135
185 162 135
185 163 135
185 164 45
185 165 135
185 166 135
185 167 45
185 168 135
185 169 135
185 170 135
185 171 135
185 172 45
185 173 45
185 174 45
185 175 45
185 176 45
185 177 45
185 178 135
185 179 135
185 180 135
185 181 135
185 182 45
185 183 45
185 184 45
185 185 45
185 186 45
185 187 45
185 188 135
185 189 45
185 190 45
185 191 135
185 192 135
185 193 135
185 194 45
185 195 45
185 196 45
185 197 135
185 198 45
186 0 45
186 1 135
186 2 45
186 3 45
186 4 135
186 5 45
186 6 135
186 7 45
186 8 45
186 9 45
186 10 135
186 11 135
186 12 45
186 13 135
186 14 135
186 15 135
186 16 45
186 17 135
186 18 135
186 19 45
186 20 135
186 21 45
186 22 135
186 23 45
186 24 135
186 25 45
186 26 45
186 27 45
186 28 135
186 29 45
186 30 135
186 31 135
186 32 135
186 33 135
186 34 135
186 35 45
186 36 45
186 37 135
186 38 135
186 39 45
186 40 135
186 41 45
186 42 135
186 43 45
186 44 135
186 45 135
186 46 45
186 47 45
186 48 45
186 49 135
186 50 135
186 51 135
186 52 45
186 53 135
186 54 45
186 55 135
186 56 45
186 57 135
186 58 45
186 59 135
186 60 135
186 61 135
186 62 135
186 63 135
186 64 45
186 65 135
186 66 135
186 67 45
186 68 135
186 69 135
186 70 135
186 71 45
186 72 135
186 73 135
186 74 135
186 75 45
186 76 135
186 77 45
186 78 45
186 79 45
186 80 135
186 81 45
186 82 45
186 83 45
186 84 45
186 85 135
186 86 135
186 87 135
186 88 45
186 89 45
186 90 135
186 91 135
186 92 135
186 93 135
186 94 45
186 95 45
186 96 45
186 97 135
186 98 45
186 99 135
186 100 135
186 101 45
186 102 45
186 103 135
186 104 45
186 105 135
186 106 135
186 107 45
186 108 135
186 109 135
186 110 45
186 111 135
186 112 135
186 113 135
186 114 135
186 115 135
186 116 45
186 117 45
186 118 45
186 119 135
186 120 45
186 121 45
186 122 135
186 123 135
186 124 135
186 125 45
186 126 45
186 127 135
186 128 135
186 129 45
186 130 45
186 131 45
186 132 135
186 133 135
186 134 135
186 135 135
186 136 135
186 137 45
186 138 45
186 139 45
186 140 45
186 141 135
186 142 135
186 143 135
186 144 135
186 145 45
186 146 45
186 147 135
186 148 45
186 150 135
186 151 45
186 152 135
186 153 45
186 154 135
186 155 45
186 156 45
186 157 45
186 158 45
186 159 45
186 160 135
186 161 135
186 162 45
186 163 45
186 164 135
186 165 45
186 166 135
186 167 135
186 168 135
186 169 45
186 170 135
186 171 135
186 172 135
186 173 45
186 174 135
186 175 135
186 176 135
186 177 135
186 178 45
186 179 45
186 180 135
186 181 45
186 182 45
186 183 45
186 184 45
186 185 135
186 186 135
186 187 135
186 188 135
186 189 45
186 190 135
186 191 45
186 192 135
186 193 135
186 194 135
186 195 135
186 196 45
186 197 135
186 198 135
187 0 45
187 1 135
187 2 45
187 3 45
187 4 135
187 5 135
187 6 135
187 7 45
187 8 45
187 9 45
187 10 45
187 11 45
187 12 135
187 13 45
187 14 45
187 15 45
187 16 135
187 17 135
187 18 135
187 19 45
187 20 135
187 21 45
187 22 135
187 23 45
187 24 45
187 25 135
187 26 135
187 27 45
187 28 135
187 29 135
187 30 135
187 31 135
187 32 135
187 33 135
187 34 135
187 35 135
187 36 45
187 37 135
187 38 45
187 39 45
187 40 135
187 41 45
187 42 135
187 43 135
187 44 45
187 45 45
187 46 45
187 47 135
187 48 45
187 49 45
187 50 135
187 51 135
187 52 135
187 53 135
187 54 135
187 55 45
187 56 45
187 57 45
187 58 135
187 59 135
187 60 45
187 61 45
187 62 135
187 63 45
187 64 45
187 65 135
187 66 135
187 67 45
187 68 135
187 69 45
187 70 135
187 71 45
187 72 135
187 73 135
187 74 135
187 75 135
187 76 45
187 77 45
187 78 45
187 79 45
187 80 45
187 81 45
187 82 135
187 83 135
187 84 45
187 85 135
187 86 45
187 87 135
187 88 135
187 89 45
187 90 135
187 91 45
187 92 45
187 93 135
187 94 135
187 95 45
187 96 135
187 97 45
187 98 45
187 99 45
187 100 135
187 101 135
187 102 45
187 103 45
187 104 135
187 105 45
187 106 45
187 107 45
187 108 135
187 109 45
187 110 135
187 111 45
187 112 45
187 113 135
187 114 45
187 115 45
187 116 135
187 117 135
187 118 45
187 119 45
187 120 135
187 121 45
187 122 45
187 123 45
187 124 135
187 125 45
187 126 135
187 127 135
187 128 45
187 129 45
187 130 45
187 131 45
187 132 45
187 133 45
187 134 135
187 135 45
187 136 135
187 137 45
187 138 135
187 139 135
187 140 45
187 141 135
187 142 45
187 143 45
187 144 45
187 145 45
187 146 135
187 147 135
187 148 45
187 149 135
187 150 45
187 151 135
187 152 45
187 153 45
187 154 135
187 155 45
187 156 135
187 157 135
187 158 135
187 159 135
187 160 45
187 161 45
187 162 45
187 163 135
187 164 45
187 165 135
187 167 45
187 168 135
187 169 45
187 170 45
187 171 45
187 172 135
187 173 135
187 174 135
187 175 45
187 176 135
187 177 135
187 178 135
187 179 45
187 180 45
187 181 135
187 183 135
187 184 45
187 185 135
187 186 45
187 187 135
187 188 45
187 189 45
187 190 135
187 191 45
187 192 45
187 193 135
187 194 135
187 195 45
187 196 135
187 197 45
187 198 135
188 0 45
188 1 135
188 2 45
188 3 45
188 4 45
188 5 135
188 6 45
188 7 135
188 9 45
188 10 45
188 11 135
188 12 45
188 13 45
188 14 135
188 15 135
188 16 45
188 17 135
188 18 45
188 19 45
188 20 45
188 21 135
188 22 135
188 23 45
188 24 135
188 25 45
188 26 45
188 27 135
188 28 135
188 29 45
188 30 45
188 31 135
188 32 135
188 33 135
188 34 135
188 35 45
188 36 135
188 37 135
188 38 45
188 39 45
188 40 45
188 41 45
188 42 135
188 43 135
188 44 135
188 45 135
188 46 45
188 47 45
188 48 135
188 49 45
188 50 45
188 51 135
188 52 45
188 53 45
188 54 135
188 55 45
188 56 135
188 57 45
188 58 45
188 59 135
188 60 45
188 61 45
188 62 45
188 63 135
188 64 45
188 65 135
188 66 45
188 67 135
188 68 135
188 69 135
188 70 135
188 71 135
188 72 135
188 73 135
188 74 45
188 75 45
188 76 45
188 77 135
188 78 135
188 79 45
188 80 45
188 81 135
188 82 135
188 83 45
188 84 135
188 85 135
188 86 45
188 87 135
188 88 135
188 89 135
188 90 45
188 91 45
188 92 135
188 93 135
188 94 135
188 95 135
188 96 45
188 97 45
188 98 135
188 99 135
188 100 135
188 101 45
188 102 45
188 103 45
188 104 45
188 105 45
188 106 135
188 107 135
188 108 135
188 109 45
188 110 135
188 111 45
188 112 135
188 113 135
188 114 45
188 115 135
188 116 45
188 117 135
188 118 135
188 119 135
188 120 135
188 121 135
188 122 135
188 123 45
188 124 135
188 125 45
188 126 135
188 128 135
188 129 135
188 130 45
188 131 135
188 132 45
188 133 135
188 134 135
188 135 45
188 136 45
188 137 45
188 138 135
188 139 135
188 140 45
188 141 135
188 142 45
188 143 45
188 144 135
188 145 45
188 146 45
188 147 45
188 148 135
188 149 135
188 150 45
188 151 45
188 152 45
188 153 45
188 154 45
188 155 45
188 156 45
188 157 45
188 158 45
188 159 135
188 160 45
188 161 45
188 162 45
188 163 135
188 164 135
188 165 135
188 166 135
188 167 45
188 168 45
188 169 135
188 170 45
188 171 135
188 172 45
188 173 135
188 174 135
188 175 135
188 176 135
188 177 45
188 178 135
188 179 45
188 180 135
188 181 135
188 182 135
188 183 135
188 184 135
188 185 45
188 186 135
188 187 135
188 188 45
188 189 135
188 190 135
188 191 135
188 192 45
188 193 135
188 194 135
188 196 45
188 197 135
188 198 45
189 0 135
189 1 135
189 2 45
189 3 135
189 4 45
189 5 45
189 6 135
189 7 135
189 8 45
189 9 45
189 10 45
189 11 135
189 12 45
189 13 45
189 14 135
189 15 45
189 16 135
189 17 45
189 18 45
189 19 45
189 20 45
189 21 135
189 22 135
189 23 45
189 24 135
189 25 135
189 26 135
189 27 135
189 28 135
189 29 45
189 30 45
189 31 45
189 32 135
189 33 135
189 34 45
189 35 45
189 36 135
189 37 45
189 38 135
189 39 45
189 40 45
189 41 45
189 42 135
189 43 135
189 44 135
189 45 45
189 46 135
189 47 135
189 48 45
189 49 135
189 50 135
189 51 135
189 52 45
189 53 135
189 54 135
189 55 45
189 56 45
189 57 45
189 58 45
189 59 45
189 60 45
189 61 135
189 62 135
189 63 135
189 64 45
189 65 135
189 66 45
189 67 45
189 68 45
189 69 45
189 70 135
189 71 45
189 72 135
189 73 45
189 74 135
189 75 135
189 76 135
189 77 45
189 78 135
189 79 45
189 80 45
189 81 45
189 82 135
189 83 135
189 84 45
189 85 45
189 86 45
189 87 45
189 88 135
189 89 45
189 90 45
189 92 45
189 93 135
189 94 45
189 95 45
189 96 45
189 97 135
189 98 45
189 99 45
189 100 135
189 101 135
189 102 135
189 103 135
189 104 135
189 105 135
189 106 135
189 107 135
189 108 45
189 109 135
189 110 135
189 111 135
189 112 135
189 113 45
189 114 45
189 115 45
189 116 45
189 117 45
189 118 45
189 119 135
189 120 135
189 121 45
189 122 45
189 123 45
189 124 135
189 125 45
189 126 45
189 127 135
189 128 135
189 129 45
189 130 135
189 131 45
189 132 45
189 133 135
189 134 45
189 135 45
189 136 135
189 137 45
189 138 135
189 139 45
189 140 45
189 141 45
189 142 45
189 143 135
189 144 45
189 145 45
189 146 45
189 147 45
189 148 45
189 149 45
189 150 45
189 151 45
189 152 135
189 153 45
189 154 45
189 155 45
189 156 45
189 157 135
189 158 135
189 159 135
189 160 45
189 161 135
189 162 135
189 163 135
189 164 135
189 165 45
189 166 45
189 168 135
189 169 45
189 170 45
189 171 135
189 172 135
189 173 135
189 174 135
189 175 45
189 176 135
189 177 135
189 178 135
189 179 45
189 180 45
189 181 45
189 182 45
189 183 135
189 184 45
189 185 45
189 186 45
189 187 45
189 188 135
189 189 135
189 190 45
189 191 45
189 192 45
189 193 45
189 194 135
189 195 45
189 196 135
189 197 135
189 198 45
190 0 45
190 1 45
190 2 45
190 3 135
190 4 45
190 5 45
190 6 45
190 7 45
190 8 135
190 9 45
190 10 45
190 11 45
190 12 45
190 13 45
190 14 135
190 15 45
190 16 45
190 17 45
190 18 45
190 19 135
190 20 135
190 21 45
190 22 45
190 23 135
190 24 45
190 25 135
190 26 135
190 27 135
190 28 45
190 29 135
190 30 135
190 31 135
190 32 45
190 33 135
190 34 135
190 35 135
190 36 45
190 37 45
190 38 135
190 39 45
190 40 45
190 41 135
190 42 135
190 43 135
190 44 135
190 45 135
190 46 45
190 47 45
190 48 45
190 49 45
190 50 135
190 51 45
190 52 135
190 53 45
190 54 135
190 55 45
190 56 45
190 57 45
190 58 135
190 59 45
190 60 135
190 61 135
190 62 45
190 63 135
190 64 45
190 65 45
190 66 135
190 67 45
190 68 135
190 69 45
190 70 45
190 71 135
190 72 135
190 73 135
190 74 45
190 75 45
190 76 45
190 77 135
190 78 135
190 79 135
190 80 135
190 81 135
190 82 135
190 84 45
190 85 135
190 86 135
190 87 45
190 88 135
190 89 135
190 90 135
190 91 135
190 92 45
190 93 45
190 94 45
190 95 135
190 96 45
190 97 45
190 98 45
190 99 45
190 100 135
190 101 135
190 102 45
190 103 135
190 104 135
190 105 45
190 106 135
190 107 135
190 108 45
190 109 45
190 110 135
190 111 45
190 112 45
190 113 135
190 114 135
190 115 45
190 116 135
190 117 135
190 118 135
190 119 45
190 120 135
190 121 135
190 122 135
190 123 135
190 124 135
190 125 135
190 126 45
190 127 45
190 128 45
190 130 135
190 131 135
190 132 45
190 133 45
190 134 45
190 135 135
190 136 45
190 137 45
190 138 135
190 139 135
190 140 45
190 141 135
190 142 135
190 143 135
190 144 135
190 145 135
190 146 45
190 147 45
190 148 45
190 149 135
190 150 45
190 151 135
190 152 135
190 153 45
190 154 135
190 155 135
190 156 45
190 157 45
190 158 45
190 159 45
190 160 45
190 161 135
190 162 45
190 163 45
190 164 45
190 165 135
190 166 135
190 167 135
190 168 135
190 169 45
190 170 45
190 171 45
190 172 135
190 173 135
190 174 135
190 175 135
190 176 135
190 177 45
190 178 45
190 179 135
190 180 135
190 182 135
190 183 45
190 184 45
190 185 45
190 186 45
190 187 135
190 188 135
190 189 45
190 190 135
190 191 45
190 192 135
190 193 45
190 194 135
190 195 45
190 196 45
190 197 135
190 198 45
191 0 135
191 1 135
191 2 45
191 3 135
191 4 135
191 5 135
191 6 45
191 7 135
191 8 135
191 9 45
191 10 135
191 11 45
191 12 135
191 13 135
191 14 45
191 15 45
191 16 45
191 17 45
191 18 135
191 19 135
191 20 45
191 21 135
191 22 135
191 23 45
191 24 45
191 25 135
191 26 45
191 27 45
191 28 45
191 29 45
191 30 135
191 31 45
191 32 135
191 33 135
191 34 45
191 35 135
191 36 135
191 37 135
191 38 45
191 39 45
191 40 135
191 41 135
191 42 45
191 43 135
191 44 45
191 45 45
191 46 135
191 47 135
191 48 45
191 49 135
191 50 135
191 51 45
191 52 45
191 53 45
191 54 45
191 55 135
191 56 45
191 57 135
191 58 135
191 59 135
191 60 45
191 61 135
191 62 135
191 63 135
191 64 45
191 65 135
191 66 135
191 67 45
191 68 45
191 69 45
191 70 45
191 71 135
191 72 45
191 73 135
191 74 135
191 75 45
191 76 135
191 77 135
191 78 45
191 79 45
191 80 45
191 81 135
191 82 135
191 83 45
191 84 135
191 85 135
191 86 135
191 87 45
191 88 135
191 89 135
191 90 135
191 91 45
191 92 135
191 93 135
191 94 135
191 95 135
191 96 45
191 97 135
191 98 45
191 99 135
191 100 135
191 101 45
191 102 135
191 103 135
191 104 135
191 105 135
191 106 45
191 107 45
191 108 45
191 109 45
191 110 135
191 111 135
191 112 135
191 113 45
191 114 45
191 115 45
191 116 135
191 117 45
191 118 45
191 119 45
191 120 45
191 121 135
191 122 45
191 123 45
191 124 135
191 125 45
191 126 45
191 127 45
191 128 135
191 129 45
191 130 135
191 131 135
191 132 135
191 133 45
191 134 135
191 135 45
191 136 45
191 137 135
191 138 135
191 139 45
191 140 45
191 141 45
191 142 135
191 143 45
191 144 45
191 145 45
191 146 135
191 147 135
191 148 45
191 149 135
191 150 45
191 151 45
191 152 135
191 153 45
191 154 45
191 155 135
191 156 45
191 157 45
191 158 45
191 159 45
191 160 135
191 161 135
191 162 45
191 163 45
191 164 135
191 165 135
191 166 135
191 167 135
191 168 45
191 169 45
191 170 135
191 171 45
191 172 135
191 173 135
191 174 135
191 175 135
191 176 45
191 177 135
191 178 135
191 179 45
191 180 135
191 181 45
191 182 45
191 183 45
191 184 45
191 185 45
191 186 135
191 187 45
191 188 135
191 189 45
191 190 135
191 191 135
191 192 135
191 193 135
191 194 135
191 195 45
191 196 45
191 197 135
191 198 135
192 0 135
192 1 135
192 2 135
192 3 45
192 4 45
192 5 45
192 6 135
192 7 45
192 8 45
192 9 135
192 10 135
192 11 135
192 12 45
192 13 135
192 14 135
192 15 45
192 16 135
192 17 135
192 18 45
192 19 45
192 20 45
192 22 135
192 23 135
192 24 135
192 25 135
192 26 135
192 27 135
192 28 135
192 29 45
192 30 45
192 31 135
192 32 135
192 33 135
192 34 45
192 35 135
192 36 45
192 37 135
192 38 45
192 39 135
192 40 45
192 41 45
192 42 45
192 43 135
192 44 135
192 45 135
192 46 135
192 47 45
192 48 135
192 49 135
192 50 135
192 51 45
192 52 45
192 53 135
192 54 45
192 55 45
192 56 45
192 57 45
192 58 45
192 59 135
192 60 135
192 61 135
192 62 45
192 63 135
192 64 45
192 65 135
192 66 45
192 67 45
192 68 45
192 69 135
192 70 135
192 71 135
192 72 135
192 73 45
192 74 135
192 75 45
192 76 45
192 77 135
192 78 135
192 79 135
192 80 45
192 81 45
192 82 135
192 83 135
192 84 135
192 85 135
192 86 135
192 87 135
192 88 45
192 89 135
192 90 45
192 91 135
192 92 135
192 93 135
192 94 45
192 95 135
192 96 135
192 97 45
192 98 45
192 99 45
192 100 135
192 101 45
192 102 135
192 103 45
192 104 45
192 105 135
192 106 45
192 107 45
192 108 45
192 109 135
192 110 45
192 111 45
192 112 135
192 113 45
192 114 45
192 115 135
192 116 135
192 117 45
192 118 135
192 119 45
192 120 45
192 121 45
192 122 135
192 123 135
192 124 45
192 125 45
192 126 135
192 127 45
192 128 45
192 129 135
192 130 45
192 131 45
192 132 45
192 133 135
192 134 45
192 135 45
192 136 45
192 137 45
192 138 135
192 139 45
192 140 135
192 141 135
192 142 45
192 143 135
192 144 45
192 145 45
192 146 135
192 147 135
192 148 45
192 149 135
192 150 135
192 151 135
192 152 45
192 153 135
192 155 135
192 156 45
192 157 135
192 158 45
192 159 135
192 160 135
192 161 45
192 162 135
192 163 45
192 164 135
192 165 45
192 166 45
192 167 135
192 168 45
192 169 135
192 170 45
192 171 45
192 172 135
192 173 45
192 174 135
192 175 135
192 176 135
192 177 45
192 178 135
192 179 45
192 180 45
192 181 45
192 182 135
192 183 45
192 184 135
192 185 135
192 186 135
192 187 135
192 188 45
192 189 135
192 190 45
192 191 135
192 192 135
192 193 135
192 194 45
192 195 45
192 196 45
192 197 45
192 198 135
193 0 135
193 1 45
193 2 135
193 3 45
193 4 45
193 5 135
193 6 135
193 7 45
193 8 45
193 9 45
193 10 45
193 11 135
193 12 135
193 13 45
193 14 45
193 15 45
193 16 135
193 17 45
193 18 135
193 19 45
193 20 135
193 21 135
193 22 135
193 23 45
193 24 135
193 25 45
193 26 135
193 27 45
193 28 45
193 29 45
193 30 45
193 31 45
193 32 135
193 33 45
193 34 135
193 35 45
193 36 45
193 37 135
193 38 45
193 39 45
193 40 135
193 41 45
193 42 45
193 43 135
193 44 45
193 45 45
193 46 45
193 47 135
193 48 135
193 49 45
193 50 45
193 51 135
193 52 135
193 53 45
193 54 45
193 55 45
193 56 45
193 57 135
193 58 135
193 59 45
193 60 45
193 61 135
193 62 135
193 63 135
193 64 135
193 65 135
193 66 135
193 67 135
193 68 45
193 69 45
193 70 135
193 71 135
193 72 45
193 73 45
193 74 45
193 75 45
193 76 135
193 77 135
193 78 135
193 79 135
193 80 135
193 81 135
193 82 45
193 83 45
193 84 135
193 85 45
193 86 45
193 87 45
193 88 45
193 89 45
193 90 45
193 91 135
193 92 45
193 93 135
193 94 45
193 95 45
193 96 45
193 97 135
193 98 45
193 99 135
193 100 135
193 101 135
193 102 45
193 103 135
193 104 45
193 105 135
193 106 45
193 107 45
193 108 135
193 109 45
193 110 135
193 111 45
193 112 135
193 113 45
193 114 135
193 115 45
193 116 135
193 117 45
193 118 45
193 119 135
193 120 45
193 121 45
193 122 135
193 123 135
193 124 135
193 125 135
193 126 45
193 127 135
193 128 135
193 129 135
193 130 135
193 131 45
193 132 45
193 133 135
193 134 135
193 135 45
193 136 135
193 137 45
193 138 135
193 139 45
193 140 45
193 141 45
193 142 135
193 143 135
193 144 45
193 145 135
193 146 45
193 147 45
193 148 45
193 149 135
193 150 135
193 151 135
193 152 135
193 153 135
193 154 135
193 155 135
193 156 135
193 157 135
193 158 45
193 159 135
193 160 135
193 161 135
193 162 45
193 163 135
193 164 135
193 165 135
193 166 45
193 167 135
193 168 135
193 169 45
193 170 45
193 171 45
193 172 135
193 173 45
193 174 45
193 175 135
193 176 135
193 177 45
193 178 135
193 179 135
193 180 135
193 181 135
193 182 135
193 183 135
193 184 135
193 185 135
193 186 45
193 187 45
193 188 45
193 189 135
193 190 45
193 191 135
193 192 135
193 193 45
193 194 45
193 195 135
193 196 135
193 197 135
193 198 135
194 0 135
194 1 135
194 2 45
194 3 45
194 4 135
194 5 45
194 6 45
194 7 45
194 8 45
194 9 45
194 10 135
194 11 45
194 12 45
194 13 45
194 14 135
194 15 135
194 16 45
194 17 45
194 18 45
194 19 45
194 20 135
194 21 45
194 22 45
194 23 135
194 24 135
194 25 45
194 26 45
194 27 45
194 28 45
194 29 135
194 30 45
194 31 135
194 32 135
194 33 45
194 34 135
194 35 135
194 36 135
194 37 135
194 38 45
194 39 45
194 40 45
194 41 135
194 42 45
194 43 45
194 44 135
194 45 45
194 46 45
194 47 135
194 48 135
194 49 45
194 50 45
194 51 135
194 52 45
194 53 135
194 54 135
194 55 45
194 56 135
194 57 45
194 58 135
194 59 45
194 60 45
194 61 45
194 62 135
194 63 135
194 64 45
194 65 135
194 66 135
194 67 45
194 68 135
194 69 135
194 70 135
194 71 45
194 72 45
194 73 135
194 74 135
194 75 45
194 76 135
194 77 135
194 78 135
194 79 45
194 80 135
194 81 135
194 82 45
194 83 135
194 84 45
194 85 135
194 86 135
194 87 135
194 88 135
194 89 45
194 90 135
194 91 45
194 92 45
194 93 45
194 94 45
194 95 135
194 96 45
194 98 45
194 99 135
194 100 45
194 101 45
194 102 135
194 103 45
194 104 135
194 105 45
194 106 45
194 107 45
194 108 135
194 109 45
194 110 135
194 111 135
194 112 135
194 113 45
194 114 135
194 115 45
194 116 135
194 117 45
194 118 45
194 119 45
194 120 45
194 121 45
194 122 45
194 123 45
194 124 45
194 125 135
194 126 45
194 127 45
194 128 135
194 129 45
194 130 45
194 131 45
194 132 135
194 133 45
194 134 135
194 135 45
194 136 135
194 137 45
194 138 45
194 139 45
194 140 45
194 141 135
194 142 135
194 143 135
194 144 45
194 145 45
194 146 135
194 147 45
194 148 45
194 149 135
194 150 135
194 151 135
194 152 135
194 153 45
194 154 45
194 155 135
194 156 45
194 157 45
194 158 135
194 159 45
194 160 135
194 161 45
194 162 45
194 163 135
194 164 135
194 165 45
194 166 45
194 167 135
194 168 45
194 169 135
194 170 45
194 171 135
194 172 45
194 173 45
194 174 45
194 175 135
194 176 45
194 177 135
194 178 135
194 179 135
194 180 135
194 181 45
194 182 45
194 183 135
194 184 135
194 185 135
194 186 45
194 187 135
194 188 135
194 189 135
194 190 135
194 191 135
194 192 45
194 193 45
194 194 135
194 195 45
194 196 135
194 197 135
194 198 135
195 0 135
195 1 45
195 2 135
195 3 45
195 4 135
195 5 45
195 6 45
195 7 45
195 8 45
195 9 45
195 10 45
195 11 135
195 12 45
195 13 45
195 14 135
195 15 45
195 16 135
195 17 135
195 18 45
195 19 45
195 20 45
195 21 45
195 22 45
195 23 45
195 24 45
195 25 45
195 26 45
195 27 135
195 28 135
195 29 135
195 30 45
195 31 135
195 32 135
195 33 135
195 34 45
195 35 135
195 37 135
195 38 135
195 39 135
195 40 45
195 41 135
195 42 45
195 43 45
195 44 45
195 45 45
195 46 135
195 47 135
195 48 45
195 49 45
195 51 135
195 52 45
195 53 45
195 54 45
195 55 135
195 56 135
195 57 135
195 58 45
195 59 135
195 60 135
195 61 45
195 62 135
195 63 135
195 64 45
195 65 135
195 66 45
195 67 45
195 68 45
195 69 135
195 70 135
195 71 135
195 72 135
195 73 135
195 74 45
195 75 45
195 76 135
195 77 135
195 78 135
195 79 135
195 80 135
195 81 45
195 82 45
195 83 135
195 84 135
195 85 45
195 86 135
195 87 45
195 88 135
195 89 135
195 90 135
195 91 45
195 92 45
195 93 45
195 94 45
195 95 135
195 96 135
195 97 135
195 98 135
195 99 135
195 100 135
195 101 45
195 102 45
195 103 45
195 104 135
195 105 135
195 106 45
195 107 45
195 108 135
195 109 135
195 110 45
195 111 45
195 112 45
195 113 135
195 114 45
195 115 135
195 116 135
195 117 45
195 118 135
195 119 135
195 120 135
195 121 135
195 122 45
195 123 135
195 124 45
195 125 135
195 126 45
195 127 45
195 128 45
195 129 135
195 130 135
195 131 45
195 132 135
195 133 135
195 134 135
195 135 45
195 136 135
195 137 135
195 138 45
195 139 135
195 140 45
195 141 135
195 142 135
195 143 135
195 144 45
195 145 45
195 146 45
195 147 135
195 148 135
195 149 45
195 150 45
195 151 45
195 152 45
195 153 135
195 154 135
195 155 135
195 156 45
195 157 45
195 158 135
195 159 135
195 160 45
195 161 135
195 162 135
195 163 45
195 164 135
195 165 45
195 166 135
195 167 45
195 168 45
195 169 135
195 170 135
195 171 45
195 172 45
195 173 45
195 174 135
195 175 45
195 176 45
195 177 135
195 178 135
195 179 45
195 180 135
195 181 45
195 182 45
195 183 45
195 184 45
195 185 45
195 186 45
195 187 135
195 188 45
195 189 45
195 190 45
195 191 45
195 192 135
195 193 135
195 194 45
195 195 45
195 196 135
195 197 135
195 198 45
196 0 45
196 1 135
196 2 45
196 3 135
196 4 135
196 5 135
196 6 45
196 7 135
196 8 135
196 9 135
196 10 45
196 11 135
196 12 135
196 13 45
196 14 45
196 15 135
196 16 135
196 17 45
196 18 135
196 19 45
196 20 45
196 21 135
196 22 45
196 23 135
196 25 135
196 26 45
196 27 45
196 28 135
196 29 45
196 30 45
196 31 135
196 32 135
196 33 135
196 34 45
196 35 45
196 36 45
196 37 135
196 38 135
196 39 45
196 40 135
196 41 135
196 42 135
196 43 45
196 44 45
196 45 135
196 46 135
196 47 45
196 48 135
196 49 135
196 50 135
196 51 135
196 52 45
196 53 135
196 54 45
196 55 135
196 56 45
196 57 135
196 58 135
196 59 45
196 60 135
196 61 135
196 62 135
196 63 135
196 64 45
196 65 135
196 66 135
196 67 135
196 68 45
196 69 45
196 70 45
196 71 45
196 72 135
196 73 45
196 74 45
196 75 135
196 76 135
196 77 135
196 78 45
196 79 135
196 80 45
196 81 135
196 82 135
196 83 135
196 84 45
196 85 45
196 86 135
196 87 135
196 88 135
196 89 135
196 90 45
196 91 135
196 92 135
196 93 45
196 94 45
196 95 135
196 96 45
196 97 135
196 98 45
196 99 135
196 100 135
196 101 45
196 102 135
196 103 45
196 104 135
196 105 45
196 106 135
196 107 45
196 108 135
196 109 135
196 110 45
196 111 135
196 112 45
196 113 135
196 114 45
196 115 45
196 116 45
196 117 135
196 118 45
196 119 135
196 120 135
196 121 135
196 122 45
196 123 45
196 124 135
196 125 135
196 126 45
196 127 135
196 128 45
196 129 135
196 130 45
196 131 135
196 132 45
196 133 135
196 134 135
196 135 45
196 136 135
196 137 135
196 138 135
196 139 45
196 140 45
196 141 45
196 142 135
196 143 135
196 144 45
196 145 135
196 146 135
196 147 45
196 148 45
196 149 45
196 150 135
196 151 135
196 152 45
196 153 45
196 154 45
196 155 135
196 156 45
196 157 45
196 158 45
196 159 135
196 160 45
196 161 45
196 162 45
196 163 135
196 164 135
196 165 135
196 166 135
196 167 45
196 168 45
196 169 45
196 170 135
196 171 45
196 172 45
196 173 135
196 174 135
196 175 135
196 176 135
196 177 135
196 178 45
196 179 45
196 180 135
196 181 45
196 182 135
196 183 135
196 184 45
196 185 135
196 186 45
196 187 135
196 188 135
196 189 135
196 190 135
196 191 135
196 192 135
196 193 135
196 194 135
196 195 45
196 196 45
196 197 45
196 198 135
197 0 45
197 1 45
197 2 45
197 3 135
197 4 135
197 5 135
197 6 135
197 7 45
197 8 45
197 9 45
197 10 45
197 11 45
197 12 135
197 13 45
197 14 45
197 15 135
197 16 135
197 17 135
197 18 45
197 19 45
197 20 135
197 21 135
197 22 45
197 23 45
197 24 45
197 25 45
197 26 45
197 27 45
197 28 135
197 29 45
197 30 135
197 31 135
197 32 45
197 33 45
197 34 45
197 35 135
197 36 45
197 37 45
197 38 45
197 39 135
197 40 135
197 41 45
197 42 135
197 43 135
197 44 45
197 45 135
197 46 45
197 47 135
197 48 45
197 49 45
197 50 45
197 51 45
197 52 135
197 53 45
197 54 135
197 55 45
197 56 45
197 57 135
197 58 135
197 59 45
197 60 45
197 61 45
197 62 45
197 63 45
197 64 135
197 65 45
197 66 135
197 67 45
197 68 135
197 69 135
197 70 45
197 71 135
197 72 135
197 73 135
197 74 45
197 75 135
197 76 45
197 77 135
197 78 45
197 79 135
197 80 45
197 81 45
197 82 135
197 83 45
197 84 45
197 85 45
197 86 45
197 87 45
197 88 45
197 89 45
197 90 135
197 91 135
197 92 45
197 93 45
197 94 135
197 95 45
197 96 135
197 97 135
197 98 45
197 99 45
197 100 45
197 101 135
197 102 45
197 103 135
197 104 45
197 105 45
197 106 135
197 107 135
197 108 45
197 109 45
197 110 45
197 111 135
197 112 135
197 113 45
197 114 135
197 115 135
197 116 45
197 117 45
197 118 45
197 119 135
197 120 135
197 121 45
197 122 45
197 123 135
197 124 45
197 125 135
197 126 45
197 127 45
197 128 135
197 129 135
197 130 135
197 131 45
197 133 135
197 134 45
197 135 135
197 136 45
197 137 135
197 138 45
197 139 135
197 140 135
197 141 135
197 142 135
197 143 135
197 144 45
197 145 135
197 146 135
197 147 135
197 148 45
197 149 45
197 150 45
197 151 135
197 152 135
197 153 45
197 154 45
197 155 135
197 156 45
197 157 135
197 158 135
197 159 45
197 160 45
197 161 45
197 162 45
197 163 135
197 164 45
197 165 135
197 166 135
197 167 135
197 168 135
197 169 135
197 170 135
197 171 135
197 172 135
197 173 45
197 174 135
197 175 45
197 176 45
197 177 135
197 178 45
197 179 45
197 180 45
197 181 45
197 182 45
197 183 45
197 184 45
197 185 45
197 186 45
197 187 45
197 188 135
197 189 135
197 190 135
197 191 45
197 192 135
197 193 45
197 194 45
197 195 135
197 196 135
197 197 135
197 198 135
198 0 135
198 1 45
198 2 135
198 3 45
198 4 135
198 5 45
198 6 135
198 7 45
198 8 45
198 9 135
198 10 45
198 11 135
198 12 135
198 13 45
198 14 135
198 15 135
198 16 135
198 17 45
198 18 45
198 19 135
198 20 135
198 21 45
198 22 135
198 23 135
198 24 135
198 25 45
198 26 135
198 27 135
198 28 45
198 29 45
198 30 45
198 31 45
198 32 135
198 33 135
198 34 135
198 35 45
198 36 135
198 37 45
198 38 135
198 39 45
198 40 135
198 41 45
198 42 135
198 43 135
198 44 45
198 45 45
198 46 135
198 47 135
198 48 135
198 49 45
198 50 45
198 51 45
198 52 45
198 53 45
198 54 135
198 55 135
198 57 135
198 58 135
198 59 45
198 60 135
198 61 45
198 62 45
198 63 135
198 64 135
198 65 45
198 66 45
198 67 45
198 68 45
198 69 135
198 70 135
198 71 45
198 72 45
198 73 135
198 74 135
198 75 135
198 76 45
198 78 45
198 79 135
198 80 135
198 81 135
198 82 135
198 83 45
198 84 45
198 85 135
198 86 45
198 87 45
198 88 45
198 89 45
198 90 135
198 91 45
198 92 45
198 93 45
198 94 135
198 95 45
198 96 45
198 97 135
198 98 45
198 99 45
198 100 135
198 101 135
198 102 135
198 103 135
198 104 135
198 105 45
198 106 135
198 107 135
198 108 45
198 109 45
198 110 135
198 111 45
198 112 135
198 113 45
198 114 45
198 115 135
198 116 135
198 117 135
198 118 45
198 119 135
198 120 45
198 121 45
198 122 135
198 123 45
198 124 135
198 125 135
198 126 135
198 127 45
198 128 135
198 129 45
198 130 135
198 131 45
198 132 45
198 133 135
198 134 45
198 135 135
198 136 45
198 137 135
198 138 135
198 139 45
198 140 45
198 141 45
198 142 45
198 143 135
198 144 45
198 145 45
198 146 45
198 148 135
198 149 135
198 150 45
198 151 45
198 152 45
198 153 45
198 154 45
198 155 45
198 156 135
198 157 135
198 158 45
198 159 135
198 160 135
198 161 135
198 162 45
198 163 135
198 164 135
198 165 45
198 166 135
198 167 45
198 168 135
198 169 45
198 170 135
198 171 45
198 172 135
198 173 45
198 174 45
198 175 135
198 176 45
198 177 135
198 178 135
198 179 45
198 180 135
198 181 45
198 182 135
198 183 135
198 184 135
198 185 45
198 186 135
198 187 135
198 188 135
198 189 135
198 190 135
198 191 45
198 192 135
198 193 135
198 194 135
198 195 45
198 196 45
198 197 135
198 198 45
199 0 45
199 1 135
199 2 45
199 3 135
199 4 45
199 5 135
199 6 135
199 7 45
199 8 135
199 9 135
199 10 135
199 11 45
199 12 45
199 13 45
199 14 45
199 15 135
199 16 135
199 17 135
199 18 135
199 19 135
199 20 135
199 21 135
199 22 135
199 23 135
199 24 45
199 25 45
199 26 135
199 27 45
199 28 135
199 29 45
199 30 45
199 31 135
199 32 135
199 33 135
199 34 135
199 35 135
199 36 45
199 37 135
199 38 45
199 39 135
199 40 135
199 41 45
199 42 45
199 43 135
199 44 45
199 45 45
199 46 45
199 47 135
199 48 135
199 49 135
199 50 45
199 51 135
199 52 135
199 53 135
199 54 45
199 55 45
199 56 45
199 57 135
199 58 135
199 59 45
199 60 45
199 61 45
199 62 135
199 63 45
199 64 135
199 65 45
199 66 45
199 67 45
199 68 135
199 69 45
199 70 135
199 71 135
199 72 135
199 73 45
199 74 135
199 75 135
199 76 135
199 77 45
199 78 45
199 79 135
199 80 45
199 81 135
199 82 45
199 83 135
199 85 45
199 86 135
199 87 135
199 88 45
199 89 135
199 90 135
199 91 45
199 92 45
199 93 135
199 94 135
199 95 135
199 96 135
199 98 45
199 99 45
199 100 45
199 101 45
199 102 135
199 103 135
199 104 45
199 105 135
199 106 135
199 107 135
199 108 135
199 109 45
199 110 135
199 111 135
199 112 45
199 113 135
199 114 135
199 115 45
199 116 135
199 117 135
199 118 135
199 119 45
199 120 135
199 121 135
199 122 135
199 123 135
199 124 45
199 125 45
199 126 45
199 127 135
199 128 135
199 129 135
199 130 45
199 131 45
199 132 135
199 133 45
199 134 45
199 135 45
199 136 45
199 137 45
199 138 45
199 139 45
199 140 135
199 141 45
199 142 45
199 143 45
199 144 45
199 145 45
199 146 45
199 147 45
199 148 135
199 149 135
199 150 45
199 151 135
199 152 45
199 153 135
199 154 45
199 155 45
199 156 135
199 157 135
199 158 45
199 159 135
199 160 45
199 161 135
199 162 135
199 164 45
199 165 135
199 166 45
199 167 135
199 168 45
199 169 45
199 170 135
199 171 45
199 172 135
199 173 45
199 174 45
199 175 135
199 176 45
199 177 45
199 178 135
199 179 45
199 180 45
199 181 135
199 182 135
199 183 135
199 184 45
199 185 45
199 186 45
199 187 135
199 188 135
199 189 135
199 190 45
199 191 45
199 192 135
199 193 45
199 194 45
199 195 135
199 196 45
199 197 135
199 198 45
